seed,action,elapsed_s,heading_error_rad,world_y_angular_velocity_rad_s,distance_m,speed_m_s,motor_front_left,motor_front_right,motor_rear_right,motor_rear_left
0,1,0.02,-0.3744324743747711,0.3747783303260803,0.9851922988891602,0.2395947277545929,0.47065669298171997,0.4946005940437317,0.5085378885269165,0.5093358755111694
0,2,0.04,-0.38272881507873535,0.36834073066711426,0.9837811589241028,0.26866990327835083,0.45430946350097656,0.5330275893211365,0.47248023748397827,0.5404469966888428
0,3,0.06,-0.3908192813396454,0.35362106561660767,0.9818716645240784,0.2993336021900177,0.43472614884376526,0.5698765516281128,0.42049476504325867,0.5953382253646851
0,4,0.08,-0.39862656593322754,0.32770293951034546,0.9794819355010986,0.33141380548477173,0.41049617528915405,0.5934041738510132,0.3703543543815613,0.6507141590118408
0,5,0.1,-0.40604114532470703,0.29062896966934204,0.976638674736023,0.36467939615249634,0.39246973395347595,0.5901107788085938,0.3403064012527466,0.6886470317840576
0,6,0.12,-0.41297057271003723,0.2454560101032257,0.973373532295227,0.3985443413257599,0.39313846826553345,0.5559320449829102,0.340204656124115,0.697974681854248
0,7,0.14,-0.4193970263004303,0.19807317852973938,0.9697174429893494,0.4322942793369293,0.4163256287574768,0.5000391006469727,0.36859214305877686,0.6753415465354919
0,8,0.16,-0.42541739344596863,0.1565268635749817,0.9656955003738403,0.4654337763786316,0.4557413160800934,0.43969082832336426,0.4155142307281494,0.6214751601219177
0,9,0.18,-0.43124088644981384,0.12900227308273315,0.9613258838653564,0.49789613485336304,0.5000599026679993,0.3908438980579376,0.4678782522678375,0.5401805639266968
0,10,0.2,-0.4371318519115448,0.12077589333057404,0.9566223621368408,0.5298852324485779,0.5395497679710388,0.361834317445755,0.5158312916755676,0.4420367479324341
0,11,0.22,-0.44331681728363037,0.1319625973701477,0.9515941739082336,0.5614650249481201,0.5689776539802551,0.35333046317100525,0.5547078847885132,0.34636908769607544
0,12,0.24,-0.4499119520187378,0.15775595605373383,0.9462444186210632,0.5923393964767456,0.5863715410232544,0.3616505265235901,0.5815419554710388,0.27426427602767944
0,13,0.26,-0.4569053053855896,0.1906387209892273,0.9405676126480103,0.6219639182090759,0.5920454263687134,0.38273680210113525,0.5923176407814026,0.2383301854133606
0,14,0.28,-0.46418729424476624,0.22228261828422546,0.9345501065254211,0.6496225595474243,0.5868170261383057,0.4149555563926697,0.5832561254501343,0.24358054995536804
0,15,0.3,-0.471591055393219,0.24482481181621552,0.928169846534729,0.6743285655975342,0.5679972171783447,0.4583872854709625,0.5535506010055542,0.29581135511398315
0,16,0.32,-0.4789362847805023,0.25328606367111206,0.9213948845863342,0.6950736045837402,0.5289564728736877,0.5114313960075378,0.507175624370575,0.3974689543247223
0,17,0.34,-0.486074835062027,0.24913211166858673,0.9141916036605835,0.7120936512947083,0.4673866629600525,0.5665294528007507,0.45361781120300293,0.5216045379638672
0,18,0.36,-0.4929243326187134,0.2395075261592865,0.9065482020378113,0.7275750637054443,0.3963836431503296,0.6074776649475098,0.4067368805408478,0.6146911382675171
0,19,0.38,-0.49948224425315857,0.23146994411945343,0.8984898924827576,0.7439554929733276,0.33946719765663147,0.617521345615387,0.3799305856227875,0.6510793566703796
0,20,0.4,-0.5058275461196899,0.22922512888908386,0.8900695443153381,0.7625375390052795,0.31291380524635315,0.5939362049102783,0.37912529706954956,0.6404896378517151
0,21,0.42,-0.5121009945869446,0.2345980554819107,0.881345272064209,0.7835294008255005,0.31889820098876953,0.5492868423461914,0.4020470082759857,0.6008988618850708
0,22,0.44,-0.5184636116027832,0.24766965210437775,0.8723618388175964,0.8065260648727417,0.3500556945800781,0.5007877945899963,0.4416307508945465,0.5463809370994568
0,23,0.46,-0.525046169757843,0.26672884821891785,0.8631426095962524,0.8310050368309021,0.3959365487098694,0.4620046019554138,0.4877636134624481,0.48588594794273376
0,24,0.48,-0.5319011807441711,0.28827059268951416,0.853689432144165,0.8565767407417297,0.4467047154903412,0.4409436285495758,0.5297070145606995,0.42653173208236694
0,25,0.5,-0.5389742851257324,0.3076975345611572,0.8439870476722717,0.8829121589660645,0.49444618821144104,0.44065648317337036,0.559244692325592,0.37687018513679504
0,26,0.52,-0.546108603477478,0.3205068111419678,0.8340067863464355,0.9095970988273621,0.5327382683753967,0.4605160653591156,0.571739912033081,0.3468112349510193
0,27,0.54,-0.5530831217765808,0.323406845331192,0.8237099051475525,0.9361159801483154,0.5557668805122375,0.49775561690330505,0.5653833150863647,0.3450315296649933
0,28,0.56,-0.5596728920936584,0.3153015673160553,0.8130529522895813,0.9619640111923218,0.5578479170799255,0.5481182932853699,0.5408673882484436,0.3765535354614258
0,29,0.58,-0.5657100081443787,0.29808035492897034,0.8019979596138,0.9869051575660706,0.5340469479560852,0.6048218607902527,0.5017817616462708,0.4388490319252014
0,30,0.6,-0.5711246132850647,0.2762511670589447,0.7905299067497253,1.0112446546554565,0.48427245020866394,0.657334566116333,0.4549439251422882,0.5165696144104004
0,31,0.62,-0.575948178768158,0.2548348903656006,0.7786768078804016,1.0355709791183472,0.41973963379859924,0.6935023665428162,0.41029053926467896,0.587286651134491
0,32,0.64,-0.5802886486053467,0.23728683590888977,0.7665119767189026,1.0600383281707764,0.36143943667411804,0.705451488494873,0.3788130581378937,0.6375961303710938
0,33,0.66,-0.5843005776405334,0.22538144886493683,0.7541327476501465,1.084155559539795,0.3267882466316223,0.6930062770843506,0.36808156967163086,0.6671450138092041
0,34,0.68,-0.5881600975990295,0.22005526721477509,0.7416344285011292,1.1071463823318481,0.3210245966911316,0.6620277166366577,0.37970614433288574,0.6806167364120483
0,35,0.7000000000000001,-0.5920377969741821,0.22141945362091064,0.7290924191474915,1.1283358335494995,0.3405870795249939,0.6215940713882446,0.40994006395339966,0.681279718875885
0,36,0.72,-0.5960686802864075,0.22814957797527313,0.7165562510490417,1.147417664527893,0.3781859874725342,0.5819010734558105,0.450711190700531,0.6696099042892456
0,37,0.74,-0.6003224849700928,0.23735107481479645,0.7040548324584961,1.1645829677581787,0.4249421954154968,0.5523067712783813,0.4916267395019531,0.6447850465774536
0,38,0.76,-0.6047878861427307,0.24536189436912537,0.6916071176528931,1.1804144382476807,0.47179555892944336,0.5393481850624084,0.5236423015594482,0.6071790456771851
0,39,0.78,-0.6093766093254089,0.24900254607200623,0.6792347431182861,1.195556640625,0.510905385017395,0.5453628897666931,0.5414599180221558,0.5613702535629272
0,40,0.8,-0.6139500737190247,0.24649885296821594,0.6669702529907227,1.2103724479675293,0.5361614227294922,0.5682054758071899,0.5429496765136719,0.5178999304771423
0,41,0.8200000000000001,-0.618360698223114,0.23763538897037506,0.6548609137535095,1.2247767448425293,0.5434070229530334,0.6023232936859131,0.5279120802879333,0.4902952313423157
0,42,0.84,-0.6224953532218933,0.223336324095726,0.642969012260437,1.2382869720458984,0.5309621095657349,0.6408005952835083,0.49830758571624756,0.4884881377220154
0,43,0.86,-0.6263024806976318,0.20516613125801086,0.6313724517822266,1.2501755952835083,0.5001781582832336,0.6768854260444641,0.45908525586128235,0.5146838426589966
0,44,0.88,-0.6297958493232727,0.18485471606254578,0.620161771774292,1.2596276998519897,0.45678043365478516,0.7044639587402344,0.41791707277297974,0.5632023215293884
0,45,0.9,-0.6330309510231018,0.16389162838459015,0.6094346642494202,1.2658504247665405,0.41186633706092834,0.7185481786727905,0.3836921751499176,0.622481644153595
0,46,0.92,-0.6360719799995422,0.14350640773773193,0.5992847084999084,1.2681422233581543,0.3787393867969513,0.7162266373634338,0.3644741475582123,0.679133415222168
0,47,0.9400000000000001,-0.6389649510383606,0.12490241229534149,0.5897868275642395,1.2659636735916138,0.36651861667633057,0.6973896026611328,0.3654569387435913,0.722978413105011
0,48,0.96,-0.6417284607887268,0.10919640958309174,0.5809871554374695,1.2590230703353882,0.37699589133262634,0.6650475263595581,0.3874751627445221,0.7493213415145874
0,49,0.98,-0.6443563103675842,0.09706548601388931,0.5728973746299744,1.2473821640014648,0.4062793254852295,0.6254531145095825,0.4260706305503845,0.7571642398834229
0,50,1.0,-0.6468305587768555,0.08857419341802597,0.5654990673065186,1.2315727472305298,0.44726648926734924,0.5873738527297974,0.4717925786972046,0.7464646100997925
0,51,1.02,-0.6491413116455078,0.08334934711456299,0.5587568879127502,1.2126038074493408,0.49141526222229004,0.5597729086875916,0.5135018229484558,0.7170101404190063
0,52,1.04,-0.6513075828552246,0.08085890859365463,0.5526376366615295,1.1917383670806885,0.5306339859962463,0.5486565828323364,0.5429675579071045,0.6698514223098755
0,53,1.06,-0.6533868908882141,0.08055933564901352,0.5471258163452148,1.170092225074768,0.5586352944374084,0.554959237575531,0.5564825534820557,0.6111137270927429
0,54,1.08,-0.6554633975028992,0.0818294882774353,0.5422297120094299,1.1482702493667603,0.5712703466415405,0.5747103691101074,0.553460419178009,0.5543551445007324
0,55,1.1,-0.6576222777366638,0.08379159867763519,0.53797447681427,1.1262482404708862,0.5669073462486267,0.601393461227417,0.5352522134780884,0.5158601403236389
0,56,1.12,-0.6599251627922058,0.08519982546567917,0.5343906283378601,1.103512167930603,0.5464907884597778,0.6287227272987366,0.5052736401557922,0.5063458681106567
0,57,1.1400000000000001,-0.6623929738998413,0.08449702709913254,0.5315000414848328,1.0792980194091797,0.5130934715270996,0.6517952084541321,0.4691002368927002,0.5275266766548157
0,58,1.16,-0.6649929881095886,0.08018806576728821,0.52930748462677,1.052812099456787,0.47249364852905273,0.6667237281799316,0.4336855113506317,0.5728996992111206
0,59,1.18,-0.6676340699195862,0.0715910866856575,0.5277954339981079,1.0233975648880005,0.43401995301246643,0.6701732873916626,0.40621793270111084,0.6295201778411865
0,60,1.2,-0.6701780557632446,0.05944599211215973,0.5269213318824768,0.9906377792358398,0.40839898586273193,0.6597155332565308,0.39299675822257996,0.6821903586387634
0,61,1.22,-0.6724652051925659,0.045677550137043,0.5266162157058716,0.9544004201889038,0.402830570936203,0.6349719762802124,0.39796802401542664,0.7195274233818054
0,62,1.24,-0.6743460893630981,0.032543428242206573,0.5267872214317322,0.9148685336112976,0.41804689168930054,0.5988858938217163,0.4209906756877899,0.7365059852600098
0,63,1.26,-0.6757121682167053,0.021978121250867844,0.5273231863975525,0.8726020455360413,0.44908440113067627,0.5581519603729248,0.4568139910697937,0.7320311665534973
0,64,1.28,-0.6765301823616028,0.01532974187284708,0.5281115770339966,0.8285707831382751,0.48760533332824707,0.5217308402061462,0.49631771445274353,0.7059733271598816
0,65,1.3,-0.6768662929534912,0.013207078911364079,0.5290572047233582,0.7840124368667603,0.5248540043830872,0.4974803626537323,0.5304051041603088,0.6589847207069397
0,66,1.32,-0.6768848896026611,0.015350368805229664,0.5300998091697693,0.7400749325752258,0.5542333722114563,0.48901695013046265,0.5535480380058289,0.5955462455749512
0,67,1.34,-0.676807165145874,0.02062450721859932,0.5312159657478333,0.6974428296089172,0.5718847513198853,0.4949500262737274,0.5641013383865356,0.527481734752655
0,68,1.36,-0.6768426895141602,0.02731272019445896,0.5324053764343262,0.6561976671218872,0.5763097405433655,0.5105658769607544,0.5626078248023987,0.471835732460022
0,69,1.3800000000000001,-0.6771317720413208,0.03363916650414467,0.5336676239967346,0.6159504652023315,0.5681350827217102,0.5305377244949341,0.5505637526512146,0.4427627623081207
0,70,1.4000000000000001,-0.677719235420227,0.03806185722351074,0.5349887013435364,0.5760751366615295,0.5491182804107666,0.550757646560669,0.5301969647407532,0.4462634325027466
0,71,1.42,-0.6785547137260437,0.03923783823847771,0.5363317728042603,0.5359262228012085,0.5211314558982849,0.5684962868690491,0.5045741200447083,0.4801970422267914
0,72,1.44,-0.6795072555541992,0.036147333681583405,0.5376425981521606,0.49502697587013245,0.48704031109809875,0.581574559211731,0.4775677025318146,0.5346308350563049
0,73,1.46,-0.6803949475288391,0.028678569942712784,0.5388627052307129,0.45319586992263794,0.4527183771133423,0.5874717235565186,0.4536455571651459,0.5934358239173889
0,74,1.48,-0.6810294389724731,0.018197039142251015,0.5399413108825684,0.41054874658584595,0.42674827575683594,0.5833485126495361,0.43737053871154785,0.6407164335250854
0,75,1.5,-0.6812610626220703,0.007325194776058197,0.5408426523208618,0.367420494556427,0.4165298342704773,0.5675655007362366,0.4322929382324219,0.6672369241714478
0,76,1.52,-0.6810106635093689,-0.0010728019988164306,0.5415423512458801,0.3243067264556885,0.4244798421859741,0.5416094660758972,0.4395831227302551,0.6705548167228699
0,77,1.54,-0.6802842020988464,-0.005037421360611916,0.5420255661010742,0.2818268835544586,0.4473978281021118,0.51056969165802,0.45745962858200073,0.6515083909034729
0,78,1.56,-0.6791723370552063,-0.0042158979922533035,0.5422878265380859,0.24064454436302185,0.478315144777298,0.48147523403167725,0.4818638861179352,0.6122893691062927
0,79,1.58,-0.6778323650360107,0.00018383841961622238,0.5423396825790405,0.20132063329219818,0.5094670057296753,0.460452675819397,0.5079827308654785,0.5573969483375549
0,80,1.6,-0.6764505505561829,0.006079636514186859,0.5422071814537048,0.16420261561870575,0.5348535776138306,0.45057815313339233,0.5316947102546692,0.4955962300300598
0,81,1.62,-0.6751949191093445,0.011408448219299316,0.5419220924377441,0.1295108050107956,0.5512144565582275,0.4516390562057495,0.5500367879867554,0.43954217433929443
0,82,1.6400000000000001,-0.6741763353347778,0.014825290068984032,0.5415087342262268,0.09770555049180984,0.5578275918960571,0.4614804983139038,0.5608389973640442,0.4016931653022766
0,83,1.6600000000000001,-0.6734350919723511,0.01590120792388916,0.5409712195396423,0.0703808069229126,0.5555012226104736,0.4776608347892761,0.5625007748603821,0.39012759923934937
0,84,1.68,-0.6729458570480347,0.014751584269106388,0.5402868986129761,0.05266385152935982,0.5448631644248962,0.4982243776321411,0.554320216178894,0.4074472188949585
0,85,1.7,-0.6726312637329102,0.011437040753662586,0.5394108295440674,0.05379121005535126,0.5253963470458984,0.5213713645935059,0.5369285941123962,0.4503936469554901
0,86,1.72,-0.672378659248352,0.005677846260368824,0.5382903814315796,0.07248146831989288,0.4968942403793335,0.5445866584777832,0.5124402642250061,0.5083293914794922
0,87,1.74,-0.6720625758171082,-0.002734088571742177,0.5368897318840027,0.09857352077960968,0.4627136290073395,0.5639114379882812,0.484403133392334,0.5650588274002075
0,88,1.76,-0.6715731024742126,-0.013095645233988762,0.5352088212966919,0.12640340626239777,0.43111997842788696,0.5743840336799622,0.45758846402168274,0.6065927743911743
0,89,1.78,-0.6708396077156067,-0.023513605818152428,0.5332821011543274,0.15373773872852325,0.4117358922958374,0.5721613168716431,0.4371988773345947,0.6270717978477478
0,90,1.8,-0.6698426604270935,-0.031638216227293015,0.5311650037765503,0.1798066347837448,0.41023945808410645,0.5567763447761536,0.4274548888206482,0.6273372173309326
0,91,1.82,-0.6686139702796936,-0.03576137125492096,0.5289170145988464,0.20442907512187958,0.4262332618236542,0.5316788554191589,0.43040329217910767,0.6105369925498962
0,92,1.84,-0.6672268509864807,-0.035516299307346344,0.5265900492668152,0.22753490507602692,0.45436421036720276,0.5029662847518921,0.4454493224620819,0.5796544551849365
0,93,1.86,-0.6657819151878357,-0.031859707087278366,0.5242273807525635,0.24897883832454681,0.48691314458847046,0.4772269129753113,0.4695127606391907,0.5378618240356445
0,94,1.8800000000000001,-0.6643849611282349,-0.02645818516612053,0.5218649506568909,0.2685902416706085,0.5167277455329895,0.4594758152961731,0.49782341718673706,0.4902188181877136
0,95,1.9000000000000001,-0.663125216960907,-0.020939305424690247,0.5195335745811462,0.28630751371383667,0.5391535758972168,0.4520779550075531,0.5251824855804443,0.44455116987228394
0,96,1.92,-0.6620579361915588,-0.016428641974925995,0.5172540545463562,0.30225035548210144,0.5523134469985962,0.45501193404197693,0.5470311045646667,0.4101083278656006
0,97,1.94,-0.6611968874931335,-0.013490013778209686,0.5150299072265625,0.316692978143692,0.5562059283256531,0.4669525921344757,0.5599698424339294,0.3947957754135132
0,98,1.96,-0.6605185866355896,-0.01235684659332037,0.5128430724143982,0.3299955725669861,0.5512067079544067,0.48620426654815674,0.5620039701461792,0.4030528664588928
0,99,1.98,-0.6599708199501038,-0.013226548209786415,0.5106558203697205,0.34253624081611633,0.5368907451629639,0.5108458995819092,0.5526986122131348,0.43460044264793396
0,100,2.0,-0.6594829559326172,-0.016399754211306572,0.5084208250045776,0.35461366176605225,0.5125770568847656,0.5381985902786255,0.5331825017929077,0.482982337474823
0,101,2.02,-0.658976137638092,-0.02212749980390072,0.5061026215553284,0.36629852652549744,0.47993606328964233,0.5642098784446716,0.5061410069465637,0.535802960395813
0,102,2.04,-0.6583755016326904,-0.030209122225642204,0.5036970973014832,0.37735119462013245,0.4453326165676117,0.5836234092712402,0.47592514753341675,0.5798408389091492
0,103,2.06,-0.6576223969459534,-0.03971000015735626,0.501235842704773,0.38736698031425476,0.41831207275390625,0.5915694832801819,0.44825631380081177,0.6074797511100769
0,104,2.08,-0.6566850543022156,-0.04916190728545189,0.49877306818962097,0.39602744579315186,0.4067220687866211,0.585729718208313,0.4288819134235382,0.6178444027900696
0,105,2.1,-0.6555642485618591,-0.057102225720882416,0.496366947889328,0.4032055139541626,0.4132622182369232,0.5674208998680115,0.42180976271629333,0.6132509708404541
0,106,2.12,-0.6542925238609314,-0.06255196779966354,0.4940641224384308,0.40888452529907227,0.4353645145893097,0.541128933429718,0.4282943606376648,0.5958320498466492
0,107,2.14,-0.652927577495575,-0.06519471853971481,0.4918946921825409,0.41303741931915283,0.4668040871620178,0.5130871534347534,0.44672659039497375,0.566903293132782
0,108,2.16,-0.6515401601791382,-0.06525739282369614,0.4898763597011566,0.4155896008014679,0.5000329613685608,0.4894713759422302,0.4731147885322571,0.5285188555717468
0,109,2.18,-0.6501971483230591,-0.06325867027044296,0.48801931738853455,0.41648057103157043,0.5286139249801636,0.4746991693973541,0.5021377205848694,0.4853689670562744
0,110,2.2,-0.6489463448524475,-0.059824272990226746,0.4863281846046448,0.41575947403907776,0.5486403107643127,0.47054705023765564,0.5284990072250366,0.4452582597732544
0,111,2.22,-0.6478067636489868,-0.055649399757385254,0.4847973883152008,0.4136382043361664,0.5587241649627686,0.4764813780784607,0.5479006171226501,0.4172993302345276
0,112,2.24,-0.6467692255973816,-0.05154269188642502,0.4834063947200775,0.41047847270965576,0.5589979887008667,0.4907428026199341,0.5574288368225098,0.4089163541793823
0,113,2.2600000000000002,-0.6458027958869934,-0.04842483624815941,0.4821162819862366,0.40673694014549255,0.549778938293457,0.5112389922142029,0.5556982159614563,0.42360037565231323
0,114,2.2800000000000002,-0.644863486289978,-0.04720139130949974,0.4808737337589264,0.4028811752796173,0.5309688448905945,0.5356432795524597,0.5429259538650513,0.4594963788986206
0,115,2.3000000000000003,-0.6439007520675659,-0.04854752868413925,0.4796244502067566,0.3992519974708557,0.5032345056533813,0.560859739780426,0.5209646821022034,0.508440375328064
0,116,2.32,-0.6428621411323547,-0.05270100757479668,0.4783306419849396,0.3958991765975952,0.4703557789325714,0.582573413848877,0.49341055750846863,0.5577939748764038
0,117,2.34,-0.6416991949081421,-0.05935395509004593,0.4769846796989441,0.39254704117774963,0.43992048501968384,0.5958459377288818,0.4655442237854004,0.5961943864822388
0,118,2.36,-0.6403764486312866,-0.06770161539316177,0.475606232881546,0.3887786269187927,0.42036983370780945,0.5969823002815247,0.4433475732803345,0.618157684803009
0,119,2.38,-0.6388800740242004,-0.07664996385574341,0.47422826290130615,0.38426700234413147,0.4168758690357208,0.5853570103645325,0.43162286281585693,0.6234335899353027
0,120,2.4,-0.6372215747833252,-0.08506866544485092,0.4728812277317047,0.378854364156723,0.42963770031929016,0.5638121366500854,0.4325413405895233,0.613725483417511
0,121,2.42,-0.6354368925094604,-0.09195837378501892,0.4715852737426758,0.3724882900714874,0.45464202761650085,0.5376442670822144,0.4453694522380829,0.5907029509544373
0,122,2.44,-0.6335775256156921,-0.09651751071214676,0.4703487753868103,0.3651370406150818,0.48546019196510315,0.5129380822181702,0.4669572412967682,0.5563230514526367
0,123,2.46,-0.631698489189148,-0.09820158779621124,0.46917346119880676,0.35678136348724365,0.5153990983963013,0.49480724334716797,0.49263113737106323,0.5143992304801941
0,124,2.48,-0.629845142364502,-0.09685510396957397,0.4680560529232025,0.3474915027618408,0.539338231086731,0.4860787093639374,0.517349898815155,0.47175413370132446
0,125,2.5,-0.6280433535575867,-0.09288520365953445,0.46698784828186035,0.33752572536468506,0.5545236468315125,0.48703068494796753,0.5367291569709778,0.43741223216056824
0,126,2.52,-0.6262973546981812,-0.08733287453651428,0.46594884991645813,0.32736605405807495,0.5602116584777832,0.49621009826660156,0.5476267337799072,0.41982996463775635
0,127,2.54,-0.6245938539505005,-0.08172484487295151,0.4649045765399933,0.3176684081554413,0.5565816760063171,0.5115448832511902,0.5484243631362915,0.4241437315940857
0,128,2.56,-0.6229076385498047,-0.07770277559757233,0.4638065695762634,0.30913493037223816,0.5438017249107361,0.5308683514595032,0.5391721129417419,0.4506022036075592
0,129,2.58,-0.6212054491043091,-0.07655489444732666,0.4626002311706543,0.3022957146167755,0.5223404765129089,0.551654577255249,0.5215860605239868,0.49356669187545776
0,130,2.6,-0.619448721408844,-0.07884983718395233,0.4612395465373993,0.2972351610660553,0.49462783336639404,0.5704784989356995,0.49893754720687866,0.542008638381958
0,131,2.62,-0.6175969839096069,-0.08435413986444473,0.4597005546092987,0.2934803366661072,0.4662911891937256,0.5831084847450256,0.475789338350296,0.5836142301559448
0,132,2.64,-0.6156163811683655,-0.09221846610307693,0.45798662304878235,0.2902388870716095,0.4447348713874817,0.5858443379402161,0.4571927785873413,0.6101434230804443
0,133,2.66,-0.6134884357452393,-0.10125231742858887,0.4561202824115753,0.2868020832538605,0.43569427728652954,0.5773611068725586,0.4472315311431885,0.6190800666809082
0,134,2.68,-0.6112160086631775,-0.11015529185533524,0.45413151383399963,0.28277626633644104,0.44088268280029297,0.5595259666442871,0.4477655291557312,0.6115383505821228
0,135,2.7,-0.6088243722915649,-0.11767270416021347,0.4520479142665863,0.27805837988853455,0.4580313265323639,0.5366781949996948,0.45815402269363403,0.5899283289909363
0,136,2.72,-0.6063551902770996,-0.12271710485219955,0.44989049434661865,0.27270016074180603,0.48231416940689087,0.5140544772148132,0.4757504165172577,0.5572972893714905
0,137,2.74,-0.6038582921028137,-0.12452211230993271,0.44767308235168457,0.26682382822036743,0.5081455111503601,0.4961698055267334,0.49671471118927,0.5180052518844604
0,138,2.7600000000000002,-0.6013811230659485,-0.12284740805625916,0.4454036355018616,0.26065850257873535,0.5307680368423462,0.48569899797439575,0.5169170498847961,0.47839951515197754
0,139,2.7800000000000002,-0.598959743976593,-0.11815375834703445,0.44308313727378845,0.25463271141052246,0.5471385717391968,0.4832286834716797,0.5327323079109192,0.4461803734302521
0,140,2.8000000000000003,-0.5966139435768127,-0.11160926520824432,0.44070231914520264,0.24940499663352966,0.5559079647064209,0.4878470301628113,0.5415754318237305,0.4283726215362549
0,141,2.82,-0.5943464636802673,-0.10486312210559845,0.4382392466068268,0.24576963484287262,0.5567361116409302,0.4979977607727051,0.5422036051750183,0.429240882396698
0,142,2.84,-0.5921448469161987,-0.09963840991258621,0.4356604218482971,0.24444067478179932,0.5495845079421997,0.5119441747665405,0.5348371863365173,0.4490446448326111
0,143,2.86,-0.5899824500083923,-0.09726624190807343,0.43292567133903503,0.24574220180511475,0.5347543358802795,0.5276520848274231,0.5210855603218079,0.48335665464401245
0,144,2.88,-0.5878211855888367,-0.09832311421632767,0.4300019145011902,0.24933016300201416,0.5138545632362366,0.5424220561981201,0.5036985874176025,0.523435652256012
0,145,2.9,-0.5856184363365173,-0.10254187136888504,0.4268703758716583,0.2542048990726471,0.49074679613113403,0.5529012084007263,0.48618122935295105,0.5589932799339294
0,146,2.92,-0.583334743976593,-0.10901020467281342,0.4235347807407379,0.2591119706630707,0.47098177671432495,0.5559733510017395,0.4721875488758087,0.5822688341140747
0,147,2.94,-0.5809452533721924,-0.11648370325565338,0.4200199246406555,0.2630453109741211,0.45959505438804626,0.5501646399497986,0.4646511673927307,0.5901094675064087
0,148,2.96,-0.5784456729888916,-0.12365526705980301,0.41636011004447937,0.2655057907104492,0.45901963114738464,0.5364629030227661,0.4650019705295563,0.5831385850906372
0,149,2.98,-0.5758528709411621,-0.12934455275535583,0.4125921130180359,0.2664632797241211,0.4685492515563965,0.5179336667060852,0.4729034900665283,0.563971221446991
0,150,3.0,-0.5732021331787109,-0.13264331221580505,0.4087478518486023,0.2661779522895813,0.4851555824279785,0.4985262453556061,0.48651203513145447,0.5361469984054565
0,151,3.02,-0.5705388784408569,-0.13303805887699127,0.40485137701034546,0.265041708946228,0.5048237442970276,0.48181337118148804,0.5030167698860168,0.503950297832489
0,152,3.04,-0.5679096579551697,-0.13050822913646698,0.4009186923503876,0.26351022720336914,0.5237774848937988,0.470167338848114,0.5192856788635254,0.4724288284778595
0,153,3.06,-0.5653550624847412,-0.12555494904518127,0.39695656299591064,0.26209595799446106,0.5392201542854309,0.4645524322986603,0.5324832201004028,0.44691962003707886
0,154,3.08,-0.5629024505615234,-0.1191229522228241,0.39296266436576843,0.2613500952720642,0.5494692921638489,0.46482375264167786,0.540532112121582,0.4320046305656433
0,155,3.1,-0.5605630278587341,-0.11241611838340759,0.3889240324497223,0.2617891728878021,0.5536516904830933,0.4701949656009674,0.5423691272735596,0.430407851934433
0,156,3.12,-0.5583310127258301,-0.10664612054824829,0.3848205804824829,0.26376187801361084,0.5513337850570679,0.4795277416706085,0.5380163788795471,0.44223520159721375
0,157,3.14,-0.5561856627464294,-0.10276717692613602,0.3806283175945282,0.267287939786911,0.54249507188797,0.4913192093372345,0.5284989476203918,0.46461257338523865
0,158,3.16,-0.5540935397148132,-0.10126926004886627,0.3763270676136017,0.2719446122646332,0.5279895663261414,0.5035349130630493,0.5156494975090027,0.4919954538345337
0,159,3.18,-0.5520153641700745,-0.10209864377975464,0.37190794944763184,0.2769151031970978,0.5101229548454285,0.5136205554008484,0.5018435120582581,0.5176476240158081
0,160,3.2,-0.5499139428138733,-0.10472794622182846,0.3673780560493469,0.28124019503593445,0.4925958812236786,0.5189936757087708,0.4896635413169861,0.5359085202217102
0,161,3.22,-0.5477626919746399,-0.10832758247852325,0.36276018619537354,0.28414711356163025,0.47943785786628723,0.517927348613739,0.48145103454589844,0.5438172221183777
0,162,3.24,-0.545550525188446,-0.11195973306894302,0.3580870032310486,0.2852681577205658,0.4735304117202759,0.510272741317749,0.47880294919013977,0.5412038564682007
0,163,3.2600000000000002,-0.5432841777801514,-0.1147509440779686,0.35339367389678955,0.2846600413322449,0.47570905089378357,0.4975253939628601,0.4822003245353699,0.529743492603302
0,164,3.2800000000000002,-0.5409855246543884,-0.11602412909269333,0.34870994091033936,0.28267818689346313,0.4848180115222931,0.4822559058666229,0.49091294407844543,0.51195228099823
0,165,3.3000000000000003,-0.5386873483657837,-0.11538439989089966,0.3440597951412201,0.2798057794570923,0.4984038472175598,0.4672914445400238,0.5031929612159729,0.4906480014324188
0,166,3.3200000000000003,-0.5364261865615845,-0.11275747418403625,0.33945709466934204,0.27652594447135925,0.5135796070098877,0.45501866936683655,0.5166943669319153,0.46880924701690674
0,167,3.34,-0.5342369675636292,-0.10838188976049423,0.334909051656723,0.2732623219490051,0.5277218222618103,0.4469955563545227,0.5290002226829529,0.44948530197143555
0,168,3.36,-0.5321468710899353,-0.1027553454041481,0.33041539788246155,0.27036532759666443,0.538834810256958,0.44388899207115173,0.5380932688713074,0.43550416827201843
0,169,3.38,-0.5301723480224609,-0.09654609858989716,0.32597047090530396,0.26810356974601746,0.5455947518348694,0.445623517036438,0.542651891708374,0.42899224162101746
0,170,3.4,-0.5283160209655762,-0.09048239141702652,0.3215641677379608,0.266635000705719,0.5472320318222046,0.4515710771083832,0.5421597957611084,0.43088364601135254
0,171,3.42,-0.5265684127807617,-0.08523277938365936,0.31718534231185913,0.26595720648765564,0.5434587597846985,0.46065834164619446,0.536888837814331,0.4405834972858429
0,172,3.44,-0.5249090194702148,-0.08129438757896423,0.31282365322113037,0.2658625543117523,0.5345829129219055,0.4713861644268036,0.52781081199646,0.4559175372123718
0,173,3.46,-0.5233103632926941,-0.0789070576429367,0.30847427248954773,0.2659408748149872,0.5217679738998413,0.48186787962913513,0.5164668560028076,0.47352394461631775
0,174,3.48,-0.5217429995536804,-0.0780123844742775,0.30414074659347534,0.2656638026237488,0.507176399230957,0.49003544449806213,0.5047865509986877,0.4897162914276123
0,175,3.5,-0.5201810002326965,-0.07827236503362656,0.2998355031013489,0.26453855633735657,0.4936777651309967,0.4940755069255829,0.49482661485671997,0.5014938712120056
0,176,3.52,-0.5186070203781128,-0.07914251834154129,0.2955790162086487,0.26225948333740234,0.48408326506614685,0.4929603040218353,0.48841357231140137,0.5071759819984436
0,177,3.54,-0.5170150995254517,-0.07998449355363846,0.2913932204246521,0.2587815225124359,0.48027583956718445,0.4868015944957733,0.48675331473350525,0.5064148902893066
0,178,3.56,-0.5154116749763489,-0.08019232749938965,0.28729963302612305,0.25428950786590576,0.48270383477211,0.47683361172676086,0.4901375472545624,0.49980780482292175
0,179,3.58,-0.5138140320777893,-0.07930121570825577,0.2833152115345001,0.24909944832324982,0.49041667580604553,0.46504560112953186,0.49786195158958435,0.48850640654563904
0,180,3.6,-0.5122470259666443,-0.07706080377101898,0.2794516384601593,0.24355164170265198,0.5015089511871338,0.4536418318748474,0.5083942413330078,0.47404682636260986
0,181,3.62,-0.5107384324073792,-0.07346004992723465,0.27571502327919006,0.23794221878051758,0.5137196779251099,0.44453397393226624,0.5197421312332153,0.4583403468132019
0,182,3.64,-0.5093139410018921,-0.06870977580547333,0.27210742235183716,0.2325042188167572,0.5249536037445068,0.43901145458221436,0.5298959612846375,0.4436224400997162
0,183,3.66,-0.5079931616783142,-0.06319095939397812,0.2686290144920349,0.22741636633872986,0.5335853695869446,0.43763864040374756,0.5372011661529541,0.43221282958984375
0,184,3.68,-0.5067868828773499,-0.057388585060834885,0.2652759850025177,0.2228114902973175,0.5385379195213318,0.44032639265060425,0.5405809879302979,0.4261007010936737
0,185,3.7,-0.5056949853897095,-0.051816798746585846,0.26204216480255127,0.21876581013202667,0.5392348766326904,0.4464735686779022,0.5396198034286499,0.42648568749427795
0,186,3.72,-0.5047080516815186,-0.04694407060742378,0.2589209973812103,0.2152721881866455,0.5355579853057861,0.45508721470832825,0.5345605611801147,0.43341875076293945
0,187,3.74,-0.5038084387779236,-0.04312099888920784,0.2559061348438263,0.2122136503458023,0.5279014110565186,0.46485868096351624,0.5262514352798462,0.4456557333469391
0,188,3.7600000000000002,-0.5029730796813965,-0.040519360452890396,0.2529931962490082,0.20936068892478943,0.5173025727272034,0.4742427468299866,0.5160441994667053,0.4608270823955536
0,189,3.7800000000000002,-0.5021780133247375,-0.03909425064921379,0.2501823306083679,0.2064121514558792,0.5054963231086731,0.4816216230392456,0.5056308507919312,0.47596997022628784
0,190,3.8000000000000003,-0.5014020204544067,-0.038585200905799866,0.24747754633426666,0.20307636260986328,0.4946982264518738,0.48559966683387756,0.49679896235466003,0.48827725648880005
0,191,3.8200000000000003,-0.5006304383277893,-0.03856293112039566,0.2448875457048416,0.19915784895420074,0.4870736598968506,0.4853685796260834,0.4911159873008728,0.4957357347011566
0,192,3.84,-0.49985846877098083,-0.038517098873853683,0.24242302775382996,0.19460923969745636,0.48410892486572266,0.48098254203796387,0.4896003007888794,0.49739688634872437
0,193,3.86,-0.49909070134162903,-0.03796137124300003,0.24009421467781067,0.18952548503875732,0.4862004816532135,0.47338932752609253,0.4924812912940979,0.4933023452758789
0,194,3.88,-0.498340904712677,-0.036528732627630234,0.23790960013866425,0.18409553170204163,0.49263298511505127,0.46418410539627075,0.4991377294063568,0.48427972197532654
0,195,3.9,-0.4976291358470917,-0.03403176739811897,0.2358749657869339,0.17854318022727966,0.5018941760063171,0.45518916845321655,0.50824373960495,0.47178155183792114
0,196,3.92,-0.49697789549827576,-0.03047948144376278,0.2339933216571808,0.17308472096920013,0.5121421813964844,0.4480247497558594,0.5180770754814148,0.4577714800834656
0,197,3.94,-0.4964074492454529,-0.026056408882141113,0.2322644740343094,0.16791079938411713,0.5216313004493713,0.44381216168403625,0.5268875360488892,0.4445507228374481
0,198,3.96,-0.4959333837032318,-0.021078044548630714,0.23068593442440033,0.16317977011203766,0.5289747714996338,0.44306573271751404,0.5332145690917969,0.4344441890716553
0,199,3.98,-0.4955632984638214,-0.015936652198433876,0.22925269603729248,0.15900883078575134,0.5332307815551758,0.4457389712333679,0.536092221736908,0.42937397956848145
0,200,4.0,-0.495295912027359,-0.011044244281947613,0.22795701026916504,0.1554558277130127,0.5338848829269409,0.45133814215660095,0.5351423025131226,0.430433064699173
0,201,4.0200000000000005,-0.49512213468551636,-0.00677530188113451,0.22678948938846588,0.152497798204422,0.5308306217193604,0.45902493596076965,0.5305857062339783,0.4375775456428528
0,202,4.04,-0.49502629041671753,-0.0034103321377187967,0.2257400006055832,0.15001873672008514,0.5244187116622925,0.4676857888698578,0.5231935381889343,0.4495336711406708
0,203,4.0600000000000005,-0.49498865008354187,-0.0010858629830181599,0.2247995287179947,0.14781919121742249,0.5155535936355591,0.4760042428970337,0.5141840577125549,0.4640063941478729
0,204,4.08,-0.4949880540370941,0.00023820754722692072,0.2239622175693512,0.14565451443195343,0.5057154893875122,0.4826045036315918,0.5050588250160217,0.47821033000946045
0,205,4.1,-0.49500641226768494,0.0007802239269949496,0.22322548925876617,0.14329633116722107,0.4967617392539978,0.48630255460739136,0.49737557768821716,0.48956936597824097
0,206,4.12,-0.4950306713581085,0.0008992960792966187,0.22259029746055603,0.14059458673000336,0.4904877245426178,0.4864138960838318,0.4924713373184204,0.4962920844554901
0,207,4.14,-0.49505627155303955,0.0010237829992547631,0.22205974161624908,0.13751433789730072,0.4881207346916199,0.482982873916626,0.4911903440952301,0.4976087510585785
0,208,4.16,-0.49508678913116455,0.0015644524246454239,0.22163766622543335,0.13413237035274506,0.4899902939796448,0.47680652141571045,0.4936949610710144,0.49369651079177856
0,209,4.18,-0.49513399600982666,0.0028364467434585094,0.2213265597820282,0.13060210645198822,0.4955084025859833,0.4692271947860718,0.49942725896835327,0.4854741394519806
0,210,4.2,-0.495214581489563,0.005008554086089134,0.2211276739835739,0.1271062046289444,0.5034193396568298,0.46178218722343445,0.507239043712616,0.4744117558002472
0,211,4.22,-0.4953475892543793,0.008086238987743855,0.22104015946388245,0.12381672859191895,0.5121748447418213,0.45584821701049805,0.5156503915786743,0.4623708426952362
0,212,4.24,-0.49555012583732605,0.011923965066671371,0.22106076776981354,0.12086834758520126,0.5202816724777222,0.45239341259002686,0.52315753698349,0.45140522718429565
0,213,4.26,-0.4958353638648987,0.016257448121905327,0.22118426859378815,0.11834284663200378,0.5265281200408936,0.45187902450561523,0.5285043120384216,0.44347283244132996
0,214,4.28,-0.4962100088596344,0.020747223868966103,0.2214033305644989,0.11626026034355164,0.5300770401954651,0.4542834162712097,0.5308655500411987,0.44008398056030273
0,215,4.3,-0.49667322635650635,0.025028495118021965,0.22170834243297577,0.11457721143960953,0.5304787755012512,0.4591831862926483,0.5299347043037415,0.44197237491607666
0,216,4.32,-0.4972173273563385,0.02876507304608822,0.22208864986896515,0.11319497227668762,0.5276774764060974,0.46583569049835205,0.5259326100349426,0.4488832354545593
0,217,4.34,-0.4978286921977997,0.03170341998338699,0.22253352403640747,0.11197734624147415,0.5220526456832886,0.4732494354248047,0.5195572376251221,0.45955997705459595
0,218,4.36,-0.49848976731300354,0.033719874918460846,0.22303281724452972,0.11077503114938736,0.5144687294960022,0.4802713096141815,0.5118809938430786,0.4719840884208679
0,219,4.38,-0.49918249249458313,0.03484887257218361,0.2235790640115738,0.10945254564285278,0.5062403082847595,0.48573553562164307,0.5041970610618591,0.48384395241737366
0,220,4.4,-0.49989062547683716,0.03528164327144623,0.22416789829730988,0.10791483521461487,0.4989253878593445,0.4886855185031891,0.4978162348270416,0.4930844008922577
0,221,4.42,-0.5006029009819031,0.03533069044351578,0.22479741275310516,0.10612774640321732,0.4939612150192261,0.4886155128479004,0.4938332736492157,0.49832332134246826
0,222,4.44,-0.5013151168823242,0.03536762297153473,0.22546793520450592,0.10412494838237762,0.492281436920166,0.485629141330719,0.49290943145751953,0.49901020526885986
0,223,4.46,-0.502030611038208,0.03575042635202408,0.2261803299188614,0.10199698060750961,0.49408459663391113,0.4804314374923706,0.4951322674751282,0.49536511301994324
0,224,4.48,-0.5027590394020081,0.03675837814807892,0.22693561017513275,0.09986470639705658,0.49883806705474854,0.47414883971214294,0.4999998211860657,0.488223135471344
0,225,4.5,-0.5035147070884705,0.03854796662926674,0.22773340344429016,0.09784862399101257,0.5054815411567688,0.4680485427379608,0.5065364837646484,0.4788782596588135
0,226,4.5200000000000005,-0.5043140649795532,0.04113452881574631,0.2285727858543396,0.09604150801897049,0.5127226710319519,0.46325981616973877,0.5135067105293274,0.46893221139907837
0,227,4.54,-0.505172073841095,0.0443979874253273,0.22945088148117065,0.09449048340320587,0.519313633441925,0.4605775773525238,0.5196642279624939,0.46010544896125793
0,228,4.5600000000000005,-0.5060999989509583,0.04810723289847374,0.2303638458251953,0.09318923950195312,0.5242387652397156,0.4603780508041382,0.5239733457565308,0.45398539304733276
0,229,4.58,-0.5071035623550415,0.05195803567767143,0.23130583763122559,0.09208197146654129,0.5268048048019409,0.4626280963420868,0.5257619619369507,0.4517383575439453
0,230,4.6000000000000005,-0.5081824660301208,0.055620983242988586,0.23226988315582275,0.09107914566993713,0.5266703367233276,0.46694278717041016,0.524797260761261,0.453855037689209
0,231,4.62,-0.5093295574188232,0.05879367142915726,0.23324820399284363,0.09008237719535828,0.5238611698150635,0.472655326128006,0.5212937593460083,0.4600052833557129
0,232,4.64,-0.5105329155921936,0.06125280633568764,0.234232559800148,0.08901093155145645,0.5187951922416687,0.478890985250473,0.5158672332763672,0.4690655469894409
0,233,4.66,-0.5117772817611694,0.06289573758840561,0.2352162003517151,0.08782022446393967,0.5122883915901184,0.48466363549232483,0.5094403624534607,0.47934576869010925
0,234,4.68,-0.5130465626716614,0.06376189738512039,0.23619383573532104,0.08650849759578705,0.5054816007614136,0.4890192747116089,0.5031037926673889,0.4889744818210602
0,235,4.7,-0.5143265724182129,0.06402677297592163,0.2371627688407898,0.08511330932378769,0.49964290857315063,0.4912213981151581,0.4979376494884491,0.4963189661502838
0,236,4.72,-0.5156084895133972,0.06396662443876266,0.23812244832515717,0.0837024599313736,0.49587711691856384,0.4909304976463318,0.4948176145553589,0.50029456615448
0,237,4.74,-0.5168885588645935,0.0639040470123291,0.2390737682580948,0.08236207813024521,0.49484774470329285,0.4883047044277191,0.4942438304424286,0.5004873871803284
0,238,4.76,-0.5181697607040405,0.06414618343114853,0.24001947045326233,0.08118174225091934,0.4966249465942383,0.48397088050842285,0.4962402284145355,0.4971191883087158
0,239,4.78,-0.5194611549377441,0.06492950767278671,0.24096165597438812,0.08023729175329208,0.5007088780403137,0.4788709878921509,0.5003548860549927,0.49093568325042725
0,240,4.8,-0.5207749009132385,0.06638311594724655,0.24190212786197662,0.07957454025745392,0.5061977505683899,0.47403955459594727,0.5057625770568848,0.48307427763938904
0,241,4.82,-0.5221248269081116,0.06851255893707275,0.24284175038337708,0.07919742912054062,0.5120202302932739,0.47038698196411133,0.5114401578903198,0.47491806745529175
0,242,4.84,-0.5235232710838318,0.07120406627655029,0.24378108978271484,0.07906389981508255,0.5171526074409485,0.4685456454753876,0.5163667798042297,0.4679132103919983
0,243,4.86,-0.5249792337417603,0.07424699515104294,0.24471881985664368,0.07909183204174042,0.5207710266113281,0.46880054473876953,0.5197022557258606,0.4633442759513855
0,244,4.88,-0.5264971852302551,0.07737025618553162,0.24565236270427704,0.07917588949203491,0.5223321914672852,0.471090704202652,0.5209125280380249,0.46209651231765747
0,245,4.9,-0.5280755162239075,0.08028651028871536,0.24657796323299408,0.07921350002288818,0.5216084718704224,0.47505223751068115,0.5198341012001038,0.4644615352153778
0,246,4.92,-0.5297074913978577,0.08274131268262863,0.247491255402565,0.0791330635547638,0.5187047123908997,0.48007944226264954,0.5166810750961304,0.4700469970703125
0,247,4.94,-0.5313817262649536,0.08455757796764374,0.24838778376579285,0.07891479134559631,0.5140671730041504,0.4853998124599457,0.5120031833648682,0.47783443331718445
0,248,4.96,-0.5330848693847656,0.08566879481077194,0.24926386773586273,0.07859600335359573,0.5084590315818787,0.490174263715744,0.5065990090370178,0.48639294505119324
0,249,4.98,-0.5348032712936401,0.08613122999668121,0.250117689371109,0.07825860381126404,0.5028642416000366,0.49363139271736145,0.5013893246650696,0.49419867992401123
0,250,5.0,-0.5365257263183594,0.08611217886209488,0.2509487569332123,0.07800494879484177,0.4983045756816864,0.4952211380004883,0.4972611367702484,0.49996083974838257
0,251,5.0200000000000005,-0.538245439529419,0.08585654199123383,0.2517586350440979,0.07793155312538147,0.49560782313346863,0.49474549293518066,0.4949052631855011,0.5028515458106995
0,252,5.04,-0.5399600267410278,0.08563696593046188,0.2525506019592285,0.07810881733894348,0.4952094554901123,0.4924158751964569,0.49468308687210083,0.5025955438613892
0,253,5.0600000000000005,-0.5416733026504517,0.08570396155118942,0.2533281743526459,0.07856956869363785,0.497061163187027,0.4888072907924652,0.4965569078922272,0.499443918466568
0,254,5.08,-0.5433924794197083,0.08624108880758286,0.2540951669216156,0.07930601388216019,0.5006729364395142,0.4847228527069092,0.5001038908958435,0.4940847158432007
0,255,5.1000000000000005,-0.545128583908081,0.0873362347483635,0.25485503673553467,0.08027268201112747,0.5052577257156372,0.4810129404067993,0.5046098828315735,0.48752716183662415
0,256,5.12,-0.5468924045562744,0.08897168934345245,0.2556105852127075,0.08139315992593765,0.5099186897277832,0.47840502858161926,0.5092170238494873,0.48096248507499695
0,257,5.14,-0.5486937761306763,0.09103056788444519,0.2563633322715759,0.08256982266902924,0.5138208866119385,0.47738438844680786,0.5130878686904907,0.47559377551078796
0,258,5.16,-0.5505388975143433,0.09332047402858734,0.25711387395858765,0.083697110414505,0.5163132548332214,0.478139728307724,0.51554936170578,0.472438782453537
0,259,5.18,-0.5524297952651978,0.09560645371675491,0.25786128640174866,0.08467873185873032,0.516997754573822,0.4805644750595093,0.5161951184272766,0.47213688492774963
0,260,5.2,-0.5543640851974487,0.09765218198299408,0.2586035132408142,0.08544686436653137,0.5157617926597595,0.4842941462993622,0.5149364471435547,0.4748067557811737
0,261,5.22,-0.5563342571258545,0.09926081448793411,0.2593381702899933,0.08597870171070099,0.5127902030944824,0.4887648820877075,0.5120049118995667,0.48000168800354004
0,262,5.24,-0.5583305358886719,0.10030970722436905,0.2600626051425934,0.08630304783582687,0.5085561275482178,0.49329107999801636,0.5079095959663391,0.48679038882255554
0,263,5.26,-0.5603417754173279,0.1007734090089798,0.26077499985694885,0.08649325370788574,0.503772497177124,0.4971662163734436,0.5033540725708008,0.4939558207988739
0,264,5.28,-0.5623566508293152,0.10072630643844604,0.2614746391773224,0.0866471379995346,0.49928268790245056,0.4997846782207489,0.49911922216415405,0.5002602338790894
0,265,5.3,-0.5643667578697205,0.10032860934734344,0.26216232776641846,0.08686099946498871,0.49589431285858154,0.5007649064064026,0.4959256052970886,0.5046961307525635
0,266,5.32,-0.566367506980896,0.09979221969842911,0.2628404498100281,0.0872076153755188,0.4941982626914978,0.5000383257865906,0.49429967999458313,0.5066545009613037
0,267,5.34,-0.5683582425117493,0.09934046119451523,0.2635120749473572,0.08772340416908264,0.49443358182907104,0.49787068367004395,0.4944729804992676,0.5059863328933716
0,268,5.36,-0.5703428387641907,0.09916643798351288,0.2641809582710266,0.08840632438659668,0.4964451491832733,0.4948021471500397,0.49634021520614624,0.5029787421226501
0,269,5.38,-0.5723282694816589,0.09939948469400406,0.2648507356643677,0.08922111988067627,0.499741792678833,0.4915245771408081,0.49948737025260925,0.4982800781726837
0,270,5.4,-0.5743229389190674,0.10008572787046432,0.26552459597587585,0.09010785818099976,0.5036259293556213,0.4887329041957855,0.5032810568809509,0.49279505014419556
0,271,5.42,-0.5763357877731323,0.10118352621793747,0.2662048935890198,0.09099079668521881,0.5073463916778564,0.48699188232421875,0.5069965720176697,0.4875534772872925
0,272,5.44,-0.5783739686012268,0.10257411003112793,0.2668929398059845,0.09178775548934937,0.5102345943450928,0.4866468906402588,0.5099531412124634,0.4835517108440399
0,273,5.46,-0.5804417133331299,0.10408491641283035,0.2675885856151581,0.09242069721221924,0.5117999911308289,0.48778650164604187,0.5116297006607056,0.48158028721809387
0,274,5.48,-0.5825385451316833,0.10551969707012177,0.26829078793525696,0.09282846003770828,0.5117846727371216,0.4902498424053192,0.5117445588111877,0.4820684492588043
0,275,5.5,-0.5846613049507141,0.10669371485710144,0.2689974009990692,0.09297952800989151,0.5101872682571411,0.4936647117137909,0.5102910399436951,0.48498615622520447
0,276,5.5200000000000005,-0.5868032574653625,0.10746561735868454,0.26970571279525757,0.09288112074136734,0.5072640180587769,0.4975073039531708,0.5075310468673706,0.48983755707740784
0,277,5.54,-0.5889557003974915,0.1077633947134018,0.27041324973106384,0.0925796627998352,0.5035020709037781,0.5011807084083557,0.5039481520652771,0.4957597851753235
0,278,5.5600000000000005,-0.5911091566085815,0.10759665071964264,0.2711181342601776,0.09215053170919418,0.49955302476882935,0.5041108727455139,0.5001651048660278,0.5017078518867493
0,279,5.58,-0.5932552814483643,0.10705395042896271,0.27181947231292725,0.09168022871017456,0.49612030386924744,0.505850613117218,0.49683573842048645,0.5066757798194885
0,280,5.6000000000000005,-0.5953881144523621,0.10628436505794525,0.2725178897380829,0.09124630689620972,0.49381551146507263,0.5061722993850708,0.4945259690284729,0.5098899006843567
0,281,5.62,-0.5975050926208496,0.10546870529651642,0.27321475744247437,0.09090226888656616,0.4930236339569092,0.5051196813583374,0.49360784888267517,0.5109307169914246
0,282,5.64,-0.5996068120002747,0.10478343814611435,0.27391257882118225,0.0906703919172287,0.4938201904296875,0.503000795841217,0.49418967962265015,0.5097708702087402
0,283,5.66,-0.6016975045204163,0.10437008738517761,0.2746136486530304,0.09054239839315414,0.4959668517112732,0.500318706035614,0.4961000680923462,0.5067481398582458
0,284,5.68,-0.6037834882736206,0.10431024432182312,0.2753203809261322,0.09048474580049515,0.4989807605743408,0.4976615309715271,0.4989285469055176,0.502494752407074
0,285,5.7,-0.6058719158172607,0.10461422801017761,0.27603471279144287,0.09044581651687622,0.5022500157356262,0.4955812692642212,0.5021120309829712,0.49783623218536377
0,286,5.72,-0.6079697608947754,0.1052222028374672,0.2767576277256012,0.09036323428153992,0.5051584243774414,0.4944932460784912,0.5050452947616577,0.4936635196208954
0,287,5.74,-0.6100819706916809,0.10601814091205597,0.27748894691467285,0.09017213433980942,0.5071907639503479,0.49461355805397034,0.5071914792060852,0.49078598618507385
0,288,5.76,-0.6122106313705444,0.10685033351182938,0.27822768688201904,0.08981481194496155,0.5080044269561768,0.49593910574913025,0.5081723928451538,0.4897838532924652
0,289,5.78,-0.6143547892570496,0.10755951702594757,0.2789718210697174,0.08925120532512665,0.5074687600135803,0.49826285243034363,0.5078254342079163,0.49089041352272034
0,290,5.8,-0.6165106296539307,0.1080079898238182,0.27971765398979187,0.08846857398748398,0.5056771636009216,0.5012147426605225,0.5062234997749329,0.49393683671951294
0,291,5.82,-0.6186718344688416,0.10810209810733795,0.2804625630378723,0.08748648315668106,0.5029351711273193,0.504321813583374,0.5036572813987732,0.4983811676502228
0,292,5.84,-0.6208311915397644,0.10781068354845047,0.281203955411911,0.08635412156581879,0.4997197687625885,0.5070837736129761,0.5005829334259033,0.5034214854240417
0,293,5.86,-0.6229811906814575,0.1071694865822792,0.2819393277168274,0.085139699280262,0.49660301208496094,0.5090582966804504,0.4975416660308838,0.5081667304039001
0,294,5.88,-0.6251158714294434,0.10627385228872299,0.28266772627830505,0.08391525596380234,0.4941456913948059,0.5099444389343262,0.49506255984306335,0.5118184089660645
0,295,5.9,-0.6272311210632324,0.10525883734226227,0.2833891808986664,0.08274157345294952,0.49278098344802856,0.5096453428268433,0.4935644865036011,0.5138158798217773
0,296,5.92,-0.629326343536377,0.10427425801753998,0.28410446643829346,0.0816577896475792,0.4927216172218323,0.5082900524139404,0.4932783544063568,0.5139181613922119
0,297,5.94,-0.6314030289649963,0.1034553050994873,0.28481525182724,0.08067721873521805,0.49391886591911316,0.5062058568000793,0.4942057728767395,0.5122194886207581
0,298,5.96,-0.6334658861160278,0.1028989851474762,0.28552326560020447,0.07978851348161697,0.49608421325683594,0.503846287727356,0.4961245656013489,0.5091132521629333
0,299,5.98,-0.6355205178260803,0.10264826565980911,0.28622967004776,0.07895993441343307,0.4987630844116211,0.501695454120636,0.49863797426223755,0.5052189826965332
0,300,6.0,-0.6375730037689209,0.10268692672252655,0.28693562746047974,0.07814528048038483,0.5014347434043884,0.500173032283783,0.5012555122375488,0.5012807250022888
0,301,6.0200000000000005,-0.639628529548645,0.10294406861066818,0.2876409888267517,0.0772905945777893,0.5036113262176514,0.4995621144771576,0.503486692905426,0.4980453550815582
0,302,6.04,-0.641690731048584,0.10330993682146072,0.2883448898792267,0.0763421505689621,0.5049166083335876,0.4999695122241974,0.5049281716346741,0.4961323142051697
0,303,6.0600000000000005,-0.6437602639198303,0.10365518182516098,0.2890457808971405,0.07525576651096344,0.50513756275177,0.501320481300354,0.5053304433822632,0.4959164559841156
0,304,6.08,-0.6458354592323303,0.10385454446077347,0.28974097967147827,0.07400589436292648,0.5042481422424316,0.5033804178237915,0.5046349763870239,0.4974507987499237
0,305,6.1000000000000005,-0.6479125618934631,0.10380880534648895,0.29042720794677734,0.07259264588356018,0.5024104714393616,0.5057978630065918,0.5029782056808472,0.5004521012306213
0,306,6.12,-0.6499859094619751,0.10346315056085587,0.2911016047000885,0.07104332000017166,0.49995121359825134,0.508162260055542,0.500664234161377,0.5043582916259766
0,307,6.140000000000001,-0.6520494222640991,0.10281644016504288,0.29176172614097595,0.06940753012895584,0.49731114506721497,0.5100727677345276,0.49810969829559326,0.5084475874900818
0,308,6.16,-0.6540976166725159,0.10192032903432846,0.292405903339386,0.06774663180112839,0.4949684143066406,0.5112099051475525,0.4957684576511383,0.5119882822036743
0,309,6.18,-0.6561262607574463,0.1008700579404831,0.2930334508419037,0.06612054258584976,0.49334558844566345,0.5113972425460815,0.49404847621917725,0.5143815875053406
0,310,6.2,-0.6581332683563232,0.09978420287370682,0.29364490509033203,0.06457650661468506,0.4927222728729248,0.5106378197669983,0.4932364821434021,0.5152633786201477
0,311,6.22,-0.6601190567016602,0.09878288954496384,0.2942410111427307,0.06314161419868469,0.4931781589984894,0.5091134309768677,0.49344563484191895,0.5145519375801086
0,312,6.24,-0.6620862483978271,0.09796507656574249,0.2948235869407654,0.06182064861059189,0.49458226561546326,0.5071451663970947,0.49459806084632874,0.5124430060386658
0,313,6.26,-0.664039134979248,0.09739228338003159,0.2953941524028778,0.06059718877077103,0.49663010239601135,0.5051249265670776,0.49644482135772705,0.5093643069267273
0,314,6.28,-0.6659830212593079,0.09707798808813095,0.2959536612033844,0.059438034892082214,0.4989142119884491,0.5034361481666565,0.49861857295036316,0.5058996677398682
0,315,6.3,-0.6679227948188782,0.09698805958032608,0.296502947807312,0.05829878896474838,0.5010071396827698,0.5023823380470276,0.5007057785987854,0.5026907920837402
0,316,6.32,-0.6698624491691589,0.0970478281378746,0.2970416843891144,0.05713082477450371,0.5025381445884705,0.5021378397941589,0.5023234486579895,0.5003279447555542
0,317,6.34,-0.6718041300773621,0.09715721011161804,0.2975690960884094,0.055889710783958435,0.503250241279602,0.5027263760566711,0.5031859874725342,0.49924302101135254
0,318,6.36,-0.6737477779388428,0.09720882028341293,0.2980833351612091,0.05454367771744728,0.5030345916748047,0.5040256381034851,0.503150999546051,0.4996270537376404
0,319,6.38,-0.6756911277770996,0.09710656851530075,0.2985823154449463,0.05308118462562561,0.5019424557685852,0.5057937502861023,0.5022395849227905,0.5013907551765442
0,320,6.4,-0.6776305437088013,0.0967840775847435,0.299063503742218,0.05151467025279999,0.5001758337020874,0.5077114105224609,0.5006284117698669,0.5041822791099548
0,321,6.42,-0.6795612573623657,0.09621511399745941,0.29952484369277954,0.04987909644842148,0.4980557858943939,0.5094360709190369,0.4986155927181244,0.5074609518051147
0,322,6.44,-0.6814785003662109,0.09541860222816467,0.299964964389801,0.0482250340282917,0.49596840143203735,0.5106611251831055,0.49656641483306885,0.510610044002533
0,323,6.46,-0.6833779811859131,0.09445464611053467,0.30038294196128845,0.04660804942250252,0.49429401755332947,0.5111726522445679,0.49484655261039734,0.5130601525306702
0,324,6.48,-0.6852569580078125,0.0934121161699295,0.30077922344207764,0.04507734626531601,0.4933318793773651,0.5108908414840698,0.49375486373901367,0.5143942832946777
0,325,6.5,-0.6871150135993958,0.0923912301659584,0.3011549115180969,0.04366704076528549,0.49323976039886475,0.509885847568512,0.4934687614440918,0.5144139528274536
0,326,6.5200000000000005,-0.6889533400535583,0.09148487448692322,0.3015114665031433,0.04239107295870781,0.49400442838668823,0.508362352848053,0.4940132796764374,0.5131595134735107
0,327,6.54,-0.6907749772071838,0.0907626748085022,0.301850825548172,0.04124268889427185,0.49545061588287354,0.5066161751747131,0.49526023864746094,0.5108907222747803
0,328,6.5600000000000005,-0.692584216594696,0.09025783836841583,0.30217429995536804,0.04019700735807419,0.49728405475616455,0.5049729347229004,0.49695685505867004,0.5080351233482361
0,329,6.58,-0.6943855881690979,0.0899638831615448,0.30248361825942993,0.03921602666378021,0.4991545081138611,0.5037254095077515,0.4987768530845642,0.505112886428833
0,330,6.6000000000000005,-0.6961824893951416,0.08983642607927322,0.3027792274951935,0.03825538232922554,0.5007227063179016,0.5030813217163086,0.5003828406333923,0.5026481747627258
0,331,6.62,-0.6979779005050659,0.08980239927768707,0.3030610978603363,0.037272050976753235,0.5017181038856506,0.5031319260597229,0.5014873147010803,0.5010767579078674
0,332,6.640000000000001,-0.6997731328010559,0.08977420628070831,0.3033285439014435,0.03623243421316147,0.5019793510437012,0.5038430690765381,0.5019016861915588,0.5006661415100098
0,333,6.66,-0.7015671133995056,0.08966483175754547,0.30358025431632996,0.035119425505399704,0.5014756321907043,0.505066454410553,0.5015661120414734,0.5014644265174866
0,334,6.68,-0.7033576965332031,0.08940405398607254,0.3038145899772644,0.03393687307834625,0.5003085732460022,0.5065681338310242,0.5005559921264648,0.5032910108566284
0,335,6.7,-0.7051411867141724,0.08895056694746017,0.30403006076812744,0.03270963951945305,0.4986952841281891,0.5080692172050476,0.4990658164024353,0.505774199962616
0,336,6.72,-0.7069137096405029,0.08829943090677261,0.3042254149913788,0.031478751450777054,0.49693214893341064,0.5092939734458923,0.497372567653656,0.5084283947944641
0,337,6.74,-0.7086714506149292,0.08748189359903336,0.30440011620521545,0.03029250167310238,0.4953423738479614,0.5100190043449402,0.4957847595214844,0.5107525587081909
0,338,6.76,-0.7104117274284363,0.08655902743339539,0.30455464124679565,0.029195843264460564,0.494214802980423,0.5101150870323181,0.49458593130111694,0.5123258829116821
0,339,6.78,-0.7121329307556152,0.08561035990715027,0.3046899139881134,0.02822096087038517,0.4937470853328705,0.5095716118812561,0.4939829707145691,0.5128816366195679
0,340,6.8,-0.713835597038269,0.08471796661615372,0.30480724573135376,0.02738150581717491,0.4940071702003479,0.5084983110427856,0.4940687417984009,0.5123452544212341
0,341,6.82,-0.7155213952064514,0.0839514434337616,0.30490878224372864,0.026671240106225014,0.4949234127998352,0.5071012377738953,0.49480748176574707,0.5108368992805481
0,342,6.84,-0.7171935439109802,0.083356112241745,0.30499646067619324,0.02606663852930069,0.4963041841983795,0.5056403279304504,0.49604490399360657,0.5086423754692078
0,343,6.86,-0.7188555002212524,0.082945317029953,0.3050718307495117,0.025532295927405357,0.4978809654712677,0.504377543926239,0.4975404739379883,0.5061600804328918
0,344,6.88,-0.7205110192298889,0.08269928395748138,0.305136114358902,0.025027727708220482,0.4993623197078705,0.5035281777381897,0.49901455640792847,0.5038310885429382
0,345,6.9,-0.7221627831459045,0.08256985247135162,0.30518990755081177,0.02451447583734989,0.5004867315292358,0.5032246112823486,0.5002004504203796,0.502062976360321
0,346,6.92,-0.7238126993179321,0.08248945325613022,0.30523303151130676,0.02396279014647007,0.5010656714439392,0.5034973621368408,0.5008916854858398,0.501156210899353
0,347,6.94,-0.7254608869552612,0.08238375186920166,0.30526500940322876,0.02335704304277897,0.5010112524032593,0.504274845123291,0.5009766221046448,0.5012496709823608
0,348,6.96,-0.7271062135696411,0.0821850448846817,0.3052848279476166,0.022698774933815002,0.5003471374511719,0.5053989887237549,0.5004551410675049,0.5022938251495361
0,349,6.98,-0.7287461757659912,0.08184453845024109,0.30529117584228516,0.022006340324878693,0.49920350313186646,0.5066544413566589,0.49943581223487854,0.5040624141693115
0,350,7.0,-0.7303777933120728,0.08134030550718307,0.3052833080291748,0.021310636773705482,0.497794508934021,0.5078058838844299,0.49811428785324097,0.506198525428772
0,351,7.0200000000000005,-0.7319976687431335,0.08068165928125381,0.30526065826416016,0.020647289231419563,0.4963809847831726,0.5086396932601929,0.49673691391944885,0.5082876682281494
0,352,7.04,-0.7336030006408691,0.07990612834692001,0.3052237331867218,0.020047666504979134,0.49522289633750916,0.5090025067329407,0.4955553710460663,0.5099384784698486
0,353,7.0600000000000005,-0.7351922988891602,0.07907223701477051,0.30517271161079407,0.019531244412064552,0.49452951550483704,0.5088301301002502,0.4947805404663086,0.5108547806739807
0,354,7.08,-0.7367649674415588,0.07824809849262238,0.3051086962223053,0.019101783633232117,0.4944190979003906,0.5081587433815002,0.4945444166660309,0.5108844041824341
0,355,7.1000000000000005,-0.7383217215538025,0.07749895751476288,0.3050340712070465,0.0187479667365551,0.49489715695381165,0.5071169137954712,0.4948771893978119,0.5100382566452026
0,356,7.12,-0.7398649454116821,0.07687484472990036,0.3049500286579132,0.018447445705533028,0.49585917592048645,0.5058984756469727,0.49570420384407043,0.5084812641143799
0,357,7.140000000000001,-0.7413970232009888,0.07640278339385986,0.3048584461212158,0.018172292038798332,0.4971154034137726,0.5047235488891602,0.49686262011528015,0.5064982771873474
0,358,7.16,-0.7429213523864746,0.07608196884393692,0.304760605096817,0.017894573509693146,0.4984305202960968,0.5037961006164551,0.4981342852115631,0.5044426918029785
0,359,7.18,-0.7444406151771545,0.07588539272546768,0.3046574294567108,0.01759086735546589,0.4995688199996948,0.5032674670219421,0.49928733706474304,0.502674400806427
0,360,7.2,-0.7459568381309509,0.07576491683721542,0.30454936623573303,0.017245911061763763,0.5003352761268616,0.503212034702301,0.500118613243103,0.5014962553977966
0,361,7.22,-0.7474708557128906,0.0756603330373764,0.3044356405735016,0.01685502380132675,0.5006067156791687,0.503617525100708,0.500488817691803,0.5010994076728821
0,362,7.24,-0.7489823698997498,0.07551108300685883,0.30431583523750305,0.016424989327788353,0.5003498792648315,0.5043908357620239,0.5003455281257629,0.5015286207199097
0,363,7.26,-0.7504900097846985,0.0752667486667633,0.3041890859603882,0.015972759574651718,0.49962443113327026,0.5053762793540955,0.4997299015522003,0.5026743412017822
0,364,7.28,-0.751991331577301,0.07489549368619919,0.3040545582771301,0.015521574765443802,0.49857214093208313,0.5063835978507996,0.4987669289112091,0.5042961239814758
0,365,7.3,-0.7534839510917664,0.07439006865024567,0.3039114475250244,0.015094813890755177,0.497391939163208,0.5072215795516968,0.49764174222946167,0.5060713291168213
0,366,7.32,-0.7549651861190796,0.07376856356859207,0.30375972390174866,0.014709517359733582,0.4963042438030243,0.5077321529388428,0.4965648651123047,0.5076589584350586
0,367,7.34,-0.7564331889152527,0.07307052612304688,0.3035995066165924,0.014371749013662338,0.49550992250442505,0.5078191757202148,0.49573376774787903,0.5087642073631287
0,368,7.36,-0.7578869462013245,0.07234958559274673,0.30343183875083923,0.01407578308135271,0.4951520264148712,0.507466197013855,0.495296835899353,0.5091907382011414
0,369,7.38,-0.7593265771865845,0.07166264206171036,0.3032577633857727,0.013807153329253197,0.49528902769088745,0.5067384243011475,0.495326966047287,0.5088708400726318
0,370,7.4,-0.7607534527778625,0.07105934619903564,0.30307888984680176,0.013547783717513084,0.4958855211734772,0.5057686567306519,0.49580979347229004,0.507871687412262
0,371,7.42,-0.7621694803237915,0.07057426869869232,0.30289649963378906,0.013281211256980896,0.49682244658470154,0.5047303438186646,0.4966488182544708,0.5063782334327698
0,372,7.44,-0.7635772824287415,0.07022018730640411,0.3027118146419525,0.012996343895792961,0.4979231059551239,0.5038033723831177,0.49768537282943726,0.5046578049659729
0,373,7.46,-0.7649793028831482,0.06998677551746368,0.30252546072006226,0.012689617462456226,0.49898838996887207,0.5031408667564392,0.4987297058105469,0.5030121207237244
0,374,7.48,-0.7663775682449341,0.06984367221593857,0.3023380637168884,0.012365729548037052,0.4998333752155304,0.5028423070907593,0.49959659576416016,0.5017239451408386
0,375,7.5,-0.7677735090255737,0.06974537670612335,0.30214962363243103,0.012037336826324463,0.5003185868263245,0.5029386281967163,0.5001384019851685,0.5010066032409668
0,376,7.5200000000000005,-0.769167423248291,0.06964067369699478,0.3019595742225647,0.011723481118679047,0.5003722906112671,0.5033895373344421,0.5002703070640564,0.50096595287323
0,377,7.54,-0.7705585360527039,0.06948183476924896,0.3017672300338745,0.011446422897279263,0.5000000596046448,0.5040928721427917,0.49998363852500916,0.501581072807312
0,378,7.5600000000000005,-0.7719455361366272,0.06923254579305649,0.30157166719436646,0.011226612143218517,0.49928250908851624,0.5049039721488953,0.49934518337249756,0.5027101039886475
0,379,7.58,-0.7733262777328491,0.06887485831975937,0.30137190222740173,0.011076800525188446,0.49836060404777527,0.5056615471839905,0.4984836280345917,0.5041193962097168
0,380,7.6000000000000005,-0.774698793888092,0.06841196119785309,0.30116766691207886,0.010997358709573746,0.49741044640541077,0.506216287612915,0.4975651204586029,0.5055298805236816
0,381,7.62,-0.7760611176490784,0.06786726415157318,0.300959050655365,0.010975535959005356,0.49661093950271606,0.5064581036567688,0.49676254391670227,0.5066710114479065
0,382,7.640000000000001,-0.7774121165275574,0.0672791451215744,0.30074623227119446,0.010989195667207241,0.49611055850982666,0.5063355565071106,0.4962238073348999,0.5073306560516357
0,383,7.66,-0.7787514925003052,0.06669443845748901,0.30052992701530457,0.011013821698725224,0.495999276638031,0.505865216255188,0.4960453510284424,0.5073908567428589
0,384,7.68,-0.7800796627998352,0.06615902483463287,0.30031123757362366,0.01102964673191309,0.49629268050193787,0.5051270723342896,0.4962555170059204,0.506844699382782
0,385,7.7,-0.7813980579376221,0.0657096579670906,0.30009135603904724,0.011026600375771523,0.49693113565444946,0.5042480230331421,0.4968109726905823,0.5057932138442993
0,386,7.72,-0.7827087044715881,0.06536737829446793,0.29987114667892456,0.011006329208612442,0.49779388308525085,0.5033767819404602,0.49760672450065613,0.5044236779212952
0,387,7.74,-0.784013569355011,0.06513480842113495,0.29965153336524963,0.010981352999806404,0.4987240135669708,0.5026550889015198,0.4984973073005676,0.5029751062393188
0,388,7.76,-0.7853148579597473,0.06499606370925903,0.29943281412124634,0.010972153395414352,0.4995584785938263,0.5021926760673523,0.49932438135147095,0.5016952753067017
0,389,7.78,-0.7866141200065613,0.06491979956626892,0.29921507835388184,0.011002836748957634,0.5001571774482727,0.502048671245575,0.4999459385871887,0.5007964968681335
0,390,7.8,-0.7879118919372559,0.06486514210700989,0.2989982068538666,0.011095763184130192,0.5004262328147888,0.5022232532501221,0.500261127948761,0.5004182457923889
0,391,7.82,-0.7892084121704102,0.06479013711214066,0.29878127574920654,0.01126625295728445,0.5003324747085571,0.5026599764823914,0.5002270936965942,0.5006020069122314
0,392,7.84,-0.7905027270317078,0.06465843319892883,0.29856380820274353,0.011518355458974838,0.49990731477737427,0.5032570958137512,0.49986502528190613,0.5012850761413574
0,393,7.86,-0.7917935252189636,0.06444592773914337,0.2983449697494507,0.011843066662549973,0.49924033880233765,0.5038864612579346,0.49925461411476135,0.5023141503334045
0,394,7.88,-0.7930790781974792,0.06414514780044556,0.29812416434288025,0.012219861149787903,0.49846306443214417,0.5044167041778564,0.49851834774017334,0.5034760236740112
0,395,7.9,-0.7943577766418457,0.06376601755619049,0.29790112376213074,0.012621095404028893,0.4977247714996338,0.5047363638877869,0.4977986514568329,0.5045393705368042
0,396,7.92,-0.7956283092498779,0.06333359330892563,0.29767581820487976,0.013017871417105198,0.4971652328968048,0.504774272441864,0.4972316324710846,0.5052984356880188
0,397,7.94,-0.7968900799751282,0.06288344413042068,0.29744863510131836,0.01338588073849678,0.49688857793807983,0.5045119524002075,0.49692246317863464,0.5056092143058777
0,398,7.96,-0.7981430292129517,0.062454693019390106,0.29722046852111816,0.013709669932723045,0.4969443380832672,0.5039862990379333,0.49692681431770325,0.5054132342338562
0,399,7.98,-0.7993881702423096,0.062082745134830475,0.2969919443130493,0.013984674587845802,0.49731940031051636,0.5032815337181091,0.4972418546676636,0.5047441124916077
0,400,8.0,-0.8006266355514526,0.06179288029670715,0.296764075756073,0.014217013493180275,0.49794256687164307,0.5025119185447693,0.4978083372116089,0.5037184953689575
0,401,8.02,-0.8018603920936584,0.0615965835750103,0.29653745889663696,0.014421415515244007,0.4986998736858368,0.5018001794815063,0.49852311611175537,0.5025129318237305
0,402,8.040000000000001,-0.8030912280082703,0.06148936226963997,0.2963126003742218,0.014617589302361012,0.49945738911628723,0.5012542009353638,0.4992590844631195,0.5013315081596375
0,403,8.06,-0.8043206334114075,0.061452046036720276,0.29608991742134094,0.014826212078332901,0.5000858306884766,0.5009483695030212,0.4998891055583954,0.5003693699836731
0,404,8.08,-0.8055496215820312,0.06145501136779785,0.29586905241012573,0.01506470050662756,0.5004830956459045,0.5009117722511292,0.5003088712692261,0.49977824091911316
0,405,8.1,-0.8067787885665894,0.06146338954567909,0.29564979672431946,0.015343829989433289,0.5005910396575928,0.5011246800422668,0.500454843044281,0.4996393322944641
0,406,8.120000000000001,-0.8080077171325684,0.061443112790584564,0.29543134570121765,0.015665559098124504,0.5004037618637085,0.5015235543251038,0.5003143548965454,0.49994975328445435
0,407,8.14,-0.809235692024231,0.06136796623468399,0.2952132821083069,0.01602276600897312,0.4999679625034332,0.502013623714447,0.49992650747299194,0.5006245374679565
0,408,8.16,-0.8104613423347473,0.06122363731265068,0.2949948310852051,0.01640051230788231,0.4993734359741211,0.5024858713150024,0.49937382340431213,0.5015140175819397
0,409,8.18,-0.8116834163665771,0.06100966036319733,0.29477566480636597,0.016779014840722084,0.49873682856559753,0.5028369426727295,0.49876639246940613,0.5024335980415344
0,410,8.2,-0.8129006028175354,0.06073957681655884,0.29455557465553284,0.0171374399214983,0.4981802701950073,0.5029873847961426,0.49822160601615906,0.5031989216804504
0,411,8.22,-0.8141120076179504,0.06043827533721924,0.2943350374698639,0.01745770126581192,0.49780887365341187,0.5028958320617676,0.49784260988235474,0.5036595463752747
0,412,8.24,-0.8153174519538879,0.0601370669901371,0.29411420226097107,0.017727704718708992,0.49769139289855957,0.5025660991668701,0.49769988656044006,0.5037250518798828
0,413,8.26,-0.8165172338485718,0.059867214411497116,0.2938936948776245,0.01794305630028248,0.497848242521286,0.5020455718040466,0.49781936407089233,0.503378689289093
0,414,8.28,-0.8177122473716736,0.05965488404035568,0.2936745584011078,0.018107568845152855,0.49824896454811096,0.5014152526855469,0.49817854166030884,0.5026776194572449
0,415,8.3,-0.8189038634300232,0.05951695889234543,0.29345637559890747,0.018231956288218498,0.4988196790218353,0.5007739067077637,0.4987121820449829,0.5017403960227966
0,416,8.32,-0.82009357213974,0.05945717915892601,0.29324132204055786,0.018331462517380714,0.4994581341743469,0.500219464302063,0.4993252754211426,0.5007243752479553
0,417,8.34,-0.8212828636169434,0.05946657061576843,0.293028861284256,0.01842295564711094,0.5000534653663635,0.4998311996459961,0.4999110698699951,0.49979719519615173
0,418,8.36,-0.8224728107452393,0.05952530354261398,0.29281848669052124,0.018521809950470924,0.5005060434341431,0.4996562600135803,0.5003708600997925,0.4991070628166199
0,419,8.38,-0.8236640691757202,0.059606414288282394,0.29261159896850586,0.018639061599969864,0.5007447004318237,0.4997025728225708,0.5006312727928162,0.4987563192844391
0,420,8.4,-0.8248569965362549,0.05968080461025238,0.29240697622299194,0.018779680132865906,0.5007378458976746,0.4999387264251709,0.5006566047668457,0.49878400564193726
0,421,8.42,-0.8260509967803955,0.05972268059849739,0.29220300912857056,0.018941840156912804,0.5004981756210327,0.5003008246421814,0.500454306602478,0.49915963411331177
0,422,8.44,-0.82724529504776,0.059713657945394516,0.2920007109642029,0.0191173255443573,0.5000790357589722,0.5007042288780212,0.500072181224823,0.49979037046432495
0,423,8.46,-0.8284388184547424,0.059646401554346085,0.2917988896369934,0.019293349236249924,0.49956485629081726,0.501059353351593,0.49958908557891846,0.5005395412445068
0,424,8.48,-0.8296303749084473,0.05952554568648338,0.29159751534461975,0.019455013796687126,0.4990553557872772,0.5012872815132141,0.4991000294685364,0.5012532472610474
0,425,8.5,-0.8308191299438477,0.05936584249138832,0.2913971245288849,0.019588084891438484,0.49864739179611206,0.5013341307640076,0.4986985921859741,0.5017887949943542
0,426,8.52,-0.8320045471191406,0.05919061601161957,0.29119646549224854,0.019681766629219055,0.4984171390533447,0.5011802315711975,0.4984602928161621,0.5020406246185303
0,427,8.540000000000001,-0.8331865668296814,0.059025589376688004,0.29099783301353455,0.019730448722839355,0.49840646982192993,0.5008431673049927,0.49842917919158936,0.5019574165344238
0,428,8.56,-0.8343656659126282,0.05889544636011124,0.290800541639328,0.01973472721874714,0.4986160099506378,0.5003736615180969,0.49861058592796326,0.5015496015548706
0,429,8.58,-0.8355427980422974,0.058819036930799484,0.2906057834625244,0.0197010338306427,0.4990062117576599,0.4998456835746765,0.49897128343582153,0.5008851885795593
0,430,8.6,-0.8367190361022949,0.0588061586022377,0.29041409492492676,0.01964017003774643,0.4995060861110687,0.4993417263031006,0.49944648146629333,0.5000759959220886
0,431,8.620000000000001,-0.8378956317901611,0.058855462819337845,0.2902255952358246,0.01956530287861824,0.500027060508728,0.49893784523010254,0.4999525249004364,0.49925708770751953
0,432,8.64,-0.8390738368034363,0.0589558444917202,0.29004043340682983,0.01948954537510872,0.5004796981811523,0.49869024753570557,0.5004024505615234,0.49856218695640564
0,433,8.66,-0.8402543067932129,0.059088386595249176,0.2898586094379425,0.019423678517341614,0.5007894039154053,0.4986257255077362,0.5007216334342957,0.4981001913547516
0,434,8.68,-0.8414376378059387,0.05922948941588402,0.28967979550361633,0.01937437430024147,0.5009090304374695,0.49873822927474976,0.5008609294891357,0.497935950756073
0,435,8.700000000000001,-0.8426235318183899,0.059355903416872025,0.28950420022010803,0.019343234598636627,0.5008262395858765,0.4989908039569855,0.500804603099823,0.4980795085430145
0,436,8.72,-0.8438116312026978,0.059448305517435074,0.28933098912239075,0.019326703622937202,0.5005645751953125,0.49932292103767395,0.5005722045898438,0.4984852373600006
0,437,8.74,-0.8450010418891907,0.05949466675519943,0.2891598045825958,0.01931697502732277,0.5001789927482605,0.49966180324554443,0.5002140998840332,0.4990614056587219
0,438,8.76,-0.8461909294128418,0.059492651373147964,0.28899043798446655,0.01930363103747368,0.49974533915519714,0.4999353885650635,0.49980199337005615,0.49968838691711426
0,439,8.78,-0.8473803997039795,0.059449564665555954,0.28882238268852234,0.019275667145848274,0.49934640526771545,0.5000854134559631,0.4994152784347534,0.5002410411834717
0,440,8.8,-0.8485686182975769,0.059380512684583664,0.28865623474121094,0.019223609939217567,0.49905693531036377,0.500077486038208,0.4991268217563629,0.5006118416786194
0,441,8.82,-0.8497554063796997,0.059305425733327866,0.2884919047355652,0.019141361117362976,0.4989299774169922,0.4999069571495056,0.4989898204803467,0.500729501247406
0,442,8.84,-0.8509408235549927,0.059245966374874115,0.2883300483226776,0.019027216359972954,0.49898767471313477,0.4995991587638855,0.49902886152267456,0.5005703568458557
0,443,8.86,-0.8521255254745483,0.05922085791826248,0.28817111253738403,0.018884195014834404,0.4992179572582245,0.49920400977134705,0.49923598766326904,0.5001612901687622
0,444,8.88,-0.8533101677894592,0.05924270674586296,0.2880154550075531,0.018719278275966644,0.4995777904987335,0.4987862706184387,0.49957308173179626,0.4995729327201843
0,445,8.9,-0.8544957637786865,0.059316329658031464,0.28786352276802063,0.018542157486081123,0.5000020861625671,0.49841320514678955,0.4999796748161316,0.49890631437301636
0,446,8.92,-0.855683445930481,0.059437546879053116,0.2877155840396881,0.018363332375884056,0.500416100025177,0.4981425106525421,0.5003842711448669,0.49827420711517334
0,447,8.94,-0.8568738102912903,0.0595945343375206,0.2875714600086212,0.018192335963249207,0.500749409198761,0.4980122148990631,0.5007176399230957,0.49778085947036743
0,448,8.96,-0.8580676317214966,0.059769775718450546,0.28743135929107666,0.018036074936389923,0.5009475946426392,0.4980345368385315,0.5009250640869141,0.49750375747680664
0,449,8.98,-0.8592647910118103,0.05994371324777603,0.2872951626777649,0.017897849902510643,0.500981867313385,0.4981946647167206,0.5009759068489075,0.49748003482818604
0,450,9.0,-0.8604653477668762,0.06009791046380997,0.28716206550598145,0.01777694746851921,0.5008531212806702,0.4984540343284607,0.5008679628372192,0.4977007806301117
0,451,9.02,-0.861668586730957,0.060218386352062225,0.2870321571826935,0.017669012770056725,0.500590980052948,0.4987577497959137,0.5006275177001953,0.49811339378356934
0,452,9.040000000000001,-0.8628737926483154,0.060298092663288116,0.28690478205680847,0.017567072063684464,0.5002482533454895,0.4990447461605072,0.5003037452697754,0.4986323416233063
0,453,9.06,-0.8640801906585693,0.060338061302900314,0.28677988052368164,0.017463015392422676,0.49989086389541626,0.4992586076259613,0.4999594986438751,0.49915558099746704
0,454,9.08,-0.8652870059013367,0.06034660339355469,0.2866574823856354,0.017349086701869965,0.49958598613739014,0.499357670545578,0.49965953826904297,0.4995834529399872
0,455,9.1,-0.8664939403533936,0.060338057577610016,0.2865375876426697,0.017219506204128265,0.4993896782398224,0.4993222951889038,0.4994591772556305,0.4998367428779602
0,456,9.120000000000001,-0.8677006363868713,0.06032973527908325,0.28642067313194275,0.017071491107344627,0.49933701753616333,0.4991578161716461,0.49939417839050293,0.4998702108860016
0,457,9.14,-0.8689072728157043,0.06033902242779732,0.2863066494464874,0.0169057734310627,0.49943602085113525,0.4988931119441986,0.4994751214981079,0.499679297208786
0,458,9.16,-0.8701145052909851,0.06037989631295204,0.28619620203971863,0.016726423054933548,0.4996669888496399,0.49857479333877563,0.4996858835220337,0.4993000030517578
0,459,9.18,-0.8713229298591614,0.060460373759269714,0.2860894501209259,0.016539940610527992,0.49998703598976135,0.4982580840587616,0.49998739361763,0.49880096316337585
0,460,9.200000000000001,-0.87253338098526,0.06058184430003166,0.28598660230636597,0.016354113817214966,0.5003383755683899,0.4979966878890991,0.5003252029418945,0.49827080965042114
0,461,9.22,-0.8737466931343079,0.06073840335011482,0.28588804602622986,0.01617647334933281,0.5006593465805054,0.49783310294151306,0.5006398558616638,0.4978017807006836
0,462,9.24,-0.8749634027481079,0.060918211936950684,0.2857937812805176,0.01601298898458481,0.5008954405784607,0.49779143929481506,0.5008774399757385,0.4974732995033264
0,463,9.26,-0.8761837482452393,0.06110623851418495,0.2857033312320709,0.01586713083088398,0.501008927822113,0.4978737235069275,0.5009992122650146,0.497338205575943
0,464,9.28,-0.8774077892303467,0.06128601357340813,0.28561651706695557,0.01573941297829151,0.5009844303131104,0.49806007742881775,0.5009881854057312,0.4974135458469391
0,465,9.3,-0.8786351680755615,0.06144336983561516,0.2855331599712372,0.015627549961209297,0.500831663608551,0.49831295013427734,0.5008513927459717,0.49767836928367615
0,466,9.32,-0.8798653483390808,0.061568815261125565,0.2854529917240143,0.01552706491202116,0.500582754611969,0.4985840916633606,0.5006181001663208,0.4980784058570862
0,467,9.34,-0.8810977339744568,0.06165901571512222,0.28537577390670776,0.015432262793183327,0.5002862215042114,0.4988234043121338,0.5003339648246765,0.4985365867614746
0,468,9.36,-0.8823314905166626,0.0617169588804245,0.28530099987983704,0.015337391756474972,0.4999980926513672,0.4989878833293915,0.5000526309013367,0.4989677369594574
0,469,9.38,-0.8835662603378296,0.06175178289413452,0.2852288782596588,0.01523773092776537,0.49977147579193115,0.49904918670654297,0.4998258352279663,0.4992941915988922
0,470,9.4,-0.8848015069961548,0.061776403337717056,0.28515952825546265,0.01513045933097601,0.4996470808982849,0.49899837374687195,0.49969416856765747,0.49945953488349915
0,471,9.42,-0.8860373497009277,0.061804987490177155,0.2850930988788605,0.015015225857496262,0.4996461868286133,0.4988473057746887,0.49967995285987854,0.49943798780441284
0,472,9.44,-0.8872739672660828,0.06185159087181091,0.285029798746109,0.014894066378474236,0.4997670352458954,0.49862566590309143,0.4997839331626892,0.4992380738258362
0,473,9.46,-0.8885117769241333,0.061926115304231644,0.28496989607810974,0.014770988374948502,0.499985933303833,0.49837538599967957,0.49998539686203003,0.49890002608299255
0,474,9.48,-0.8897514343261719,0.062033288180828094,0.2849135398864746,0.014651067554950714,0.5002620816230774,0.4981425404548645,0.5002467036247253,0.4984878897666931
0,475,9.5,-0.890993595123291,0.062171924859285355,0.2848609685897827,0.01453948114067316,0.5005457401275635,0.49796897172927856,0.5005203485488892,0.4980774223804474
0,476,9.52,-0.8922387957572937,0.0623355470597744,0.2848120927810669,0.014440414495766163,0.5007870197296143,0.4978848993778229,0.5007579922676086,0.4977424740791321
0,477,9.540000000000001,-0.8934873342514038,0.06251300871372223,0.28476691246032715,0.014356403611600399,0.5009450316429138,0.49790388345718384,0.5009186863899231,0.4975418448448181
0,478,9.56,-0.8947395086288452,0.06269113719463348,0.284725159406662,0.014287957921624184,0.5009949207305908,0.49802088737487793,0.5009765625,0.4975091218948364
0,479,9.58,-0.8959950804710388,0.06285696476697922,0.2846866250038147,0.014233625493943691,0.5009313821792603,0.4982137084007263,0.5009245872497559,0.4976470172405243
0,480,9.6,-0.8972537517547607,0.06299998611211777,0.28465092182159424,0.014190456829965115,0.5007695555686951,0.4984474182128906,0.5007755756378174,0.4979276657104492
0,481,9.620000000000001,-0.8985150456428528,0.06311418861150742,0.2846178412437439,0.014154612086713314,0.5005415678024292,0.4986807107925415,0.5005592703819275,0.4982983469963074
0,482,9.64,-0.8997781872749329,0.0631985142827034,0.28458720445632935,0.01412217691540718,0.5002907514572144,0.4988735318183899,0.5003166198730469,0.4986916184425354
0,483,9.66,-0.9010426998138428,0.06325747072696686,0.28455883264541626,0.014089846983551979,0.5000633001327515,0.4989941418170929,0.5000922679901123,0.4990379810333252
0,484,9.68,-0.9023082852363586,0.0632997527718544,0.2845325767993927,0.014055510982871056,0.49990031123161316,0.4990246295928955,0.49992644786834717,0.4992784261703491
0,485,9.700000000000001,-0.9035747647285461,0.06333690881729126,0.28450873494148254,0.014018560759723186,0.4998300075531006,0.4989638328552246,0.49984773993492126,0.49937477707862854
0,486,9.72,-0.9048418998718262,0.06338083744049072,0.2844873368740082,0.013979954645037651,0.4998632073402405,0.4988272488117218,0.49986836314201355,0.49931570887565613
0,487,9.74,-0.9061101675033569,0.06344199925661087,0.2844684422016144,0.013941911980509758,0.4999917149543762,0.4986436665058136,0.49998238682746887,0.4991180896759033
0,488,9.76,-0.9073799252510071,0.06352725625038147,0.28445228934288025,0.013907371088862419,0.5001903176307678,0.4984497129917145,0.5001670718193054,0.49882322549819946
0,489,9.78,-0.9086516499519348,0.06363890320062637,0.28443920612335205,0.013879298232495785,0.5004218816757202,0.4982829689979553,0.5003877282142639,0.49848875403404236
0,490,9.8,-0.9099259376525879,0.06377439945936203,0.28442880511283875,0.013860062696039677,0.500644326210022,0.49817514419555664,0.5006039142608643,0.49817797541618347
0,491,9.82,-0.9112029671669006,0.06392647325992584,0.2844215929508209,0.01385093666613102,0.5008184313774109,0.4981466233730316,0.5007771849632263,0.49794870615005493
0,492,9.84,-0.9124832153320312,0.06408543139696121,0.284417062997818,0.01385190337896347,0.5009146332740784,0.4982031583786011,0.5008776783943176,0.4978426396846771
0,493,9.86,-0.9137665629386902,0.06424026191234589,0.2844151556491852,0.013861751183867455,0.500917911529541,0.49833521246910095,0.5008893013000488,0.4978787302970886
0,494,9.88,-0.9150528311729431,0.06438055634498596,0.2844155430793762,0.013878380879759789,0.5008301734924316,0.4985201060771942,0.500812292098999,0.4980497360229492
0,495,9.9,-0.9163417220115662,0.06449910998344421,0.28441789746284485,0.013899262994527817,0.5006694197654724,0.49872642755508423,0.5006626844406128,0.49832454323768616
0,496,9.92,-0.9176326990127563,0.06459224969148636,0.28442221879959106,0.013921933248639107,0.5004664063453674,0.4989197254180908,0.500468909740448,0.49865418672561646
0,497,9.94,-0.9189252257347107,0.06466101855039597,0.2844280004501343,0.013944389298558235,0.5002584457397461,0.4990687966346741,0.5002667307853699,0.49898114800453186
0,498,9.96,-0.9202190637588501,0.06471023708581924,0.28443536162376404,0.013965411111712456,0.5000829100608826,0.4991511404514313,0.5000924468040466,0.4992500841617584
0,499,9.98,-0.9215136170387268,0.06474807858467102,0.2844441533088684,0.01398470439016819,0.4999704957008362,0.4991568922996521,0.4999762773513794,0.49941760301589966
0,500,10.0,-0.9228089451789856,0.06478466093540192,0.2844546437263489,0.014002866111695766,0.4999396502971649,0.4990902245044708,0.49993741512298584,0.499459832906723
0,501,10.02,-0.9241051077842712,0.06482972204685211,0.2844667136669159,0.014021199196577072,0.49999353289604187,0.4989682734012604,0.49998047947883606,0.4993758797645569
0,502,10.040000000000001,-0.9254023432731628,0.064890556037426,0.28448060154914856,0.014041366055607796,0.5001198649406433,0.4988178312778473,0.5000953078269958,0.49918752908706665
0,503,10.06,-0.9267010688781738,0.06497195363044739,0.28449636697769165,0.014064980670809746,0.5002937912940979,0.49866998195648193,0.5002590417861938,0.49893468618392944
0,504,10.08,-0.9280015826225281,0.06507421284914017,0.28451424837112427,0.014093216508626938,0.500482439994812,0.49855467677116394,0.5004405975341797,0.4986676871776581
0,505,10.1,-0.929304301738739,0.06519390642642975,0.2845340669155121,0.014126528054475784,0.5006511807441711,0.4984951615333557,0.5006066560745239,0.4984383285045624
0,506,10.120000000000001,-0.9306095242500305,0.0653238520026207,0.28455591201782227,0.01416455116122961,0.5007699728012085,0.498504102230072,0.5007272958755493,0.4982903003692627
0,507,10.14,-0.9319174885749817,0.0654558315873146,0.28457945585250854,0.01420620083808899,0.5008183717727661,0.49858158826828003,0.5007816553115845,0.4982517957687378
0,508,10.16,-0.9332278966903687,0.06558071821928024,0.28460463881492615,0.014249932020902634,0.5007889866828918,0.49871549010276794,0.5007612109184265,0.49833065271377563
0,509,10.18,-0.9345406889915466,0.06569056212902069,0.2846311032772064,0.014294029213488102,0.5006885528564453,0.49888405203819275,0.5006710290908813,0.498513400554657
0,510,10.200000000000001,-0.9358554482460022,0.06578027456998825,0.284658819437027,0.014336972497403622,0.5005362033843994,0.4990597665309906,0.5005283355712891,0.49876829981803894
0,511,10.22,-0.9371717572212219,0.065848208963871,0.28468748927116394,0.014377649873495102,0.5003598928451538,0.4992145895957947,0.5003595948219299,0.49905142188072205
0,512,10.24,-0.9384893178939819,0.06589632481336594,0.28471702337265015,0.014415523037314415,0.5001911520957947,0.4993249177932739,0.5001950860023499,0.49931490421295166
0,513,10.26,-0.9398075342178345,0.06593037396669388,0.28474724292755127,0.014450667425990105,0.5000594854354858,0.49937573075294495,0.5000634789466858,0.4995158314704895
0,514,10.28,-0.9411264657974243,0.06595772504806519,0.28477832674980164,0.014483700506389141,0.49998676776885986,0.49936309456825256,0.499986857175827,0.4996236264705658
0,515,10.3,-0.9424459338188171,0.06598641723394394,0.2848101258277893,0.014515611343085766,0.49998387694358826,0.49929460883140564,0.49997687339782715,0.49962520599365234
0,516,10.32,-0.9437660574913025,0.06602412462234497,0.28484296798706055,0.014547533355653286,0.5000485777854919,0.499187707901001,0.5000328421592712,0.4995269477367401
0,517,10.34,-0.9450871348381042,0.06607633829116821,0.2848767638206482,0.014580496586859226,0.5001667141914368,0.4990663528442383,0.5001422166824341,0.4993528425693512
0,518,10.36,-0.9464094042778015,0.06614546477794647,0.28491178154945374,0.014615152962505817,0.5003146529197693,0.4989563822746277,0.5002832412719727,0.49913984537124634
0,519,10.38,-0.9477331042289734,0.0662306472659111,0.2849479019641876,0.014651649631559849,0.5004642605781555,0.4988809823989868,0.5004289746284485,0.49893084168434143
0,520,10.4,-0.9490588307380676,0.06632781028747559,0.28498512506484985,0.0146895507350564,0.5005876421928406,0.49885645508766174,0.5005523562431335,0.49876704812049866
0,521,10.42,-0.9503865242004395,0.06643080711364746,0.28502345085144043,0.014727944508194923,0.5006625056266785,0.4988895058631897,0.5006310343742371,0.4986805021762848
0,522,10.44,-0.9517161846160889,0.06653206050395966,0.2850627303123474,0.014765623025596142,0.5006757974624634,0.498976469039917,0.5006511211395264,0.49868860840797424
0,523,10.46,-0.9530478119850159,0.06662454456090927,0.2851027250289917,0.014801353216171265,0.5006256103515625,0.4991040527820587,0.500609815120697,0.49879130721092224
0,524,10.48,-0.9543811082839966,0.06670258939266205,0.2851434648036957,0.014834066852927208,0.5005216598510742,0.4992520809173584,0.5005150437355042,0.49897152185440063
0,525,10.5,-0.9557158350944519,0.06676261872053146,0.2851845622062683,0.01486310176551342,0.5003828406333923,0.4993971586227417,0.5003843903541565,0.49919870495796204
0,526,10.52,-0.9570515155792236,0.06680456548929214,0.28522545099258423,0.014888257719576359,0.5002338290214539,0.4995171129703522,0.5002412796020508,0.49943459033966064
0,527,10.540000000000001,-0.9583879113197327,0.06683161854743958,0.28526735305786133,0.01490979827940464,0.5001006126403809,0.49959465861320496,0.5001107454299927,0.4996403753757477
0,528,10.56,-0.9597247242927551,0.06684859097003937,0.2853088974952698,0.014928383752703667,0.5000056624412537,0.4996206760406494,0.5000148415565491,0.4997836947441101
0,529,10.58,-0.9610618352890015,0.06686221063137054,0.2853506803512573,0.014944921247661114,0.4999639689922333,0.4995954632759094,0.4999690055847168,0.49984419345855713
0,530,10.6,-0.9623992443084717,0.06687918305397034,0.28539276123046875,0.01496036071330309,0.49998044967651367,0.49952852725982666,0.4999791979789734,0.49981704354286194
0,531,10.620000000000001,-0.9637371301651001,0.06690509617328644,0.28543519973754883,0.014975536614656448,0.5000495314598083,0.4994366466999054,0.500041127204895,0.4997130334377289
0,532,10.64,-0.965075671672821,0.06694379448890686,0.28547799587249756,0.014990988187491894,0.5001562237739563,0.49934056401252747,0.5001412630081177,0.4995564818382263
0,533,10.66,-0.9664149880409241,0.06699617207050323,0.28552132844924927,0.015006820671260357,0.5002792477607727,0.49926134943962097,0.5002596974372864,0.4993804693222046
0,534,10.68,-0.9677556753158569,0.0670606940984726,0.28556522727012634,0.015022723004221916,0.500394880771637,0.499216228723526,0.5003736019134521,0.4992206394672394
0,535,10.700000000000001,-0.9690976738929749,0.0671333521604538,0.285609632730484,0.015037969686090946,0.5004814863204956,0.4992160201072693,0.500461757183075,0.4991089105606079
0,536,10.72,-0.9704411029815674,0.06720828264951706,0.28565436601638794,0.015051627531647682,0.5005230903625488,0.49926313757896423,0.5005078911781311,0.4990676939487457
0,537,10.74,-0.9717860221862793,0.06727926433086395,0.2856994569301605,0.015062722377479076,0.5005121827125549,0.4993513524532318,0.5005037784576416,0.49910619854927063
0,538,10.76,-0.973132312297821,0.06734061986207962,0.2857445478439331,0.015070412307977676,0.5004509687423706,0.4994673430919647,0.5004504323005676,0.49921900033950806
0,539,10.78,-0.9744795560836792,0.06738851964473724,0.28579002618789673,0.015074197202920914,0.5003504157066345,0.49959301948547363,0.5003576874732971,0.4993874430656433
0,540,10.8,-0.9758277535438538,0.06742139905691147,0.28583502769470215,0.015073942020535469,0.5002284646034241,0.4997090995311737,0.5002419948577881,0.49958333373069763
0,541,10.82,-0.9771763682365417,0.06743975728750229,0.28587934374809265,0.015069947578012943,0.5001062750816345,0.49979838728904724,0.5001237392425537,0.49977418780326843
0,542,10.84,-0.9785252213478088,0.06744692474603653,0.28592413663864136,0.015062813647091389,0.5000046491622925,0.499848872423172,0.5000231266021729,0.499929279088974
0,543,10.86,-0.9798742532730103,0.06744765490293503,0.28596875071525574,0.01505336258560419,0.49994009733200073,0.4998558461666107,0.4999566376209259,0.5000251531600952
0,544,10.88,-0.9812232851982117,0.06744737178087234,0.2860128581523895,0.015042467974126339,0.49992215633392334,0.49982255697250366,0.4999343156814575,0.5000495314598083
0,545,10.9,-0.9825723171234131,0.06745174527168274,0.28605642914772034,0.015030911192297935,0.49995157122612,0.499759316444397,0.4999579191207886,0.5000032782554626
0,546,10.92,-0.983921468257904,0.06746453791856766,0.28610068559646606,0.015019236132502556,0.5000206232070923,0.4996815025806427,0.5000209212303162,0.499899685382843
0,547,10.94,-0.9852710366249084,0.06748845428228378,0.2861444056034088,0.015007657930254936,0.5001147389411926,0.4996066987514496,0.5001099109649658,0.4997621476650238
0,548,10.96,-0.986621081829071,0.06752339005470276,0.2861882746219635,0.014996019192039967,0.5002151131629944,0.4995515048503876,0.5002071857452393,0.49961939454078674
0,549,10.98,-0.98797208070755,0.06756685674190521,0.2862323820590973,0.014983845874667168,0.5003024339675903,0.4995284080505371,0.500294029712677,0.4995002746582031
0,550,11.0,-0.9893239736557007,0.06761516630649567,0.2862759828567505,0.014970443211495876,0.5003601908683777,0.49954384565353394,0.500353991985321,0.49942874908447266
0,551,11.02,-0.9906767010688782,0.06766337156295776,0.2863200604915619,0.014955022372305393,0.5003777146339417,0.49959707260131836,0.5003759860992432,0.4994194805622101
0,552,11.040000000000001,-0.9920305013656616,0.06770637631416321,0.28636422753334045,0.014936894178390503,0.5003516674041748,0.49968060851097107,0.5003559589385986,0.4994756281375885
0,553,11.06,-0.9933849573135376,0.0677400752902031,0.28640803694725037,0.01491558738052845,0.5002868175506592,0.49978169798851013,0.5002976655960083,0.4995884299278259
0,554,11.08,-0.9947400093078613,0.0677618756890297,0.28645139932632446,0.0148909417912364,0.5001946687698364,0.4998847246170044,0.5002113580703735,0.4997391402721405
0,555,11.1,-0.9960953593254089,0.06777111440896988,0.2864943742752075,0.014863139018416405,0.5000913143157959,0.49997398257255554,0.5001122951507568,0.4999026358127594
0,556,11.120000000000001,-0.9974507689476013,0.0677691251039505,0.2865368723869324,0.014832660555839539,0.4999944567680359,0.5000367760658264,0.5000174641609192,0.5000520348548889
0,557,11.14,-0.9988061189651489,0.06775926798582077,0.2865789532661438,0.014800183475017548,0.4999203383922577,0.500065267086029,0.4999428689479828,0.500163733959198
0,558,11.16,-1.0001611709594727,0.06774569302797318,0.2866195738315582,0.014766479842364788,0.4998805522918701,0.500058114528656,0.499900221824646,0.5002214312553406
0,559,11.18,-1.0015158653259277,0.06773325055837631,0.28665944933891296,0.014732273295521736,0.4998803436756134,0.5000201463699341,0.4998954236507416,0.50021892786026
0,560,11.200000000000001,-1.0028704404830933,0.06772590428590775,0.2866988480091095,0.014698131009936333,0.499917596578598,0.4999617338180542,0.499927282333374,0.5001609921455383
0,561,11.22,-1.0042251348495483,0.06772652268409729,0.2867388427257538,0.014664380811154842,0.49998360872268677,0.4998965263366699,0.4999881088733673,0.5000619888305664
0,562,11.24,-1.0055797100067139,0.06773625314235687,0.2867787778377533,0.014631051570177078,0.5000647902488708,0.49983903765678406,0.500065267086029,0.499943345785141
0,563,11.26,-1.006934642791748,0.06775449216365814,0.28681832551956177,0.01459788903594017,0.5001451373100281,0.4998019337654114,0.5001435279846191,0.49982950091362
0,564,11.28,-1.0082900524139404,0.06777894496917725,0.286857545375824,0.014564406126737595,0.500209391117096,0.4997938275337219,0.500207781791687,0.4997432231903076
0,565,11.3,-1.009645938873291,0.06780613958835602,0.2868965268135071,0.014530020765960217,0.5002452731132507,0.4998179078102112,0.500245988368988,0.49970173835754395
0,566,11.32,-1.0110023021697998,0.06783150136470795,0.2869350016117096,0.014494141563773155,0.5002462863922119,0.4998713731765747,0.500251054763794,0.4997137784957886
0,567,11.34,-1.0123591423034668,0.06785114109516144,0.28697338700294495,0.014456328935921192,0.5002120733261108,0.499946266412735,0.500221848487854,0.4997780919075012
0,568,11.36,-1.013716220855713,0.06786239147186279,0.28700995445251465,0.014416360296308994,0.5001488924026489,0.5000309348106384,0.500163733959198,0.49988406896591187
0,569,11.38,-1.0150734186172485,0.06786344200372696,0.2870463728904724,0.014374276623129845,0.5000677704811096,0.5001120567321777,0.5000868439674377,0.5000138282775879
0,570,11.4,-1.0164306163787842,0.0678543969988823,0.2870824635028839,0.014330368489027023,0.49998295307159424,0.5001775026321411,0.5000046491622925,0.5001455545425415
0,571,11.42,-1.0177875757217407,0.06783705204725266,0.28711754083633423,0.014285142533481121,0.49990883469581604,0.5002180337905884,0.49993109703063965,0.5002577304840088
0,572,11.44,-1.019144058227539,0.06781447678804398,0.2871517539024353,0.014239203184843063,0.49985766410827637,0.5002290606498718,0.4998783767223358,0.5003328323364258
0,573,11.46,-1.0205001831054688,0.06779038906097412,0.2871854901313782,0.014193172566592693,0.499837189912796,0.5002114772796631,0.49985453486442566,0.500360369682312
0,574,11.48,-1.0218555927276611,0.0677686557173729,0.2872191369533539,0.014147591777145863,0.49984946846961975,0.5001711845397949,0.4998622536659241,0.5003386735916138
0,575,11.5,-1.023210883140564,0.06775227934122086,0.2872510254383087,0.014102836139500141,0.49989065527915955,0.5001178979873657,0.4998984932899475,0.5002748370170593
0,576,11.52,-1.0245658159255981,0.06774308532476425,0.2872827351093292,0.014059065841138363,0.4999517798423767,0.5000635385513306,0.4999552369117737,0.5001832246780396
0,577,11.540000000000001,-1.0259206295013428,0.06774166226387024,0.28731387853622437,0.014016213826835155,0.5000205636024475,0.5000196695327759,0.5000209212303162,0.500082790851593
0,578,11.56,-1.0272754430770874,0.06774653494358063,0.2873450517654419,0.013974017463624477,0.5000836849212646,0.4999956488609314,0.500082790851593,0.49999359250068665
0,579,11.58,-1.0286304950714111,0.0677558109164238,0.2873757779598236,0.013932066038250923,0.5001292824745178,0.4999971389770508,0.500128984451294,0.4999329745769501
0,580,11.6,-1.029985785484314,0.06776607781648636,0.2874060869216919,0.013889908790588379,0.5001489520072937,0.5000247955322266,0.5001509189605713,0.4999127984046936
0,581,11.620000000000001,-1.0313410758972168,0.0677737221121788,0.28743529319763184,0.013847144320607185,0.5001391172409058,0.5000746250152588,0.5001446008682251,0.4999372959136963
0,582,11.64,-1.0326966047286987,0.06777586787939072,0.28746405243873596,0.013803505338728428,0.5001015663146973,0.5001387000083923,0.5001111626625061,0.5000024437904358
0,583,11.66,-1.0340521335601807,0.06777042895555496,0.2874923348426819,0.013758889399468899,0.5000431537628174,0.500206708908081,0.5000565648078918,0.5000969767570496
0,584,11.68,-1.035407304763794,0.0677565261721611,0.28751978278160095,0.013713414780795574,0.49997422099113464,0.5002678036689758,0.4999904930591583,0.5002046227455139
0,585,11.700000000000001,-1.0367623567581177,0.06773509830236435,0.28754645586013794,0.013667362742125988,0.49990683794021606,0.5003126263618469,0.4999244809150696,0.5003070831298828
0,586,11.72,-1.038116693496704,0.06770765781402588,0.2875719964504242,0.013621147722005844,0.4998524487018585,0.5003349781036377,0.4998696446418762,0.50038743019104
0,587,11.74,-1.0394704341888428,0.06767717003822327,0.28759750723838806,0.013575239107012749,0.49981993436813354,0.5003327131271362,0.4998350143432617,0.5004332065582275
0,588,11.76,-1.0408238172531128,0.06764694303274155,0.28762131929397583,0.01353009045124054,0.499813973903656,0.5003081560134888,0.4998255670070648,0.5004382133483887
0,589,11.78,-1.042176365852356,0.06761974841356277,0.2876449227333069,0.013486072421073914,0.4998343884944916,0.5002676248550415,0.4998418092727661,0.500403881072998
0,590,11.8,-1.0435285568237305,0.06759777665138245,0.287668377161026,0.013443403877317905,0.4998762309551239,0.5002199411392212,0.49987953901290894,0.5003385543823242
0,591,11.82,-1.0448802709579468,0.06758229434490204,0.28769025206565857,0.013402163051068783,0.4999309778213501,0.5001750588417053,0.49993085861206055,0.5002557635307312
0,592,11.84,-1.0462318658828735,0.06757325679063797,0.2877119183540344,0.01336225587874651,0.4999879002571106,0.5001420378684998,0.49998563528060913,0.500171959400177
0,593,11.86,-1.0475833415985107,0.06756901741027832,0.28773367404937744,0.013323436491191387,0.5000362396240234,0.5001275539398193,0.5000333786010742,0.500103235244751
0,594,11.88,-1.0489346981048584,0.06756733357906342,0.2877542972564697,0.013285404071211815,0.5000670552253723,0.5001347064971924,0.5000652074813843,0.5000624060630798
0,595,11.9,-1.050286054611206,0.06756570935249329,0.2877745032310486,0.013247814029455185,0.5000748634338379,0.500162661075592,0.5000752806663513,0.5000571012496948
0,596,11.92,-1.0516372919082642,0.06756096333265305,0.2877941131591797,0.013210393488407135,0.5000583529472351,0.500206708908081,0.5000619292259216,0.5000882148742676
0,597,11.94,-1.0529884099960327,0.06755123287439346,0.2878126800060272,0.013172963634133339,0.5000208020210266,0.5002593994140625,0.5000276565551758,0.5001500248908997
0,598,11.96,-1.0543392896652222,0.06753496080636978,0.2878311574459076,0.01313546858727932,0.4999689757823944,0.5003119111061096,0.4999786615371704,0.5002314448356628
0,599,11.98,-1.0556896924972534,0.06751219928264618,0.2878483831882477,0.013098015449941158,0.49991220235824585,0.50035560131073,0.4999237060546875,0.5003179907798767
0,600,12.0,-1.0570396184921265,0.06748351454734802,0.28786537051200867,0.013060824014246464,0.49986040592193604,0.5003835558891296,0.4998723864555359,0.5003947019577026
0,601,12.02,-1.0583890676498413,0.06745116412639618,0.28788113594055176,0.013024166226387024,0.4998224377632141,0.5003919005393982,0.49983346462249756,0.5004486441612244
0,602,12.040000000000001,-1.0597375631332397,0.0674172043800354,0.2878962755203247,0.012988374568521976,0.49980440735816956,0.5003802180290222,0.49981313943862915,0.5004713535308838
0,603,12.06,-1.0610857009887695,0.06738460808992386,0.2879103720188141,0.012953750789165497,0.49980872869491577,0.5003517270088196,0.4998142719268799,0.500460147857666
0,604,12.08,-1.0624330043792725,0.06735549867153168,0.28792452812194824,0.012920533306896687,0.4998336732387543,0.5003126263618469,0.49983566999435425,0.5004183650016785
0,605,12.1,-1.0637799501419067,0.06733159720897675,0.2879374623298645,0.012888857163488865,0.49987396597862244,0.5002707242965698,0.4998726546764374,0.5003548860549927
0,606,12.120000000000001,-1.0651262998580933,0.06731338798999786,0.28795039653778076,0.012858749367296696,0.49992161989212036,0.5002341270446777,0.4999178349971771,0.5002819895744324
0,607,12.14,-1.0664724111557007,0.0673002302646637,0.28796297311782837,0.012830113060772419,0.4999676048755646,0.5002096891403198,0.49996256828308105,0.5002135038375854
0,608,12.16,-1.0678184032440186,0.06729032099246979,0.2879740595817566,0.01280276756733656,0.5000035166740417,0.5002018213272095,0.4999985694885254,0.5001620054244995
0,609,12.18,-1.0691640377044678,0.06728192418813705,0.287985235452652,0.012776471674442291,0.5000228881835938,0.5002119541168213,0.5000192523002625,0.5001364946365356
0,610,12.200000000000001,-1.070509672164917,0.06727280467748642,0.2879955470561981,0.012750981375575066,0.5000224113464355,0.5002381205558777,0.5000209808349609,0.5001412630081177
0,611,12.22,-1.0718549489974976,0.0672607421875,0.2880055010318756,0.01272608246654272,0.5000025629997253,0.5002754330635071,0.5000037550926208,0.500174880027771
0,612,12.24,-1.073199987411499,0.06724414229393005,0.28801482915878296,0.012701645493507385,0.4999670684337616,0.5003172755241394,0.4999708831310272,0.5002307891845703
0,613,12.26,-1.0745445489883423,0.06722213327884674,0.28802359104156494,0.012677607126533985,0.49992257356643677,0.500356137752533,0.49992847442626953,0.5002985596656799
0,614,12.280000000000001,-1.075888752937317,0.06719525903463364,0.2880316376686096,0.0126540157943964,0.49987709522247314,0.5003852844238281,0.49988415837287903,0.5003657341003418
0,615,12.3,-1.0772323608398438,0.06716426461935043,0.2880392372608185,0.012630998156964779,0.4998386800289154,0.5003998875617981,0.4998457431793213,0.5004203915596008
0,616,12.32,-1.0785752534866333,0.06713085621595383,0.28804606199264526,0.012608726508915424,0.49981388449668884,0.5003978610038757,0.4998197853565216,0.5004531741142273
0,617,12.34,-1.079917550086975,0.06709717959165573,0.28805240988731384,0.012587400153279305,0.499806672334671,0.5003799796104431,0.49981048703193665,0.5004587173461914
0,618,12.36,-1.0812592506408691,0.0670657530426979,0.28805825114250183,0.012567222118377686,0.49981775879859924,0.5003499388694763,0.49981892108917236,0.5004367232322693
0,619,12.38,-1.0826002359390259,0.06703782826662064,0.2880633473396301,0.012548343278467655,0.4998445212841034,0.5003135204315186,0.49984297156333923,0.5003919005393982
0,620,12.4,-1.0839406251907349,0.06701420247554779,0.288068026304245,0.01253085769712925,0.49988171458244324,0.5002773404121399,0.4998777508735657,0.500332772731781
0,621,12.42,-1.0852807760238647,0.06699541211128235,0.2880716323852539,0.012514772824943066,0.4999222457408905,0.5002477765083313,0.4999166429042816,0.5002702474594116
0,622,12.44,-1.0866204500198364,0.06698058545589447,0.2880752384662628,0.012500020675361156,0.49995869398117065,0.5002300143241882,0.49995240569114685,0.5002155303955078
0,623,12.46,-1.0879600048065186,0.06696876138448715,0.2880784869194031,0.012486462481319904,0.4999845027923584,0.5002267956733704,0.4999786615371704,0.5001781582832336
0,624,12.48,-1.0892993211746216,0.06695776432752609,0.2880811095237732,0.012473922222852707,0.49999523162841797,0.5002381205558777,0.4999907612800598,0.5001640915870667
0,625,12.5,-1.090638279914856,0.06694521009922028,0.28808391094207764,0.012462202459573746,0.4999893307685852,0.5002614259719849,0.4999868869781494,0.5001751780509949
0,626,12.52,-1.0919770002365112,0.0669296607375145,0.28808537125587463,0.01245113369077444,0.49996820092201233,0.5002920627593994,0.499968022108078,0.5002084374427795
0,627,12.540000000000001,-1.0933153629302979,0.0669102594256401,0.28808698058128357,0.012440571561455727,0.4999360144138336,0.500324010848999,0.4999379813671112,0.500257134437561
0,628,12.56,-1.0946533679962158,0.06688643246889114,0.28808772563934326,0.012430447153747082,0.4998988211154938,0.5003513097763062,0.4999023675918579,0.5003118515014648
0,629,12.58,-1.095990777015686,0.06685895472764969,0.2880883812904358,0.01242074929177761,0.4998634457588196,0.5003688335418701,0.49986767768859863,0.5003622174263
0,630,12.6,-1.097327709197998,0.06682892888784409,0.288088321685791,0.012411527335643768,0.49983614683151245,0.500373363494873,0.49984011054039,0.5003989934921265
0,631,12.620000000000001,-1.0986639261245728,0.06679794937372208,0.28808778524398804,0.012402880936861038,0.49982166290283203,0.5003641247749329,0.4998244345188141,0.500415563583374
0,632,12.64,-1.0999995470046997,0.06676771491765976,0.28808698058128357,0.012394936755299568,0.4998222887516022,0.5003427267074585,0.4998231828212738,0.5004091262817383
0,633,12.66,-1.101334571838379,0.06673973053693771,0.288085401058197,0.012387833558022976,0.4998375177383423,0.5003129839897156,0.4998362064361572,0.5003810524940491
0,634,12.68,-1.1026690006256104,0.06671533733606339,0.2880840599536896,0.01238168403506279,0.49986425042152405,0.5002800226211548,0.49986082315444946,0.5003364086151123
0,635,12.700000000000001,-1.1040031909942627,0.06669498980045319,0.2880821228027344,0.012376564554870129,0.49989745020866394,0.5002493858337402,0.49989235401153564,0.5002833008766174
0,636,12.72,-1.1053369045257568,0.06667867302894592,0.28807976841926575,0.01237249094992876,0.4999310076236725,0.5002260804176331,0.49992501735687256,0.5002309679985046
0,637,12.74,-1.1066703796386719,0.06666536629199982,0.2880776524543762,0.012369418516755104,0.49995893239974976,0.5002136826515198,0.49995294213294983,0.5001882910728455
0,638,12.76,-1.1080036163330078,0.06665371358394623,0.2880750298500061,0.012367247603833675,0.4999764859676361,0.5002135038375854,0.49997130036354065,0.5001621842384338
0,639,12.780000000000001,-1.1093366146087646,0.0666421428322792,0.28807196021080017,0.012365835718810558,0.4999808073043823,0.5002248287200928,0.499977171421051,0.5001564025878906
0,640,12.8,-1.1106692552566528,0.06662925332784653,0.28806883096694946,0.012365017086267471,0.49997156858444214,0.5002447962760925,0.49996984004974365,0.5001708269119263
0,641,12.82,-1.1120015382766724,0.06661360710859299,0.28806450963020325,0.01236463338136673,0.4999508857727051,0.5002689957618713,0.49995115399360657,0.500201940536499
0,642,12.84,-1.1133337020874023,0.06659487634897232,0.2880600690841675,0.012364549562335014,0.49992287158966064,0.5002923607826233,0.4999247193336487,0.500243067741394
0,643,12.86,-1.1146653890609741,0.06657285988330841,0.28805553913116455,0.012364675290882587,0.49989283084869385,0.5003103017807007,0.4998956322669983,0.5002859830856323
0,644,12.88,-1.1159965991973877,0.0665479227900505,0.28805011510849,0.012364969588816166,0.4998663365840912,0.5003190040588379,0.49986928701400757,0.5003224015235901
0,645,12.9,-1.1173272132873535,0.06652142852544785,0.28804486989974976,0.012365448288619518,0.4998481273651123,0.5003165602684021,0.49985039234161377,0.5003452301025391
0,646,12.92,-1.1186573505401611,0.06649480015039444,0.2880391478538513,0.012366170063614845,0.4998414218425751,0.5003030300140381,0.4998423457145691,0.5003502368927002
0,647,12.94,-1.1199871301651,0.06646956503391266,0.28803297877311707,0.012367231771349907,0.4998471736907959,0.500280499458313,0.4998463988304138,0.500336229801178
0,648,12.96,-1.1213160753250122,0.06644673645496368,0.28802698850631714,0.012368745170533657,0.49986425042152405,0.5002526044845581,0.49986159801483154,0.5003055930137634
0,649,12.98,-1.1226449012756348,0.06642724573612213,0.28802093863487244,0.012370808981359005,0.4998893737792969,0.5002237558364868,0.49988508224487305,0.5002636313438416
0,650,13.0,-1.1239732503890991,0.06641125679016113,0.2880139648914337,0.012373493984341621,0.49991801381111145,0.5001985430717468,0.4999125599861145,0.5002174973487854
0,651,13.02,-1.125301480293274,0.06639844179153442,0.2880072295665741,0.012376821599900723,0.4999450147151947,0.5001806020736694,0.4999391436576843,0.5001748204231262
0,652,13.040000000000001,-1.1266292333602905,0.06638780981302261,0.2880007028579712,0.012380761094391346,0.49996572732925415,0.5001722574234009,0.4999602735042572,0.5001425743103027
0,653,13.06,-1.1279569864273071,0.06637830287218094,0.2879941165447235,0.012385235168039799,0.49997684359550476,0.5001739859580994,0.499972403049469,0.5001254677772522
0,654,13.08,-1.129284381866455,0.066368468105793,0.2879866063594818,0.012390120886266232,0.4999766945838928,0.5001845359802246,0.4999738335609436,0.500125527381897
0,655,13.1,-1.1306116580963135,0.06635735183954239,0.28797927498817444,0.012395274825394154,0.4999658465385437,0.5002009868621826,0.49996471405029297,0.5001415014266968
0,656,13.120000000000001,-1.1319386959075928,0.06634379178285599,0.28797218203544617,0.012400553561747074,0.49994659423828125,0.500219464302063,0.4999472200870514,0.5001693964004517
0,657,13.14,-1.1332652568817139,0.06632760912179947,0.2879638373851776,0.012405830435454845,0.49992287158966064,0.5002357959747314,0.499924898147583,0.5002031326293945
0,658,13.16,-1.1345916986465454,0.06630890816450119,0.2879551947116852,0.012411023490130901,0.4998992383480072,0.5002463459968567,0.49990203976631165,0.5002357363700867
0,659,13.18,-1.1359176635742188,0.06628847122192383,0.2879467308521271,0.012416091747581959,0.4998801350593567,0.5002485513687134,0.49988293647766113,0.500260591506958
0,660,13.200000000000001,-1.1372432708740234,0.06626734137535095,0.2879384458065033,0.012421050108969212,0.49986904859542847,0.5002415180206299,0.499871164560318,0.5002726912498474
0,661,13.22,-1.1385682821273804,0.06624647974967957,0.2879290282726288,0.012425949797034264,0.4998679459095001,0.5002259016036987,0.49986883997917175,0.5002694129943848
0,662,13.24,-1.1398930549621582,0.06622714549303055,0.287919819355011,0.012430883944034576,0.4998769760131836,0.5002039670944214,0.49987632036209106,0.500251054763794
0,663,13.26,-1.1412174701690674,0.06621041148900986,0.2879108488559723,0.012435965240001678,0.4998944103717804,0.5001789331436157,0.4998922646045685,0.5002204179763794
0,664,13.280000000000001,-1.142541527748108,0.06619659066200256,0.2879020869731903,0.012441284023225307,0.4999171495437622,0.5001545548439026,0.49991375207901,0.500182569026947
0,665,13.3,-1.1438653469085693,0.06618566811084747,0.28789353370666504,0.012446911074221134,0.4999412000179291,0.5001344084739685,0.4999370574951172,0.5001437664031982
0,666,13.32,-1.145188808441162,0.06617723405361176,0.2878836989402771,0.012452877126634121,0.4999624192714691,0.5001211762428284,0.4999581575393677,0.5001102089881897
0,667,13.34,-1.1465123891830444,0.066170334815979,0.28787386417388916,0.0124591626226902,0.4999772608280182,0.500116229057312,0.49997350573539734,0.5000869035720825
0,668,13.36,-1.1478357315063477,0.06616414338350296,0.28786423802375793,0.012465697713196278,0.4999834895133972,0.5001193881034851,0.4999806582927704,0.5000770688056946
0,669,13.38,-1.1491588354110718,0.06615722924470901,0.2878548502922058,0.01247238740324974,0.49998044967651367,0.5001291036605835,0.49997884035110474,0.5000811815261841
0,670,13.4,-1.150481939315796,0.06614915281534195,0.2878456711769104,0.01247909851372242,0.49996909499168396,0.5001425743103027,0.49996882677078247,0.5000974535942078
0,671,13.42,-1.151804804801941,0.06613904237747192,0.2878365218639374,0.012485718354582787,0.49995195865631104,0.5001564621925354,0.49995285272598267,0.5001218318939209
0,672,13.44,-1.1531275510787964,0.0661267638206482,0.2878263592720032,0.012492136098444462,0.4999324381351471,0.5001674890518188,0.49993419647216797,0.5001488924026489
0,673,13.46,-1.1544499397277832,0.06611263751983643,0.2878164052963257,0.012498293071985245,0.499914288520813,0.5001729130744934,0.4999164938926697,0.5001729130744934
0,674,13.48,-1.1557719707489014,0.06609746068716049,0.2878062129020691,0.012504159472882748,0.4999009966850281,0.5001710057258606,0.49990314245224,0.5001888871192932
0,675,13.5,-1.1570937633514404,0.06608184427022934,0.28779610991477966,0.012509757652878761,0.4998950660228729,0.5001615285873413,0.49989667534828186,0.5001932978630066
0,676,13.52,-1.1584153175354004,0.06606727838516235,0.28778624534606934,0.012515153735876083,0.49989762902259827,0.5001454949378967,0.4998982548713684,0.500184953212738
0,677,13.540000000000001,-1.1597365140914917,0.0660543441772461,0.2877765893936157,0.012520436197519302,0.4999082386493683,0.5001252889633179,0.4999076724052429,0.5001649260520935
0,678,13.56,-1.1610573530197144,0.06604365259408951,0.28776654601097107,0.012525714002549648,0.49992501735687256,0.5001037120819092,0.4999232590198517,0.5001362562179565
0,679,13.58,-1.162378191947937,0.06603546440601349,0.28775593638420105,0.012531079351902008,0.49994492530822754,0.5000839829444885,0.4999423027038574,0.5001036524772644
0,680,13.6,-1.1636989116668701,0.06602957844734192,0.2877449691295624,0.012536594644188881,0.49996456503868103,0.5000687837600708,0.4999614953994751,0.5000721216201782
0,681,13.620000000000001,-1.1650193929672241,0.06602564454078674,0.2877342104911804,0.012542285956442356,0.4999806582927704,0.5000598430633545,0.49997764825820923,0.5000466108322144
0,682,13.64,-1.1663398742675781,0.06602273881435394,0.2877236604690552,0.012548133730888367,0.49999064207077026,0.5000578165054321,0.4999881386756897,0.5000307559967041
0,683,13.66,-1.1676603555679321,0.06602011620998383,0.28771334886550903,0.01255408488214016,0.49999311566352844,0.5000621676445007,0.4999914765357971,0.5000263452529907
0,684,13.68,-1.1689807176589966,0.06601673364639282,0.2877032160758972,0.01256004348397255,0.49998804926872253,0.500071108341217,0.49998754262924194,0.5000331997871399
0,685,13.700000000000001,-1.170301079750061,0.06601202487945557,0.2876930832862854,0.012565906159579754,0.49997678399086,0.5000821948051453,0.4999774396419525,0.5000490546226501
0,686,13.72,-1.1716212034225464,0.06600557267665863,0.28768301010131836,0.01257158163934946,0.49996182322502136,0.5000925064086914,0.4999634027481079,0.5000700354576111
0,687,13.74,-1.1729410886764526,0.06599748879671097,0.28767329454421997,0.0125769954174757,0.49994611740112305,0.5000995397567749,0.49994826316833496,0.5000916123390198
0,688,13.76,-1.1742610931396484,0.06598834693431854,0.2876637578010559,0.01258210651576519,0.49993276596069336,0.5001014471054077,0.49993497133255005,0.500109076499939
0,689,13.780000000000001,-1.1755807399749756,0.06597846001386642,0.28765445947647095,0.012586914002895355,0.49992433190345764,0.5000972151756287,0.4999261200428009,0.5001186728477478
0,690,13.8,-1.1769001483917236,0.06596874445676804,0.2876450717449188,0.012591448612511158,0.49992236495018005,0.5000870823860168,0.499923437833786,0.5001181960105896
0,691,13.82,-1.1782195568084717,0.0659598857164383,0.28763547539711,0.012595792300999165,0.4999273419380188,0.5000723004341125,0.49992746114730835,0.5001072883605957
0,692,13.84,-1.1795384883880615,0.0659526139497757,0.287625789642334,0.012600029818713665,0.49993833899497986,0.5000550150871277,0.499937504529953,0.500087559223175
0,693,13.86,-1.180857539176941,0.06594735383987427,0.2876150906085968,0.012604253366589546,0.4999534785747528,0.500037670135498,0.4999518394470215,0.5000620484352112
0,694,13.88,-1.1821763515472412,0.06594423949718475,0.28760454058647156,0.012608545832335949,0.49997010827064514,0.5000227093696594,0.4999679625034332,0.5000348687171936
0,695,13.9,-1.1834955215454102,0.06594294309616089,0.28759485483169556,0.012612954713404179,0.49998533725738525,0.5000120997428894,0.49998313188552856,0.5000102519989014
0,696,13.92,-1.1848140954971313,0.06594288349151611,0.28758564591407776,0.01261749304831028,0.49999678134918213,0.5000070333480835,0.49999484419822693,0.4999919831752777
0,697,13.94,-1.1861330270767212,0.06594350188970566,0.28757667541503906,0.012622133828699589,0.5000027418136597,0.5000075697898865,0.5000013113021851,0.499982625246048
0,698,13.96,-1.1874520778656006,0.06594377756118774,0.2875679135322571,0.012626826763153076,0.5000024437904358,0.5000128746032715,0.5000017881393433,0.499983012676239
0,699,13.98,-1.1887707710266113,0.06594334542751312,0.28755879402160645,0.012631494551897049,0.4999963343143463,0.5000213384628296,0.499996542930603,0.4999921917915344
0,700,14.0,-1.1900897026062012,0.06594152748584747,0.2875499129295349,0.012636052444577217,0.49998587369918823,0.5000306963920593,0.499986857175827,0.500007688999176
0,701,14.02,-1.1914085149765015,0.06593851745128632,0.2875401973724365,0.012640435248613358,0.4999731779098511,0.5000386834144592,0.49997478723526,0.5000259280204773
0,702,14.040000000000001,-1.1927272081375122,0.06593415141105652,0.2875303328037262,0.012644586153328419,0.49996083974838257,0.5000433325767517,0.4999627470970154,0.5000429749488831
0,703,14.06,-1.194045901298523,0.06592880189418793,0.2875202000141144,0.012648490257561207,0.49995118379592896,0.5000432729721069,0.4999530613422394,0.500055193901062
0,704,14.08,-1.1953643560409546,0.06592336297035217,0.2875102460384369,0.012652160599827766,0.49994614720344543,0.5000381469726562,0.4999476671218872,0.5000599026679993
0,705,14.1,-1.1966826915740967,0.06591825187206268,0.2875010073184967,0.012655641883611679,0.499946653842926,0.5000283718109131,0.49994754791259766,0.5000559091567993
0,706,14.120000000000001,-1.1980011463165283,0.0659141093492508,0.2874927520751953,0.012659008614718914,0.4999527633190155,0.5000153183937073,0.49995285272598267,0.5000438094139099
0,707,14.14,-1.1993193626403809,0.06591144949197769,0.2874842584133148,0.012662346474826336,0.4999634027481079,0.5000008344650269,0.4999626576900482,0.5000253915786743
0,708,14.16,-1.2006375789642334,0.0659104585647583,0.2874760329723358,0.012665726244449615,0.4999768137931824,0.4999871850013733,0.4999752938747406,0.5000036954879761
0,709,14.18,-1.2019559144973755,0.06591123342514038,0.28746798634529114,0.012669204734265804,0.49999064207077026,0.4999762177467346,0.4999885857105255,0.49998223781585693
0,710,14.200000000000001,-1.2032740116119385,0.06591325998306274,0.2874598503112793,0.012672819197177887,0.5000025629997253,0.4999694228172302,0.5000003576278687,0.49996426701545715
0,711,14.22,-1.2045923471450806,0.065916046500206,0.28745171427726746,0.012676565907895565,0.50001060962677,0.49996745586395264,0.5000086426734924,0.4999524652957916
0,712,14.24,-1.2059106826782227,0.06591913849115372,0.28744378685951233,0.012680421583354473,0.5000137090682983,0.49997004866600037,0.500012218952179,0.49994829297065735
0,713,14.26,-1.2072292566299438,0.06592190265655518,0.28743600845336914,0.012684322893619537,0.5000114440917969,0.4999762177467346,0.5000107288360596,0.49995186924934387
0,714,14.280000000000001,-1.208547592163086,0.06592381745576859,0.28742799162864685,0.012688206508755684,0.5000046491622925,0.4999842941761017,0.500004768371582,0.4999619126319885
0,715,14.3,-1.2098660469055176,0.06592462211847305,0.28741997480392456,0.012691996060311794,0.49999484419822693,0.4999924600124359,0.4999955892562866,0.4999760091304779
0,716,14.32,-1.2111846208572388,0.06592423468828201,0.2874120771884918,0.012695642188191414,0.49998390674591064,0.4999987781047821,0.4999851882457733,0.49999120831489563
0,717,14.34,-1.2125030755996704,0.06592284142971039,0.28740400075912476,0.01269911415874958,0.4999740421772003,0.5000017881393433,0.49997562170028687,0.5000044107437134
0,718,14.36,-1.2138214111328125,0.06592072546482086,0.28739598393440247,0.012702406384050846,0.49996715784072876,0.5000006556510925,0.49996864795684814,0.5000128746032715
0,719,14.38,-1.2151399850845337,0.06591865420341492,0.2873882055282593,0.012705539353191853,0.4999645948410034,0.49999529123306274,0.4999656677246094,0.5000149607658386
0,720,14.4,-1.2164582014083862,0.06591713428497314,0.2873804271221161,0.012708566151559353,0.4999668002128601,0.4999864995479584,0.4999672472476959,0.5000099539756775
0,721,14.42,-1.2177765369415283,0.06591647863388062,0.28737249970436096,0.012711554765701294,0.4999734163284302,0.4999755024909973,0.4999731183052063,0.49999865889549255
0,722,14.44,-1.21909499168396,0.06591716408729553,0.28736481070518494,0.0127145666629076,0.4999832808971405,0.4999640882015228,0.49998223781585693,0.4999828338623047
0,723,14.46,-1.220413088798523,0.06591929495334625,0.28735849261283875,0.012717659585177898,0.499994695186615,0.49995386600494385,0.49999311566352844,0.499965101480484
0,724,14.48,-1.2217317819595337,0.06592270731925964,0.2873520851135254,0.012720880098640919,0.5000057220458984,0.4999464452266693,0.5000038146972656,0.4999483823776245
0,725,14.5,-1.2230502367019653,0.06592700630426407,0.2873459458351135,0.012724235653877258,0.5000145435333252,0.49994271993637085,0.5000126361846924,0.4999353289604187
0,726,14.52,-1.2243690490722656,0.06593189388513565,0.2873399257659912,0.012727710418403149,0.5000197887420654,0.4999430179595947,0.5000181198120117,0.49992796778678894
0,727,14.540000000000001,-1.2256875038146973,0.06593652069568634,0.28733333945274353,0.012731276452541351,0.5000207424163818,0.4999469220638275,0.5000195503234863,0.4999271631240845
0,728,14.56,-1.227006196975708,0.06594078242778778,0.2873269319534302,0.012734875082969666,0.5000173449516296,0.49995338916778564,0.5000168681144714,0.4999326169490814
0,729,14.58,-1.2283251285552979,0.06594409793615341,0.2873207926750183,0.01273844949901104,0.5000105500221252,0.49996092915534973,0.5000106692314148,0.49994298815727234
0,730,14.6,-1.2296440601348877,0.06594647467136383,0.28731438517570496,0.012741945683956146,0.5000017285346985,0.49996793270111084,0.5000024437904358,0.49995607137680054
0,731,14.620000000000001,-1.2309629917144775,0.06594787538051605,0.28730812668800354,0.012745325453579426,0.49999263882637024,0.499972939491272,0.4999937117099762,0.4999692142009735
0,732,14.64,-1.2322818040847778,0.06594860553741455,0.2873021066188812,0.012748567387461662,0.4999850392341614,0.49997490644454956,0.4999861419200897,0.4999798536300659
0,733,14.66,-1.2336009740829468,0.06594891101121902,0.2872958481311798,0.012751678004860878,0.4999803304672241,0.4999733567237854,0.49998122453689575,0.499985933303833
0,734,14.68,-1.234919786453247,0.06594913452863693,0.28728988766670227,0.012754685245454311,0.4999794065952301,0.49996840953826904,0.4999798834323883,0.49998629093170166
0,735,14.700000000000001,-1.2362388372421265,0.06594990193843842,0.28728535771369934,0.012757640331983566,0.4999825060367584,0.49996092915534973,0.4999822974205017,0.49998077750205994
0,736,14.72,-1.2375578880310059,0.06595150381326675,0.28728049993515015,0.01276059728115797,0.49998900294303894,0.4999520778656006,0.4999881386756897,0.49997037649154663
0,737,14.74,-1.2388770580291748,0.06595425307750702,0.2872755825519562,0.012763600796461105,0.4999977648258209,0.49994343519210815,0.4999963641166687,0.4999569058418274
0,738,14.76,-1.2401959896087646,0.06595809012651443,0.28727084398269653,0.012766698375344276,0.5000072717666626,0.4999362826347351,0.5000054836273193,0.49994269013404846
0,739,14.780000000000001,-1.2415151596069336,0.06596284359693527,0.2872658967971802,0.012769908644258976,0.5000158548355103,0.49993178248405457,0.5000140070915222,0.499930202960968
0,740,14.8,-1.2428345680236816,0.06596836447715759,0.28726106882095337,0.012773225083947182,0.5000221133232117,0.49993059039115906,0.5000203847885132,0.4999214708805084
0,741,14.82,-1.2441539764404297,0.06597410142421722,0.28725647926330566,0.012776633724570274,0.5000249743461609,0.4999327063560486,0.500023603439331,0.4999178946018219
0,742,14.84,-1.245473861694336,0.0659794807434082,0.2872515916824341,0.012780087999999523,0.500024139881134,0.4999375343322754,0.5000233054161072,0.4999198019504547
0,743,14.86,-1.2467931509017944,0.06598423421382904,0.2872469127178192,0.012783540412783623,0.5000199675559998,0.4999440610408783,0.5000196695327759,0.49992671608924866
0,744,14.88,-1.2481129169464111,0.06598818302154541,0.2872428894042969,0.012786943465471268,0.5000132918357849,0.49995094537734985,0.5000134706497192,0.4999370872974396
0,745,14.9,-1.2494326829910278,0.06599122285842896,0.28723928332328796,0.012790247797966003,0.5000054836273193,0.499956876039505,0.5000060200691223,0.4999489486217499
0,746,14.92,-1.2507526874542236,0.06599360704421997,0.2872357666492462,0.012793430127203465,0.4999980926513672,0.499960720539093,0.4999987483024597,0.4999600648880005
0,747,14.94,-1.2520724534988403,0.06599532812833786,0.28723248839378357,0.012796491384506226,0.4999924898147583,0.49996182322502136,0.49999305605888367,0.49996837973594666
0,748,14.96,-1.2533923387527466,0.06599676609039307,0.28722891211509705,0.012799440883100033,0.4999896287918091,0.4999600052833557,0.49998998641967773,0.49997246265411377
0,749,14.98,-1.2547123432159424,0.06599830090999603,0.28722554445266724,0.012802311219274998,0.4999900758266449,0.4999556541442871,0.4999900162220001,0.4999715983867645
0,750,15.0,-1.2560323476791382,0.06600047647953033,0.2872222661972046,0.012805137783288956,0.4999936819076538,0.49994957447052,0.49999311566352844,0.499966025352478
0,751,15.02,-1.257352352142334,0.06600328534841537,0.28721883893013,0.012807966209948063,0.4999997317790985,0.4999428689479828,0.49999871850013733,0.49995681643486023
0,752,15.040000000000001,-1.2586724758148193,0.06600706279277802,0.2872155010700226,0.012810831889510155,0.500007152557373,0.4999367594718933,0.5000057220458984,0.4999457001686096
0,753,15.06,-1.2599927186965942,0.06601148843765259,0.28721195459365845,0.012813763692975044,0.50001460313797,0.49993231892585754,0.500012993812561,0.49993467330932617
0,754,15.08,-1.2613130807876587,0.0660167783498764,0.28720831871032715,0.01281676534563303,0.5000208020210266,0.4999302327632904,0.5000191926956177,0.4999257028102875
0,755,15.1,-1.2626334428787231,0.06602241098880768,0.2872062623500824,0.012819824740290642,0.500024676322937,0.49993085861206055,0.5000233054161072,0.49992048740386963
0,756,15.120000000000001,-1.263953685760498,0.06602807343006134,0.28720420598983765,0.012822912074625492,0.5000256896018982,0.49993401765823364,0.5000246167182922,0.4999198019504547
0,757,15.14,-1.2652744054794312,0.06603330373764038,0.2872020900249481,0.012825988233089447,0.5000237822532654,0.49993905425071716,0.5000231266021729,0.4999237656593323
0,758,15.16,-1.2665951251983643,0.0660378634929657,0.2872002124786377,0.012829008512198925,0.500019371509552,0.49994516372680664,0.5000190734863281,0.49993154406547546
0,759,15.18,-1.267916202545166,0.06604171544313431,0.28719809651374817,0.012831938453018665,0.5000133514404297,0.49995118379592896,0.5000134110450745,0.4999416768550873
0,760,15.200000000000001,-1.2692368030548096,0.06604476273059845,0.2871958017349243,0.01283474825322628,0.5000068545341492,0.49995607137680054,0.500007152557373,0.4999522566795349
0,761,15.22,-1.2705577611923218,0.06604722887277603,0.2871937155723572,0.012837418355047703,0.500001072883606,0.4999590516090393,0.5000014305114746,0.49996140599250793
0,762,15.24,-1.2718788385391235,0.06604932248592377,0.28719139099121094,0.012839959003031254,0.49999701976776123,0.49995964765548706,0.4999973177909851,0.4999675154685974
0,763,15.26,-1.2731996774673462,0.06605125218629837,0.28718921542167664,0.01284239161759615,0.4999954104423523,0.4999578893184662,0.49999552965164185,0.49996963143348694
0,764,15.280000000000001,-1.2745208740234375,0.06605322659015656,0.28718727827072144,0.012844731099903584,0.49999651312828064,0.4999542236328125,0.4999963045120239,0.4999675452709198
0,765,15.3,-1.2758419513702393,0.06605568528175354,0.28718501329421997,0.012847022153437138,0.5,0.4999493360519409,0.499999463558197,0.49996182322502136
0,766,15.32,-1.2771631479263306,0.06605903804302216,0.2871834933757782,0.0128492945805192,0.500005304813385,0.499944269657135,0.5000044107437134,0.49995365738868713
0,767,15.34,-1.2784842252731323,0.06606297194957733,0.28718265891075134,0.012851573526859283,0.5000114440917969,0.4999399781227112,0.5000101923942566,0.4999447166919708
0,768,15.36,-1.2798055410385132,0.06606754660606384,0.2871815860271454,0.012853874824941158,0.5000172257423401,0.4999372959136963,0.5000158548355103,0.49993669986724854
0,769,15.38,-1.2811269760131836,0.06607262790203094,0.28718075156211853,0.012856196612119675,0.5000216960906982,0.4999367594718933,0.5000203251838684,0.49993112683296204
0,770,15.4,-1.2824487686157227,0.06607763469219208,0.28717994689941406,0.012858511880040169,0.5000240802764893,0.4999385178089142,0.500022828578949,0.4999290108680725
0,771,15.42,-1.2837700843811035,0.0660826712846756,0.28717902302742004,0.01286079827696085,0.5000239610671997,0.49994227290153503,0.5000230073928833,0.4999307096004486
0,772,15.44,-1.285091757774353,0.06608721613883972,0.2871779799461365,0.01286302413791418,0.5000213980674744,0.4999473989009857,0.5000208020210266,0.4999358654022217
0,773,15.46,-1.286413550376892,0.06609119474887848,0.2871769070625305,0.012865155003964901,0.500016987323761,0.49995309114456177,0.5000167489051819,0.4999435544013977
0,774,15.48,-1.2877355813980103,0.06609435379505157,0.2871757745742798,0.012867160141468048,0.5000114440917969,0.499958336353302,0.5000115633010864,0.49995243549346924
0,775,15.5,-1.2890573740005493,0.0660969614982605,0.28717488050460815,0.012869025580585003,0.500005841255188,0.49996232986450195,0.5000061988830566,0.4999609887599945
0,776,15.52,-1.290379285812378,0.06609903275966644,0.28717389702796936,0.012870747596025467,0.5000011920928955,0.49996450543403625,0.5000016093254089,0.4999678432941437
0,777,15.540000000000001,-1.2917014360427856,0.06610085070133209,0.28717273473739624,0.012872336432337761,0.4999983012676239,0.4999645948410034,0.4999985992908478,0.4999719262123108
0,778,15.56,-1.2930232286453247,0.06610271334648132,0.28717172145843506,0.012873808853328228,0.49999764561653137,0.49996280670166016,0.49999767541885376,0.49997273087501526
0,779,15.58,-1.2943453788757324,0.06610473990440369,0.2871718406677246,0.012875191867351532,0.49999919533729553,0.4999594986438751,0.49999895691871643,0.49997031688690186
0,780,15.6,-1.2956676483154297,0.0661071315407753,0.2871720492839813,0.012876507826149464,0.5000026822090149,0.49995550513267517,0.5000021457672119,0.4999653100967407
0,781,15.620000000000001,-1.2969896793365479,0.06611013412475586,0.2871725261211395,0.012877787463366985,0.5000074505805969,0.49995172023773193,0.5000065565109253,0.499958872795105
0,782,15.64,-1.2983119487762451,0.06611382961273193,0.2871725261211395,0.012879042886197567,0.5000125765800476,0.4999488890171051,0.5000114440917969,0.4999522566795349
0,783,15.66,-1.299634337425232,0.06611771881580353,0.2871725559234619,0.01288028247654438,0.500016987323761,0.4999476969242096,0.5000157952308655,0.4999467432498932
0,784,15.68,-1.3009567260742188,0.06612184643745422,0.2871728241443634,0.012881498783826828,0.5000200271606445,0.4999483823776245,0.5000188946723938,0.49994343519210815
0,785,15.700000000000001,-1.3022791147232056,0.06612606346607208,0.28717276453971863,0.012882678769528866,0.5000210404396057,0.49995100498199463,0.5000202059745789,0.49994295835494995
0,786,15.72,-1.3036017417907715,0.06612998992204666,0.28717294335365295,0.012883791700005531,0.500019907951355,0.49995505809783936,0.5000194311141968,0.4999455213546753
0,787,15.74,-1.3049243688583374,0.06613342463970184,0.2871730625629425,0.012884820811450481,0.5000168681144714,0.4999600350856781,0.5000167489051819,0.49995070695877075
0,788,15.76,-1.3062471151351929,0.06613640487194061,0.2871728241443634,0.012885735370218754,0.5000124573707581,0.499965101480484,0.5000126361846924,0.49995771050453186
0,789,15.780000000000001,-1.3075697422027588,0.06613878905773163,0.287172794342041,0.01288652140647173,0.5000075101852417,0.499969482421875,0.5000079870223999,0.4999654293060303
0,790,15.8,-1.3088927268981934,0.0661405622959137,0.28717294335365295,0.01288716122508049,0.5000028610229492,0.4999725818634033,0.500003457069397,0.4999725818634033
0,791,15.82,-1.3102153539657593,0.06614208221435547,0.2871728539466858,0.01288765762001276,0.4999992847442627,0.49997398257255554,0.49999991059303284,0.49997806549072266
0,792,15.84,-1.3115382194519043,0.06614331901073456,0.2871726453304291,0.012888029217720032,0.49999740719795227,0.4999736249446869,0.4999978840351105,0.4999810755252838
0,793,15.860000000000001,-1.3128613233566284,0.06614474207162857,0.2871725559234619,0.012888292782008648,0.49999746680259705,0.49997177720069885,0.49999773502349854,0.49998122453689575
0,794,15.88,-1.3141840696334839,0.0661463662981987,0.2871723771095276,0.012888472527265549,0.49999937415122986,0.49996891617774963,0.49999934434890747,0.4999786615371704
0,795,15.9,-1.3155070543289185,0.06614834815263748,0.28717371821403503,0.012888593599200249,0.5000026822090149,0.49996572732925415,0.500002384185791,0.4999741017818451
0,796,15.92,-1.3168299198150635,0.06615079194307327,0.2871749699115753,0.012888678349554539,0.5000067949295044,0.4999629259109497,0.5000062584877014,0.4999684989452362
0,797,15.94,-1.3181530237197876,0.06615351140499115,0.28717586398124695,0.012888733297586441,0.5000109076499939,0.49996116757392883,0.5000102519989014,0.49996310472488403
0,798,15.96,-1.3194761276245117,0.06615658849477768,0.2871769666671753,0.012888764031231403,0.5000143051147461,0.49996092915534973,0.500013530254364,0.49995899200439453
0,799,15.98,-1.320799469947815,0.06615990400314331,0.28717827796936035,0.012888768687844276,0.5000162124633789,0.49996232986450195,0.5000155568122864,0.4999570846557617
0,800,16.0,-1.3221224546432495,0.0661630779504776,0.287179172039032,0.012888727709650993,0.5000163912773132,0.49996528029441833,0.500015914440155,0.49995777010917664
0,801,16.02,-1.3234459161758423,0.06616592407226562,0.287180095911026,0.012888620607554913,0.5000147223472595,0.49996936321258545,0.5000145435333252,0.49996110796928406
0,802,16.04,-1.3247692584991455,0.0661684051156044,0.2871812582015991,0.012888427823781967,0.5000115036964417,0.49997398257255554,0.500011682510376,0.4999665319919586
0,803,16.06,-1.3260924816131592,0.06617039442062378,0.28718212246894836,0.012888125143945217,0.5000072717666626,0.4999784827232361,0.5000078678131104,0.49997326731681824
0,804,16.080000000000002,-1.3274160623550415,0.06617170572280884,0.28718310594558716,0.012887704186141491,0.5000028610229492,0.49998220801353455,0.5000036358833313,0.49998021125793457
0,805,16.1,-1.3287394046783447,0.06617258489131927,0.28718405961990356,0.012887162156403065,0.4999989867210388,0.4999846816062927,0.49999985098838806,0.49998629093170166
0,806,16.12,-1.330062985420227,0.06617315113544464,0.28718477487564087,0.012886504642665386,0.49999627470970154,0.4999856948852539,0.4999970495700836,0.4999906122684479
0,807,16.14,-1.3313863277435303,0.06617367267608643,0.2871856689453125,0.012885750271379948,0.4999951124191284,0.4999851584434509,0.49999570846557617,0.49999257922172546
0,808,16.16,-1.3327099084854126,0.06617428362369537,0.2871866822242737,0.012884918600320816,0.499995619058609,0.4999834895133972,0.49999597668647766,0.4999920725822449
0,809,16.18,-1.3340333700180054,0.06617513298988342,0.28718727827072144,0.012884031049907207,0.499997615814209,0.4999811351299286,0.49999767541885376,0.4999893605709076
0,810,16.2,-1.3353573083877563,0.06617635488510132,0.28718793392181396,0.012883107177913189,0.5000006556510925,0.4999786615371704,0.500000536441803,0.49998512864112854
0,811,16.22,-1.3366806507110596,0.0661778599023819,0.287188857793808,0.012882167473435402,0.5000041723251343,0.4999766945838928,0.5000038743019104,0.4999803304672241
0,812,16.240000000000002,-1.3380039930343628,0.0661798045039177,0.2871896028518677,0.012881215661764145,0.5000074505805969,0.49997568130493164,0.5000070333480835,0.4999760091304779
0,813,16.26,-1.3393275737762451,0.06618177890777588,0.2871900498867035,0.012880255468189716,0.5000098347663879,0.4999759793281555,0.5000094771385193,0.4999730885028839
0,814,16.28,-1.340651273727417,0.06618385761976242,0.2871907651424408,0.012879271991550922,0.5000109076499939,0.49997761845588684,0.50001060962677,0.4999721646308899
0,815,16.3,-1.3419753313064575,0.06618587672710419,0.2871915400028229,0.01287826057523489,0.5000104308128357,0.4999804198741913,0.5000103712081909,0.4999735355377197
0,816,16.32,-1.3432989120483398,0.0661875307559967,0.2871919870376587,0.01287719514220953,0.5000085830688477,0.4999839961528778,0.5000087022781372,0.4999769926071167
0,817,16.34,-1.3446224927902222,0.06618884205818176,0.2871924936771393,0.012876064516603947,0.5000055432319641,0.49998778104782104,0.5000059604644775,0.4999820590019226
0,818,16.36,-1.345946192741394,0.06618963181972504,0.2871931791305542,0.012874849140644073,0.5000020265579224,0.4999912679195404,0.5000025033950806,0.4999879002571106
0,819,16.38,-1.3472702503204346,0.0661899745464325,0.2871936559677124,0.012873544357717037,0.49999845027923584,0.4999939501285553,0.499999076128006,0.49999359250068665
0,820,16.4,-1.348594307899475,0.06619009375572205,0.28719407320022583,0.012872153893113136,0.49999552965164185,0.4999954402446747,0.4999961256980896,0.49999821186065674
0,821,16.42,-1.3499177694320679,0.06619000434875488,0.2871945798397064,0.012870684266090393,0.4999937117099762,0.49999570846557617,0.4999942481517792,0.500001072883606
0,822,16.44,-1.3512414693832397,0.06618991494178772,0.28719499707221985,0.012869155965745449,0.499993234872818,0.49999484419822693,0.49999362230300903,0.500001847743988
0,823,16.46,-1.3525652885437012,0.06619001179933548,0.28719547390937805,0.012867583893239498,0.4999941289424896,0.49999308586120605,0.49999433755874634,0.5000005960464478
0,824,16.48,-1.3538894653320312,0.0661901980638504,0.2871958017349243,0.012865986675024033,0.4999961256980896,0.49999094009399414,0.499996155500412,0.499997615814209
0,825,16.5,-1.355212926864624,0.06619080901145935,0.2871963381767273,0.012864387594163418,0.49999886751174927,0.4999889135360718,0.49999871850013733,0.4999937117099762
0,826,16.52,-1.3565367460250854,0.06619162857532501,0.2871979773044586,0.012862791307270527,0.5000017285346985,0.49998748302459717,0.5000014901161194,0.49998965859413147
0,827,16.54,-1.3578604459762573,0.06619268655776978,0.28719979524612427,0.012861206196248531,0.5000041723251343,0.49998700618743896,0.5000039339065552,0.4999864101409912
0,828,16.56,-1.359184741973877,0.06619387120008469,0.287201464176178,0.012859625741839409,0.500005841255188,0.49998772144317627,0.5000056028366089,0.49998462200164795
0,829,16.580000000000002,-1.360508680343628,0.0661950558423996,0.2872030436992645,0.012858043424785137,0.5000062584877014,0.4999896287918091,0.5000061392784119,0.4999847412109375
0,830,16.6,-1.3618322610855103,0.06619605422019958,0.28720468282699585,0.012856445275247097,0.5000054240226746,0.4999924302101135,0.5000054836273193,0.499986857175827
0,831,16.62,-1.3631560802459717,0.06619684398174286,0.28720641136169434,0.012854821048676968,0.5000033974647522,0.4999958276748657,0.5000036954879761,0.49999064207077026
0,832,16.64,-1.3644801378250122,0.06619720160961151,0.28720805048942566,0.012853153981268406,0.500000536441803,0.4999993145465851,0.500001072883606,0.49999552965164185
0,833,16.66,-1.3658045530319214,0.06619700789451599,0.28720948100090027,0.012851433828473091,0.4999972879886627,0.5000024437904358,0.4999980330467224,0.5000007152557373
0,834,16.68,-1.3671280145645142,0.06619660556316376,0.2872111201286316,0.012849668972194195,0.4999942183494568,0.5000048279762268,0.49999508261680603,0.5000054240226746
0,835,16.7,-1.3684519529342651,0.06619593501091003,0.2872127592563629,0.012847861275076866,0.4999918043613434,0.5000061392784119,0.499992698431015,0.5000090599060059
0,836,16.72,-1.3697758913040161,0.06619514524936676,0.2872141897678375,0.012846018187701702,0.49999040365219116,0.5000064373016357,0.499991238117218,0.5000110864639282
0,837,16.740000000000002,-1.3711000680923462,0.06619429588317871,0.28721562027931213,0.012844156473875046,0.49999019503593445,0.5000057816505432,0.49999091029167175,0.5000113248825073
0,838,16.76,-1.372423529624939,0.06619365513324738,0.28721731901168823,0.012842291034758091,0.49999111890792847,0.5000045299530029,0.49999165534973145,0.5000100135803223
0,839,16.78,-1.37374746799469,0.06619305908679962,0.28721883893013,0.012840444222092628,0.4999929368495941,0.5000030398368835,0.4999932646751404,0.5000075101852417
0,840,16.8,-1.375071406364441,0.06619282066822052,0.2872200608253479,0.012838623486459255,0.49999523162841797,0.5000017285346985,0.4999954104423523,0.5000044703483582
0,841,16.82,-1.3763954639434814,0.06619273126125336,0.2872215211391449,0.012836835347115993,0.4999975562095642,0.5000009536743164,0.499997615814209,0.5000016093254089
0,842,16.84,-1.3777191638946533,0.06619291007518768,0.28722310066223145,0.012835079804062843,0.49999940395355225,0.500001072883606,0.49999943375587463,0.4999994933605194
0,843,16.86,-1.3790428638458252,0.06619299948215485,0.28722450137138367,0.012833349406719208,0.5000004172325134,0.5000021457672119,0.5000004768371582,0.49999865889549255
0,844,16.88,-1.3803669214248657,0.0661931186914444,0.28722572326660156,0.012831640429794788,0.5000004172325134,0.5000040531158447,0.5000005960464478,0.49999934434890747
0,845,16.9,-1.3816908597946167,0.06619308888912201,0.28722718358039856,0.012829936109483242,0.49999937415122986,0.5000066161155701,0.49999967217445374,0.5000014901161194
0,846,16.92,-1.3830145597457886,0.06619270145893097,0.28722867369651794,0.01282823458313942,0.49999743700027466,0.5000095367431641,0.4999978840351105,0.5000048279762268
0,847,16.94,-1.3843382596969604,0.06619199365377426,0.2872299551963806,0.012826518155634403,0.4999949634075165,0.5000122785568237,0.49999552965164185,0.5000089406967163
0,848,16.96,-1.385662317276001,0.06619091331958771,0.2872312068939209,0.01282478403300047,0.49999240040779114,0.50001460313797,0.4999930262565613,0.5000130534172058
0,849,16.98,-1.3869861364364624,0.06618975102901459,0.2872326374053955,0.01282302662730217,0.4999901056289673,0.5000161528587341,0.4999907612800598,0.5000166893005371
0,850,17.0,-1.3883097171783447,0.06618811190128326,0.28723403811454773,0.012821256183087826,0.49998846650123596,0.5000169277191162,0.49998903274536133,0.5000193119049072
0,851,17.02,-1.3896335363388062,0.06618660688400269,0.28723520040512085,0.012819476425647736,0.49998775124549866,0.5000167489051819,0.4999881982803345,0.5000206232070923
0,852,17.04,-1.3909574747085571,0.0661851167678833,0.28723645210266113,0.012817703187465668,0.49998798966407776,0.5000159740447998,0.49998828768730164,0.500020444393158
0,853,17.06,-1.39228093624115,0.06618370860815048,0.2872365415096283,0.01281594205647707,0.4999890625476837,0.5000147819519043,0.49998918175697327,0.5000190138816833
0,854,17.080000000000002,-1.3936043977737427,0.06618259847164154,0.28723639249801636,0.012814203277230263,0.49999070167541504,0.5000134706497192,0.49999067187309265,0.5000167489051819
0,855,17.1,-1.3949283361434937,0.06618160009384155,0.28723612427711487,0.012812499888241291,0.4999925196170807,0.5000123977661133,0.4999924600124359,0.5000140070915222
0,856,17.12,-1.3962520360946655,0.06618084013462067,0.28723594546318054,0.012810837477445602,0.4999942183494568,0.5000118017196655,0.499994158744812,0.5000115036964417
0,857,17.14,-1.3975753784179688,0.06618012487888336,0.28723594546318054,0.01280920673161745,0.49999547004699707,0.5000118613243103,0.4999954104423523,0.5000097155570984
0,858,17.16,-1.3988990783691406,0.06617943197488785,0.287235826253891,0.01280760858207941,0.49999603629112244,0.5000125169754028,0.49999600648880005,0.5000089406967163
0,859,17.18,-1.4002227783203125,0.06617869436740875,0.28723543882369995,0.012806031852960587,0.4999958276748657,0.5000137686729431,0.4999958872795105,0.5000095367431641
0,860,17.2,-1.4015463590621948,0.0661778599023819,0.287235289812088,0.012804469093680382,0.4999948740005493,0.500015377998352,0.49999502301216125,0.5000112652778625
0,861,17.22,-1.4028695821762085,0.06617678701877594,0.28723517060279846,0.012802906334400177,0.49999338388442993,0.5000171065330505,0.49999353289604187,0.5000138878822327
0,862,17.240000000000002,-1.40419340133667,0.06617558002471924,0.2872350513935089,0.012801334261894226,0.49999162554740906,0.5000187158584595,0.4999917447566986,0.5000169277191162
0,863,17.26,-1.4055171012878418,0.06617400050163269,0.28723466396331787,0.012799753807485104,0.4999898374080658,0.5000198483467102,0.49998995661735535,0.5000197887420654
0,864,17.28,-1.406840205192566,0.06617232412099838,0.28723451495170593,0.012798165902495384,0.4999884068965912,0.5000203847885132,0.49998849630355835,0.5000220537185669
0,865,17.3,-1.4081636667251587,0.06617052853107452,0.2872343361377716,0.012796573340892792,0.49998751282691956,0.5000202655792236,0.49998754262924194,0.500023365020752
0,866,17.32,-1.409487247467041,0.06616874039173126,0.2872341573238373,0.012794984504580498,0.49998730421066284,0.5000195503234863,0.49998727440834045,0.5000234246253967
0,867,17.34,-1.4108105897903442,0.06616713851690292,0.28723376989364624,0.012793406844139099,0.49998781085014343,0.5000184178352356,0.4999876916408539,0.5000224113464355
0,868,17.36,-1.4121335744857788,0.06616567075252533,0.2872336208820343,0.012791852466762066,0.4999888837337494,0.5000171065330505,0.49998870491981506,0.5000205039978027
0,869,17.38,-1.4134571552276611,0.06616438925266266,0.2872333526611328,0.01279032975435257,0.499990314245224,0.5000158548355103,0.4999900162220001,0.5000181198120117
0,870,17.400000000000002,-1.4147804975509644,0.06616322696208954,0.2872331440448761,0.012788843363523483,0.499991774559021,0.5000149011611938,0.4999914765357971,0.5000157952308655
0,871,17.42,-1.4161036014556885,0.066162109375,0.28723275661468506,0.012787392362952232,0.4999929964542389,0.5000144243240356,0.4999927878379822,0.5000138878822327
0,872,17.44,-1.4174268245697021,0.06616106629371643,0.28723257780075073,0.012785974889993668,0.49999380111694336,0.5000145435333252,0.4999936521053314,0.5000128149986267
0,873,17.46,-1.418750286102295,0.06616009026765823,0.28723224997520447,0.01278458908200264,0.4999939799308777,0.5000152587890625,0.49999386072158813,0.5000126957893372
0,874,17.48,-1.4200732707977295,0.06615892052650452,0.28723201155662537,0.012783226557075977,0.4999935030937195,0.500016450881958,0.4999935030937195,0.500013530254364
0,875,17.5,-1.421396255493164,0.06615780293941498,0.2872316539287567,0.012781876139342785,0.4999924302101135,0.5000178217887878,0.49999260902404785,0.5000152587890625
0,876,17.52,-1.4227197170257568,0.0661563128232956,0.2872314155101776,0.012780534103512764,0.4999910295009613,0.5000191926956177,0.4999912679195404,0.5000174045562744
0,877,17.54,-1.4240427017211914,0.06615477800369263,0.28723105788230896,0.012779205106198788,0.49998944997787476,0.5000203251838684,0.499989777803421,0.5000197291374207
0,878,17.56,-1.425365686416626,0.0661531537771225,0.287230908870697,0.012777881696820259,0.49998804926872253,0.5000211000442505,0.4999884068965912,0.5000216960906982
0,879,17.580000000000002,-1.42668879032135,0.06615127623081207,0.287230521440506,0.012776563875377178,0.49998700618743896,0.5000212788581848,0.4999873638153076,0.5000230669975281
0,880,17.6,-1.4280120134353638,0.06614937633275986,0.2872301936149597,0.012775260023772717,0.499986469745636,0.5000209808349609,0.49998679757118225,0.500023603439331
0,881,17.62,-1.4293347597122192,0.06614761799573898,0.28722983598709106,0.012773974798619747,0.49998655915260315,0.5000202655792236,0.49998679757118225,0.5000231862068176
0,882,17.64,-1.4306576251983643,0.06614592671394348,0.2872296869754791,0.012772718444466591,0.4999871850013733,0.5000192523002625,0.49998733401298523,0.5000220537185669
0,883,17.66,-1.4319809675216675,0.0661444365978241,0.2872293293476105,0.012771500274538994,0.49998822808265686,0.5000182390213013,0.49998828768730164,0.5000203847885132
0,884,17.68,-1.4333033561706543,0.06614305078983307,0.2872289717197418,0.01277032122015953,0.49998942017555237,0.5000172853469849,0.49998944997787476,0.5000184774398804
0,885,17.7,-1.4346263408660889,0.0661417543888092,0.28722861409187317,0.012769186869263649,0.4999905824661255,0.5000166893005371,0.4999905824661255,0.5000167489051819
0,886,17.72,-1.4359493255615234,0.06614051759243011,0.2872284948825836,0.012768099084496498,0.4999914765357971,0.5000165700912476,0.4999915063381195,0.5000154972076416
0,887,17.740000000000002,-1.437272071838379,0.06613931059837341,0.28722813725471497,0.012767055071890354,0.4999919533729553,0.500016987323761,0.4999919831752777,0.5000149011611938
0,888,17.76,-1.4385946989059448,0.06613815575838089,0.2872277796268463,0.012766052968800068,0.49999186396598816,0.5000177025794983,0.4999919831752777,0.500015139579773
0,889,17.78,-1.4399174451828003,0.06613679230213165,0.28722742199897766,0.012765077874064445,0.4999912679195404,0.5000187754631042,0.4999914765357971,0.5000160932540894
0,890,17.8,-1.4412404298782349,0.06613530218601227,0.2872272729873657,0.012764128856360912,0.4999902844429016,0.5000199675559998,0.4999905526638031,0.5000175833702087
0,891,17.82,-1.4425628185272217,0.06613381952047348,0.28722700476646423,0.01276320032775402,0.4999890923500061,0.5000210404396057,0.49998942017555237,0.500019371509552
0,892,17.84,-1.4438856840133667,0.06613205373287201,0.2872266471385956,0.01276229228824377,0.4999878704547882,0.5000218749046326,0.49998825788497925,0.50002121925354
0,893,17.86,-1.4452084302902222,0.06613020598888397,0.28722628951072693,0.012761400081217289,0.49998682737350464,0.5000223517417908,0.4999872148036957,0.5000227093696594
0,894,17.88,-1.4465306997299194,0.06612834334373474,0.287226140499115,0.012760527431964874,0.4999861717224121,0.5000224113464355,0.4999864995479584,0.500023603439331
0,895,17.900000000000002,-1.4478533267974854,0.06612646579742432,0.28722596168518066,0.012759679928421974,0.4999859631061554,0.5000220537185669,0.4999862313270569,0.5000237822532654
0,896,17.92,-1.4491760730743408,0.06612466275691986,0.287225604057312,0.012758863158524036,0.4999862015247345,0.5000213980674744,0.4999864101409912,0.5000233054161072
0,897,17.94,-1.4504984617233276,0.06612291932106018,0.28722524642944336,0.012758074328303337,0.499986857175827,0.5000205636024475,0.4999869763851166,0.5000222325325012
0,898,17.96,-1.451820731163025,0.06612128019332886,0.2872250974178314,0.01275732833892107,0.49998781085014343,0.5000197887420654,0.4999878406524658,0.5000208020210266
0,899,17.98,-1.4531433582305908,0.06611980497837067,0.28722500801086426,0.012756623327732086,0.4999887943267822,0.5000191330909729,0.4999887943267822,0.500019371509552
0,900,18.0,-1.454465627670288,0.06611830741167068,0.287224680185318,0.01275596022605896,0.49998968839645386,0.500018835067749,0.49998968839645386,0.5000180602073669
0,901,18.02,-1.4557877779006958,0.06611691415309906,0.28722429275512695,0.012755339033901691,0.499990314245224,0.5000188946723938,0.499990314245224,0.5000172257423401
0,902,18.04,-1.4571104049682617,0.06611557304859161,0.287224143743515,0.012754751369357109,0.4999905526638031,0.5000192523002625,0.4999905824661255,0.5000170469284058
0,903,18.06,-1.458432674407959,0.0661141499876976,0.2872241735458374,0.012754194438457489,0.4999903440475464,0.5000200271606445,0.49999043345451355,0.5000174641609192
0,904,18.080000000000002,-1.4597548246383667,0.06611257791519165,0.2872239053249359,0.012753667309880257,0.49998974800109863,0.5000209212303162,0.49998992681503296,0.5000184774398804
0,905,18.1,-1.4610769748687744,0.06611084938049316,0.2872234880924225,0.012753162533044815,0.4999888837337494,0.5000218749046326,0.4999890923500061,0.5000198483467102
0,906,18.12,-1.4623994827270508,0.06610909104347229,0.28722333908081055,0.012752662412822247,0.499987930059433,0.5000227093696594,0.4999881386756897,0.5000213384628296
0,907,18.14,-1.4637212753295898,0.06610727310180664,0.2872233986854553,0.012752174399793148,0.49998703598976135,0.5000233054161072,0.4999872148036957,0.5000227689743042
0,908,18.16,-1.465043544769287,0.0661054402589798,0.2872232496738434,0.012751705013215542,0.49998632073402405,0.5000235438346863,0.499986469745636,0.5000238418579102
0,909,18.18,-1.4663658142089844,0.06610351800918579,0.28722283244132996,0.01275125052779913,0.4999859035015106,0.5000234246253967,0.49998602271080017,0.5000243782997131
0,910,18.2,-1.4676874876022339,0.06610165536403656,0.2872217893600464,0.012750806286931038,0.4999859035015106,0.5000230073928833,0.4999859631061554,0.5000243186950684
0,911,18.22,-1.4690096378326416,0.06609988957643509,0.28722044825553894,0.012750382535159588,0.4999862313270569,0.5000224113464355,0.4999862313270569,0.5000237226486206
0,912,18.240000000000002,-1.4703317880630493,0.06609804928302765,0.2872190475463867,0.012749980203807354,0.49998682737350464,0.5000215768814087,0.49998679757118225,0.5000225901603699
0,913,18.26,-1.4716535806655884,0.06609617173671722,0.28721722960472107,0.01274960394948721,0.49998754262924194,0.5000208020210266,0.49998751282691956,0.50002121925354
0,914,18.28,-1.4729753732681274,0.06609442085027695,0.2872156500816345,0.012749253772199154,0.4999883472919464,0.5000200867652893,0.49998828768730164,0.5000197291374207
0,915,18.3,-1.4742977619171143,0.06609287858009338,0.2872143089771271,0.012748929671943188,0.49998903274536133,0.5000195503234863,0.49998894333839417,0.5000184774398804
0,916,18.32,-1.4756191968917847,0.06609150022268295,0.2872130274772644,0.01274863164871931,0.4999895393848419,0.5000192523002625,0.49998944997787476,0.5000175833702087
0,917,18.34,-1.4769409894943237,0.06609008461236954,0.28721126914024353,0.012748348526656628,0.4999898076057434,0.5000191926956177,0.49998965859413147,0.5000171661376953
0,918,18.36,-1.4782631397247314,0.06608876585960388,0.2872096598148346,0.01274807844310999,0.4999898076057434,0.5000192523002625,0.4999896287918091,0.5000172853469849
0,919,18.38,-1.4795845746994019,0.06608721613883972,0.28720828890800476,0.012747815810143948,0.4999895691871643,0.5000194311141968,0.4999893307685852,0.5000178813934326
0,920,18.400000000000002,-1.480906367301941,0.06608574092388153,0.28720712661743164,0.012747551314532757,0.4999890923500061,0.5000196695327759,0.4999888837337494,0.5000186562538147
0,921,18.42,-1.48222815990448,0.06608426570892334,0.28720536828041077,0.012747288681566715,0.4999885559082031,0.5000198483467102,0.4999883472919464,0.5000194311141968
0,922,18.44,-1.48354971408844,0.0660826563835144,0.2872037887573242,0.012747019529342651,0.49998804926872253,0.5000197887420654,0.4999878704547882,0.5000200867652893
0,923,18.46,-1.4848712682724,0.0660809725522995,0.2872024178504944,0.012746750377118587,0.4999876916408539,0.5000195503234863,0.49998748302459717,0.500020444393158
0,924,18.48,-1.486193060874939,0.06607934832572937,0.28720125555992126,0.012746481224894524,0.49998754262924194,0.5000190734863281,0.49998733401298523,0.5000203251838684
0,925,18.5,-1.4875144958496094,0.06607772409915924,0.28719961643218994,0.012746206484735012,0.4999876022338867,0.5000184178352356,0.4999874234199524,0.5000198483467102
0,926,18.52,-1.4888359308242798,0.06607620418071747,0.287198007106781,0.012745938263833523,0.499987930059433,0.5000175833702087,0.49998775124549866,0.5000188946723938
0,927,18.54,-1.4901577234268188,0.06607486307621002,0.2871966063976288,0.01274567749351263,0.4999884366989136,0.5000168085098267,0.49998825788497925,0.5000178217887878
0,928,18.56,-1.4914790391921997,0.06607351452112198,0.28719547390937805,0.012745429761707783,0.49998903274536133,0.5000160336494446,0.499988853931427,0.5000166296958923
0,929,18.580000000000002,-1.4928004741668701,0.06607218086719513,0.2871939539909363,0.012745184823870659,0.4999896287918091,0.500015377998352,0.49998942017555237,0.5000154972076416
0,930,18.6,-1.49412202835083,0.06607100367546082,0.28719231486320496,0.012744951993227005,0.4999901056289673,0.5000149607658386,0.49998992681503296,0.5000146627426147
0,931,18.62,-1.495443344116211,0.06606978923082352,0.2871909439563751,0.012744729407131672,0.49999040365219116,0.5000147819519043,0.4999902546405792,0.5000141263008118
0,932,18.64,-1.4967647790908813,0.066068634390831,0.2871897518634796,0.012744512408971786,0.4999904930591583,0.5000147223472595,0.4999903738498688,0.5000140070915222
0,933,18.66,-1.4980860948562622,0.06606747955083847,0.28718841075897217,0.012744295410811901,0.4999903440475464,0.5000148415565491,0.4999902546405792,0.5000141263008118
0,934,18.68,-1.4994075298309326,0.06606630980968475,0.28718677163124084,0.01274408120661974,0.49998998641967773,0.5000150203704834,0.49998998641967773,0.5000145435333252
0,935,18.7,-1.5007286071777344,0.06606502830982208,0.2871853709220886,0.012743865139782429,0.4999895691871643,0.5000151991844177,0.4999895989894867,0.5000149607658386
0,936,18.72,-1.5020500421524048,0.06606373190879822,0.2871841788291931,0.012743652798235416,0.4999891221523285,0.5000152587890625,0.4999891519546509,0.500015377998352
0,937,18.740000000000002,-1.5033713579177856,0.06606240570545197,0.28718292713165283,0.012743440456688404,0.49998870491981506,0.5000151991844177,0.49998876452445984,0.5000156760215759
0,938,18.76,-1.5046923160552979,0.06606116890907288,0.2871812880039215,0.012743228115141392,0.49998846650123596,0.5000149607658386,0.4999885559082031,0.5000156760215759
0,939,18.78,-1.5060137510299683,0.06605987250804901,0.2871798872947693,0.012743020430207253,0.4999884366989136,0.5000145435333252,0.49998849630355835,0.5000154376029968
0,940,18.8,-1.5073349475860596,0.06605854630470276,0.28717872500419617,0.01274282019585371,0.4999885857105255,0.5000139474868774,0.4999886453151703,0.5000149011611938
0,941,18.82,-1.5086560249328613,0.06605742871761322,0.2871774733066559,0.012742630206048489,0.4999889135360718,0.5000133514404297,0.49998894333839417,0.5000141859054565
0,942,18.84,-1.5099772214889526,0.06605623662471771,0.2871759533882141,0.012742445804178715,0.49998939037323,0.5000127553939819,0.49998942017555237,0.5000133514404297
0,943,18.86,-1.5112985372543335,0.06605516374111176,0.2871745526790619,0.012742279097437859,0.49998989701271057,0.5000121593475342,0.49998992681503296,0.5000125169754028
0,944,18.88,-1.5126193761825562,0.06605422496795654,0.287173330783844,0.012742124497890472,0.4999903440475464,0.5000117421150208,0.4999903738498688,0.5000118017196655
0,945,18.900000000000002,-1.5139405727386475,0.06605316698551178,0.2871720492839813,0.01274198293685913,0.4999907314777374,0.5000115633010864,0.49999070167541504,0.5000112056732178
0,946,18.92,-1.5152617692947388,0.06605222076177597,0.2871707081794739,0.012741850689053535,0.49999094009399414,0.5000115036964417,0.49999091029167175,0.5000108480453491
0,947,18.94,-1.5165824890136719,0.06605131924152374,0.28716927766799927,0.012741731479763985,0.49999091029167175,0.5000115633010864,0.49999094009399414,0.5000107884407043
0,948,18.96,-1.5179036855697632,0.06605027616024017,0.28716805577278137,0.012741624377667904,0.4999907314777374,0.5000118017196655,0.4999907910823822,0.5000109076499939
0,949,18.98,-1.519224762916565,0.06604920327663422,0.2871667742729187,0.012741521932184696,0.49999043345451355,0.5000119805335999,0.4999904930591583,0.5000112056732178
0,950,19.0,-1.5205456018447876,0.06604810804128647,0.2871655523777008,0.012741426937282085,0.4999900460243225,0.5000121593475342,0.4999901354312897,0.5000116229057312
0,951,19.02,-1.5218666791915894,0.06604708731174469,0.2871641218662262,0.012741339392960072,0.49998965859413147,0.500012218952179,0.4999898374080658,0.5000120401382446
0,952,19.04,-1.5231876373291016,0.06604599207639694,0.2871629297733307,0.012741251848638058,0.49998939037323,0.5000121593475342,0.4999895691871643,0.5000122785568237
0,953,19.06,-1.5245083570480347,0.06604494154453278,0.28716161847114563,0.012741172686219215,0.49998927116394043,0.5000119805335999,0.49998939037323,0.5000123381614685
0,954,19.080000000000002,-1.5258293151855469,0.0660438984632492,0.28716036677360535,0.012741098180413246,0.4999893307685852,0.5000116229057312,0.49998939037323,0.5000121593475342
0,955,19.1,-1.5271503925323486,0.06604285538196564,0.2871590852737427,0.012741035781800747,0.49998950958251953,0.5000112056732178,0.4999895691871643,0.5000118017196655
0,956,19.12,-1.5284709930419922,0.06604178249835968,0.2871578633785248,0.012740983627736568,0.4999898374080658,0.5000107288360596,0.4999898672103882,0.5000112056732178
0,957,19.14,-1.5297918319702148,0.06604088842868805,0.28715652227401733,0.012740938924252987,0.4999902546405792,0.5000102519989014,0.4999902546405792,0.5000104904174805
0,958,19.16,-1.5311129093170166,0.06603994965553284,0.28715530037879944,0.012740912847220898,0.49999070167541504,0.5000098347663879,0.49999067187309265,0.5000098347663879
0,959,19.18,-1.5324333906173706,0.06603910028934479,0.2871541678905487,0.012740898877382278,0.4999910891056061,0.5000095963478088,0.4999910593032837,0.5000092387199402
0,960,19.2,-1.5337543487548828,0.0660383552312851,0.2871529459953308,0.012740902602672577,0.49999135732650757,0.5000094771385193,0.4999913275241852,0.5000088214874268
0,961,19.22,-1.535075068473816,0.06603750586509705,0.2871515452861786,0.012740910984575748,0.4999914765357971,0.5000094771385193,0.49999144673347473,0.5000086426734924
0,962,19.240000000000002,-1.536395788192749,0.06603672355413437,0.2871503233909607,0.012740932404994965,0.49999138712882996,0.5000096559524536,0.49999144673347473,0.5000087022781372
0,963,19.26,-1.5377165079116821,0.06603600084781647,0.2871492803096771,0.01274095382541418,0.49999120831489563,0.5000098347663879,0.4999912679195404,0.5000088810920715
0,964,19.28,-1.5390374660491943,0.06603500247001648,0.2871481478214264,0.012740984559059143,0.49999091029167175,0.5000100135803223,0.4999910593032837,0.500009298324585
0,965,19.3,-1.5403578281402588,0.06603411585092545,0.2871467173099518,0.01274101436138153,0.4999906122684479,0.5000101327896118,0.4999907612800598,0.5000096559524536
0,966,19.32,-1.541678547859192,0.06603316962718964,0.2871454656124115,0.012741046957671642,0.4999903440475464,0.5000101923942566,0.4999904930591583,0.5000100135803223
0,967,19.34,-1.542999505996704,0.06603237986564636,0.28714442253112793,0.012741079553961754,0.49999016523361206,0.500010073184967,0.499990314245224,0.5000101923942566
0,968,19.36,-1.5443198680877686,0.06603148579597473,0.28714343905448914,0.012741112150251865,0.4999901354312897,0.5000098943710327,0.49999022483825684,0.5000102519989014
0,969,19.38,-1.5456405878067017,0.0660305842757225,0.28714197874069214,0.0127411512658,0.49999019503593445,0.5000095963478088,0.4999902844429016,0.500010073184967
0,970,19.400000000000002,-1.5469613075256348,0.06602977216243744,0.28714069724082947,0.012741191312670708,0.49999040365219116,0.5000092387199402,0.49999046325683594,0.5000097155570984
0,971,19.42,-1.5482816696166992,0.06602893769741058,0.2871396839618683,0.01274123601615429,0.4999907612800598,0.5000088810920715,0.4999907314777374,0.5000092387199402
0,972,19.44,-1.5496023893356323,0.06602805852890015,0.28713881969451904,0.01274129282683134,0.49999111890792847,0.5000085830688477,0.4999910295009613,0.5000087022781372
0,973,19.46,-1.5509229898452759,0.06602725386619568,0.28713732957839966,0.01274135708808899,0.49999144673347473,0.5000082850456238,0.49999135732650757,0.5000081658363342
0,974,19.48,-1.5522433519363403,0.06602644175291061,0.287136048078537,0.012741425074636936,0.4999917447566986,0.5000081062316895,0.49999162554740906,0.5000077486038208
0,975,19.5,-1.5535639524459839,0.06602559238672256,0.2871350049972534,0.01274150051176548,0.49999192357063293,0.5000080466270447,0.499991774559021,0.5000074505805969
0,976,19.52,-1.5548845529556274,0.06602495908737183,0.2871340811252594,0.012741579674184322,0.4999919831752777,0.5000081062316895,0.49999186396598816,0.5000073909759521
0,977,19.54,-1.5562047958374023,0.06602427363395691,0.28713276982307434,0.01274165790528059,0.49999192357063293,0.500008225440979,0.4999918043613434,0.5000074505805969
0,978,19.56,-1.557525396347046,0.06602339446544647,0.28713148832321167,0.012741739861667156,0.4999917447566986,0.5000083446502686,0.49999168515205383,0.500007688999176
0,979,19.580000000000002,-1.5588459968566895,0.06602261960506439,0.2871304452419281,0.012741814367473125,0.4999915361404419,0.5000084638595581,0.4999914765357971,0.5000079870223999
0,980,19.6,-1.5601661205291748,0.06602171808481216,0.2871294617652893,0.01274188794195652,0.4999912977218628,0.5000085234642029,0.4999912679195404,0.5000083446502686
0,981,19.62,-1.561486840248108,0.06602081656455994,0.2871283292770386,0.012741952203214169,0.49999114871025085,0.5000085234642029,0.4999910891056061,0.5000085830688477
0,982,19.64,-1.5628070831298828,0.06601999700069427,0.2871270477771759,0.01274201087653637,0.4999910593032837,0.5000083446502686,0.4999909996986389,0.5000087022781372
0,983,19.66,-1.5641274452209473,0.06601919233798981,0.28712597489356995,0.012742064893245697,0.4999910593032837,0.5000081658363342,0.4999909996986389,0.5000086426734924
0,984,19.68,-1.5654480457305908,0.06601832062005997,0.287124902009964,0.012742117047309875,0.49999120831489563,0.5000079274177551,0.4999910891056061,0.5000084042549133
0,985,19.7,-1.5667681694030762,0.0660175234079361,0.28712379932403564,0.01274216827005148,0.49999138712882996,0.5000076293945312,0.4999912977218628,0.5000080466270447
0,986,19.72,-1.5680885314941406,0.066016785800457,0.2871226668357849,0.01274221483618021,0.49999165534973145,0.5000073313713074,0.4999915659427643,0.5000075697898865
0,987,19.740000000000002,-1.569408893585205,0.0660160481929779,0.28712159395217896,0.012742258608341217,0.49999192357063293,0.5000070333480835,0.49999183416366577,0.500007152557373
0,988,19.76,-1.5707292556762695,0.06601532548666,0.28712040185928345,0.012742304243147373,0.4999921917915344,0.5000068545341492,0.4999920725822449,0.5000067353248596
0,989,19.78,-1.5720493793487549,0.06601466238498688,0.2871192991733551,0.012742346152663231,0.49999237060546875,0.5000067949295044,0.4999922513961792,0.5000064373016357
0,990,19.8,-1.5733699798583984,0.06601391732692719,0.2871183156967163,0.012742381542921066,0.4999924898147583,0.5000067949295044,0.49999234080314636,0.5000063180923462
0,991,19.82,-1.5746899843215942,0.06601329147815704,0.28711727261543274,0.012742412276566029,0.4999924600124359,0.5000067949295044,0.49999237060546875,0.5000063180923462
0,992,19.84,-1.5760102272033691,0.06601260602474213,0.2871159315109253,0.012742437422275543,0.49999237060546875,0.500006914138794,0.4999922811985016,0.5000064969062805
0,993,19.86,-1.5773308277130127,0.06601182371377945,0.28711482882499695,0.012742457911372185,0.4999922513961792,0.5000070333480835,0.49999213218688965,0.5000067353248596
0,994,19.88,-1.5786505937576294,0.06601109355688095,0.2871139347553253,0.012742468155920506,0.4999920725822449,0.5000070929527283,0.4999919533729553,0.5000069737434387
0,995,19.900000000000002,-1.5799709558486938,0.06601044535636902,0.28711286187171936,0.012742468155920506,0.49999189376831055,0.5000070929527283,0.49999183416366577,0.5000072121620178
0,996,19.92,-1.5812914371490479,0.06600973010063171,0.2871115207672119,0.01274245698004961,0.499991774559021,0.5000070333480835,0.4999917149543762,0.5000073313713074
0,997,19.94,-1.582611322402954,0.06600907444953918,0.28711041808128357,0.012742436490952969,0.4999917447566986,0.500006914138794,0.49999168515205383,0.5000072717666626
0,998,19.96,-1.5839316844940186,0.06600838899612427,0.28710952401161194,0.012742407619953156,0.4999918043613434,0.5000067353248596,0.4999917149543762,0.500007152557373
0,999,19.98,-1.585251808166504,0.06600767374038696,0.28710854053497314,0.01274237409234047,0.49999192357063293,0.5000064969062805,0.49999183416366577,0.500006914138794
0,1000,20.0,-1.5865719318389893,0.06600698828697205,0.2871071696281433,0.012742332182824612,0.49999210238456726,0.5000062584877014,0.4999920427799225,0.5000065565109253
1,1,0.02,-2.363997220993042,0.1678052693605423,0.5728666186332703,0.605323314666748,0.3945239186286926,0.5400254726409912,0.4543513059616089,0.44838371872901917
1,2,0.04,-2.3685073852539062,0.1827060729265213,0.5678631663322449,0.5673925876617432,0.32183051109313965,0.6020404100418091,0.39271700382232666,0.41297709941864014
1,3,0.06,-2.37239146232605,0.18924367427825928,0.5635015368461609,0.5285087823867798,0.26992225646972656,0.6402516961097717,0.3311120867729187,0.4172873795032501
1,4,0.08,-2.3755440711975098,0.18523642420768738,0.5596897006034851,0.49187737703323364,0.2358819544315338,0.6557004451751709,0.2794996500015259,0.4549858868122101
1,5,0.1,-2.3780248165130615,0.1721951961517334,0.5563672184944153,0.461042582988739,0.22358882427215576,0.6499186754226685,0.24853724241256714,0.51680988073349
1,6,0.12,-2.380012273788452,0.15353840589523315,0.5535091161727905,0.4385150074958801,0.23583966493606567,0.6250646114349365,0.2435007393360138,0.5836920142173767
1,7,0.14,-2.3817250728607178,0.13413169980049133,0.5511166453361511,0.4250108599662781,0.2701592445373535,0.5847015380859375,0.2662358283996582,0.6334725022315979
1,8,0.16,-2.3833768367767334,0.11965786665678024,0.5492057204246521,0.41986215114593506,0.3188127279281616,0.5345855355262756,0.3157182037830353,0.6531370878219604
1,9,0.18,-2.385157346725464,0.11456511169672012,0.5477957129478455,0.4215546250343323,0.37135785818099976,0.4832296073436737,0.3836013078689575,0.6398501396179199
1,10,0.2,-2.387214422225952,0.11998211592435837,0.5468999147415161,0.4279792010784149,0.41797488927841187,0.4409373700618744,0.4534141421318054,0.5950658321380615
1,11,0.22,-2.3896243572235107,0.13371597230434418,0.5465162992477417,0.43694815039634705,0.453285813331604,0.4157601594924927,0.5097285509109497,0.523699164390564
1,12,0.24,-2.3923683166503906,0.1519896537065506,0.5466257929801941,0.4469884932041168,0.47738373279571533,0.4097781479358673,0.5460260510444641,0.4381362199783325
1,13,0.26,-2.395346164703369,0.17109116911888123,0.5472012162208557,0.4576626718044281,0.4921323359012604,0.4191009998321533,0.5622199773788452,0.3586792051792145
1,14,0.28,-2.398421049118042,0.1880211979150772,0.5482162833213806,0.4691092073917389,0.4985072910785675,0.43686792254447937,0.5596158504486084,0.3042983412742615
1,15,0.3,-2.40146803855896,0.200392484664917,0.5496507883071899,0.48144128918647766,0.49769020080566406,0.45716750621795654,0.539960503578186,0.2841225862503052
1,16,0.32,-2.4044151306152344,0.206495463848114,0.5514913201332092,0.49453556537628174,0.4911150336265564,0.47686824202537537,0.5068195462226868,0.30040183663368225
1,17,0.34,-2.4072532653808594,0.20571351051330566,0.5537334084510803,0.5080193281173706,0.47917717695236206,0.4949260354042053,0.46640247106552124,0.3531602621078491
1,18,0.36,-2.4100193977355957,0.1987057477235794,0.5563833117485046,0.5212407112121582,0.4617982804775238,0.5110810399055481,0.426885724067688,0.4357680082321167
1,19,0.38,-2.412757396697998,0.18719324469566345,0.5594508051872253,0.5333651304244995,0.4408494830131531,0.5243879556655884,0.39639949798583984,0.5271609425544739
1,20,0.4,-2.4154820442199707,0.1735224425792694,0.5629377961158752,0.5437174439430237,0.4214761555194855,0.5318846106529236,0.3809181749820709,0.5996822714805603
1,21,0.42,-2.4181785583496094,0.16005229949951172,0.5668278932571411,0.5520291328430176,0.40977874398231506,0.5296778678894043,0.38286858797073364,0.6378257870674133
1,22,0.44,-2.4208273887634277,0.14864277839660645,0.5710888504981995,0.5583812594413757,0.4091113209724426,0.5166900753974915,0.40053319931030273,0.6411762237548828
1,23,0.46,-2.4234228134155273,0.14049166440963745,0.5756784677505493,0.5630350708961487,0.4188239276409149,0.49667537212371826,0.4287348985671997,0.6155989766120911
1,24,0.48,-2.4259815216064453,0.13619717955589294,0.5805513858795166,0.5663019418716431,0.43543559312820435,0.47609299421310425,0.4607216417789459,0.5684410929679871
1,25,0.5,-2.4285361766815186,0.13586606085300446,0.5856620073318481,0.568466305732727,0.4546777307987213,0.4603680968284607,0.49030256271362305,0.5088083744049072
1,26,0.52,-2.4311301708221436,0.13917960226535797,0.5909677147865295,0.5697255730628967,0.47306597232818604,0.4516930878162384,0.5131054520606995,0.44827452301979065
1,27,0.54,-2.433807611465454,0.1454160064458847,0.5964298844337463,0.5701262354850769,0.48849600553512573,0.44922035932540894,0.5267333984375,0.3988979756832123
1,28,0.56,-2.436609983444214,0.1535121202468872,0.6020146608352661,0.5695099234580994,0.5002650618553162,0.4507041275501251,0.5305303931236267,0.36960434913635254
1,29,0.58,-2.4395720958709717,0.1621745228767395,0.6076920628547668,0.5674949884414673,0.5086053609848022,0.4541179835796356,0.5254263281822205,0.3645792007446289
1,30,0.6,-2.4427173137664795,0.16999708116054535,0.6134347915649414,0.563508152961731,0.5138064026832581,0.45837292075157166,0.5137315988540649,0.3839225769042969
1,31,0.62,-2.4460463523864746,0.17561492323875427,0.61921626329422,0.5569022297859192,0.515597939491272,0.4632619023323059,0.4986710548400879,0.42360183596611023
1,32,0.64,-2.449526071548462,0.17800591886043549,0.6250069737434387,0.5471898913383484,0.5133542418479919,0.4689805507659912,0.4836570620536804,0.47426122426986694
1,33,0.66,-2.4530906677246094,0.17686770856380463,0.6307727098464966,0.5343027710914612,0.5070523619651794,0.4753461182117462,0.4715133011341095,0.5225332379341125
1,34,0.68,-2.456658124923706,0.17275865375995636,0.6364714503288269,0.5186664462089539,0.49817872047424316,0.48117193579673767,0.46395745873451233,0.5564700365066528
1,35,0.7000000000000001,-2.4601566791534424,0.16689956188201904,0.6420552134513855,0.5010313391685486,0.4895153045654297,0.48459911346435547,0.461520254611969,0.5702469348907471
1,36,0.72,-2.4635448455810547,0.16080519556999207,0.6474733352661133,0.4822283983230591,0.48379024863243103,0.48428604006767273,0.4638272523880005,0.5643570423126221
1,37,0.74,-2.4668195247650146,0.15590250492095947,0.6526772975921631,0.46299248933792114,0.48240941762924194,0.48023897409439087,0.46998441219329834,0.5433899760246277
1,38,0.76,-2.470012664794922,0.15319591760635376,0.6576234698295593,0.44387492537498474,0.48520606756210327,0.47356417775154114,0.4788492023944855,0.5139685273170471
1,39,0.78,-2.4731764793395996,0.15307924151420593,0.6622737646102905,0.4252094030380249,0.49104610085487366,0.46566638350486755,0.48915624618530273,0.48315179347991943
1,40,0.8,-2.476367235183716,0.15534450113773346,0.666596531867981,0.40710556507110596,0.49859529733657837,0.4576980769634247,0.49959155917167664,0.4570605158805847
1,41,0.8200000000000001,-2.4796323776245117,0.1593499481678009,0.6705652475357056,0.38946500420570374,0.5067534446716309,0.45049184560775757,0.5089063048362732,0.4399060010910034
1,42,0.84,-2.483001232147217,0.16424334049224854,0.6741568446159363,0.37202951312065125,0.5146822333335876,0.44473350048065186,0.5160788297653198,0.4336123764514923
1,43,0.86,-2.486480474472046,0.16916385293006897,0.6773505806922913,0.35447460412979126,0.5216264724731445,0.44109007716178894,0.5204560160636902,0.43787115812301636
1,44,0.88,-2.4900565147399902,0.17340438067913055,0.6801272630691528,0.3365524709224701,0.5267802476882935,0.440164715051651,0.5218060612678528,0.4503743052482605
1,45,0.9,-2.493699550628662,0.17653383314609528,0.6824678182601929,0.3182635009288788,0.5293536186218262,0.4422933757305145,0.5202740430831909,0.46726396679878235
1,46,0.92,-2.4973738193511963,0.17846593260765076,0.6843540072441101,0.29999592900276184,0.5288397073745728,0.4472843408584595,0.5162947773933411,0.4840250015258789
1,47,0.9400000000000001,-2.5010478496551514,0.17944113910198212,0.6857680082321167,0.28256282210350037,0.5253168344497681,0.45426347851753235,0.5105248689651489,0.49674391746520996
1,48,0.96,-2.504702091217041,0.17990732192993164,0.6866942644119263,0.2671022117137909,0.519562304019928,0.4617840051651001,0.503812313079834,0.5031984448432922
1,49,0.98,-2.508331537246704,0.1803491860628128,0.6871193051338196,0.2548591196537018,0.5128682851791382,0.468214750289917,0.49715718626976013,0.5032525658607483
1,50,1.0,-2.51194429397583,0.18112371861934662,0.68703293800354,0.24690385162830353,0.5066587924957275,0.47222593426704407,0.49160146713256836,0.49848008155822754
1,51,1.02,-2.5155534744262695,0.18237347900867462,0.6864284873008728,0.24386611580848694,0.5021137595176697,0.4731327295303345,0.48804378509521484,0.49131137132644653
1,52,1.04,-2.5191736221313477,0.18403343856334686,0.6853022575378418,0.24578753113746643,0.4999447464942932,0.4709855914115906,0.4870462417602539,0.4841075837612152
1,53,1.06,-2.522813558578491,0.18592004477977753,0.683653712272644,0.2521662414073944,0.5003358721733093,0.4664548933506012,0.48871225118637085,0.47849538922309875
1,54,1.08,-2.5264759063720703,0.1878400593996048,0.6814846396446228,0.2621661126613617,0.502989649772644,0.4606144428253174,0.49267464876174927,0.4751112461090088
1,55,1.1,-2.5301589965820312,0.189676895737648,0.678799569606781,0.2748735845088959,0.507230281829834,0.45469874143600464,0.4981875419616699,0.4737108647823334
1,56,1.12,-2.5338594913482666,0.19142591953277588,0.6756051778793335,0.2894883453845978,0.5121480226516724,0.449871301651001,0.50428706407547,0.473499596118927
1,57,1.1400000000000001,-2.5375759601593018,0.19317613542079926,0.6719104051589966,0.3054066002368927,0.5167739987373352,0.4470287561416626,0.5099795460700989,0.4735390841960907
1,58,1.16,-2.541311740875244,0.19505856931209564,0.6677266359329224,0.32221585512161255,0.5202570557594299,0.4466664493083954,0.51441490650177,0.4731135070323944
1,59,1.18,-2.545073986053467,0.19718120992183685,0.6630675792694092,0.339643269777298,0.5220007300376892,0.44882622361183167,0.5170110464096069,0.47197020053863525
1,60,1.2,-2.5488734245300293,0.19957298040390015,0.6579494476318359,0.35749441385269165,0.5217362642288208,0.4531313180923462,0.517510712146759,0.47038331627845764
1,61,1.22,-2.5527212619781494,0.2021557241678238,0.6523900032043457,0.3756057322025299,0.519530177116394,0.4588969647884369,0.5159733891487122,0.46903491020202637
1,62,1.24,-2.556624174118042,0.20475611090660095,0.6464089155197144,0.3938182294368744,0.5157432556152344,0.4652867019176483,0.5127204060554504,0.46875905990600586
1,63,1.26,-2.56058406829834,0.20714737474918365,0.6400268077850342,0.41196709871292114,0.5109571218490601,0.4714762270450592,0.5082589983940125,0.4702340364456177
1,64,1.28,-2.5645952224731445,0.20911362767219543,0.63326495885849,0.42988383769989014,0.5058794021606445,0.4767864942550659,0.5032051801681519,0.47372010350227356
1,65,1.3,-2.568648099899292,0.2105126678943634,0.6261448860168457,0.4474033713340759,0.50123530626297,0.48076415061950684,0.498212993144989,0.4789230227470398
1,66,1.32,-2.5727291107177734,0.21131524443626404,0.6186886429786682,0.4643731117248535,0.49765539169311523,0.4832077622413635,0.4939086437225342,0.4850241541862488
1,67,1.34,-2.5768251419067383,0.2116168737411499,0.6109187602996826,0.4806593656539917,0.4955722987651825,0.48415443301200867,0.49082237482070923,0.49087148904800415
1,68,1.36,-2.5809268951416016,0.2116117775440216,0.6028584837913513,0.49615147709846497,0.4951460361480713,0.48384520411491394,0.48931917548179626,0.49527671933174133
1,69,1.3800000000000001,-2.5850300788879395,0.21154499053955078,0.5945321917533875,0.5107604265213013,0.4962378442287445,0.4826798141002655,0.48954030871391296,0.49732962250709534
1,70,1.4000000000000001,-2.589137315750122,0.2116503119468689,0.5859660506248474,0.5244135856628418,0.49844494462013245,0.48116162419319153,0.49137356877326965,0.4966380298137665
1,71,1.42,-2.5932557582855225,0.2120991200208664,0.5771877765655518,0.5370475649833679,0.5011909604072571,0.47982990741729736,0.49446696043014526,0.49343422055244446
1,72,1.44,-2.5973963737487793,0.21296417713165283,0.5682268142700195,0.5486012101173401,0.5038460493087769,0.4791836440563202,0.4982854127883911,0.4885307550430298
1,73,1.46,-2.601569414138794,0.21420873701572418,0.5591142177581787,0.5590108633041382,0.5058441758155823,0.47961074113845825,0.5021961331367493,0.4831453263759613
1,74,1.48,-2.605783462524414,0.21570000052452087,0.549882173538208,0.5682105422019958,0.5067692399024963,0.4813383221626282,0.5055631399154663,0.4786364734172821
1,75,1.5,-2.6100425720214844,0.21724042296409607,0.5405633449554443,0.5761364698410034,0.5063984990119934,0.48441335558891296,0.5078363418579102,0.4762069582939148
1,76,1.52,-2.614345073699951,0.21860812604427338,0.5311901569366455,0.5827357172966003,0.5047081112861633,0.4887072741985321,0.5086272358894348,0.4766388535499573
1,77,1.54,-2.6186842918395996,0.2195984572172165,0.5217944979667664,0.5879799127578735,0.5018576383590698,0.49393439292907715,0.5077676177024841,0.48011845350265503
1,78,1.56,-2.623049736022949,0.22006137669086456,0.5124071836471558,0.5918756127357483,0.49816903471946716,0.4996773302555084,0.5053445100784302,0.4861932694911957
1,79,1.58,-2.6274282932281494,0.2199227213859558,0.5030575394630432,0.5944693684577942,0.49410179257392883,0.5054243206977844,0.5017014741897583,0.4938797950744629
1,80,1.6,-2.6318066120147705,0.21919451653957367,0.49377384781837463,0.5958430171012878,0.49020928144454956,0.5106294751167297,0.4973987340927124,0.5019029378890991
1,81,1.62,-2.6361732482910156,0.21796594560146332,0.48458346724510193,0.5960977077484131,0.4870606064796448,0.5148000121116638,0.4931288957595825,0.5090019106864929
1,82,1.6400000000000001,-2.6405184268951416,0.21638554334640503,0.47551289200782776,0.5953330397605896,0.4851302206516266,0.5175977349281311,0.4895979166030884,0.5142071843147278
1,83,1.6600000000000001,-2.6448376178741455,0.21462967991828918,0.4665885865688324,0.5936274528503418,0.48468419909477234,0.518924355506897,0.4873923659324646,0.5170078277587891
1,84,1.68,-2.6491286754608154,0.21287181973457336,0.45783668756484985,0.5910259485244751,0.48570722341537476,0.5189574360847473,0.4868638217449188,0.5173863172531128
1,85,1.7,-2.6533925533294678,0.21125639975070953,0.44928333163261414,0.5875399708747864,0.4879005551338196,0.518119752407074,0.488058477640152,0.5157491564750671
1,86,1.72,-2.6576333045959473,0.20987524092197418,0.4409543573856354,0.583153247833252,0.4907522201538086,0.5169878602027893,0.49071040749549866,0.5128049850463867
1,87,1.74,-2.6618547439575195,0.20875924825668335,0.43287497758865356,0.5778349041938782,0.493653267621994,0.516169548034668,0.4942984879016876,0.5094253420829773
1,88,1.76,-2.6660609245300293,0.20787526667118073,0.4250692129135132,0.5715521574020386,0.4960222542285919,0.5161837339401245,0.4981516897678375,0.5065043568611145
1,89,1.78,-2.6702537536621094,0.20713572204113007,0.41755959391593933,0.5642833113670349,0.49740657210350037,0.5173697471618652,0.5015771389007568,0.5048224329948425
1,90,1.8,-2.6744329929351807,0.20641644299030304,0.4103662669658661,0.5560275912284851,0.4975455701351166,0.5198387503623962,0.5039829611778259,0.5049214959144592
1,91,1.82,-2.678595781326294,0.20557639002799988,0.4035068452358246,0.5468147993087769,0.4963962137699127,0.5234659314155579,0.5049756765365601,0.5070129632949829
1,92,1.84,-2.68273663520813,0.20448487997055054,0.3969959318637848,0.5367089509963989,0.49413031339645386,0.5279183387756348,0.5044189095497131,0.5109414458274841
1,93,1.86,-2.6868484020233154,0.20304124057292938,0.3908451497554779,0.5258080959320068,0.49110856652259827,0.5327121019363403,0.5024490356445312,0.5162211060523987
1,94,1.8800000000000001,-2.690922975540161,0.2011919617652893,0.38506317138671875,0.5142350196838379,0.487830251455307,0.5372946858406067,0.49944770336151123,0.5221425294876099
1,95,1.9000000000000001,-2.6949517726898193,0.19893911480903625,0.379656046628952,0.5021226406097412,0.4848549962043762,0.5411425828933716,0.49597305059432983,0.5279224514961243
1,96,1.92,-2.698928117752075,0.19633956253528595,0.37462741136550903,0.4895961582660675,0.4827021658420563,0.5438600182533264,0.4926582872867584,0.5328548550605774
1,97,1.94,-2.702846050262451,0.19349440932273865,0.36997881531715393,0.47675734758377075,0.4817454516887665,0.545256495475769,0.4900928735733032,0.5364238023757935
1,98,1.96,-2.706702947616577,0.19052933156490326,0.3657098710536957,0.4636765420436859,0.4821324646472931,0.5453841686248779,0.4887101352214813,0.538361668586731
1,99,1.98,-2.710498332977295,0.18757019937038422,0.3618182837963104,0.45039278268814087,0.4837532341480255,0.544522762298584,0.48870572447776794,0.5386601686477661
1,100,2.0,-2.714233636856079,0.1847216784954071,0.3582998216152191,0.43692120909690857,0.48626813292503357,0.5431163311004639,0.49000638723373413,0.5375507473945618
1,101,2.02,-2.717911958694458,0.18204772472381592,0.3551482558250427,0.42326468229293823,0.48918551206588745,0.5416775345802307,0.4922947287559509,0.5354664921760559
1,102,2.04,-2.72153639793396,0.17956307530403137,0.35235536098480225,0.4094235301017761,0.4919660985469818,0.5406823754310608,0.49508151412010193,0.5329865217208862
1,103,2.06,-2.725109577178955,0.1772335320711136,0.34991103410720825,0.39540401101112366,0.49412640929222107,0.540481448173523,0.49780696630477905,0.5307564735412598
1,104,2.08,-2.7286336421966553,0.17498666048049927,0.3478027582168579,0.3812231719493866,0.4953196048736572,0.5412429571151733,0.4999476671218872,0.5293858051300049
1,105,2.1,-2.732107639312744,0.17272651195526123,0.34601637721061707,0.36691316962242126,0.495383620262146,0.5429351925849915,0.5011085271835327,0.5293346643447876
1,106,2.12,-2.735530376434326,0.17035570740699768,0.34453558921813965,0.35252219438552856,0.4943559467792511,0.5453448295593262,0.5010862350463867,0.5308161973953247
1,107,2.14,-2.738898277282715,0.16779114305973053,0.34334230422973633,0.33811473846435547,0.4924597442150116,0.548123836517334,0.4998970925807953,0.5337432622909546
1,108,2.16,-2.7422072887420654,0.16497977077960968,0.3424173891544342,0.32376962900161743,0.4900653064250946,0.5508542060852051,0.4977680742740631,0.5377386808395386
1,109,2.18,-2.745453119277954,0.16190816462039948,0.34174081683158875,0.3095729649066925,0.4876295328140259,0.5531221032142639,0.4950917363166809,0.5422114729881287
1,110,2.2,-2.7486319541931152,0.15860526263713837,0.34129253029823303,0.2956100106239319,0.4856168031692505,0.5545915365219116,0.4923515319824219,0.5464783310890198
1,111,2.22,-2.7517406940460205,0.15513569116592407,0.34105220437049866,0.2819550931453705,0.48441222310066223,0.5550661683082581,0.49002891778945923,0.5498989224433899
1,112,2.24,-2.7547783851623535,0.15158836543560028,0.3410007655620575,0.268664687871933,0.48424506187438965,0.5545263290405273,0.4885100722312927,0.551991879940033
1,113,2.2600000000000002,-2.7577450275421143,0.14806057512760162,0.3411194682121277,0.25577449798583984,0.48514246940612793,0.5531315207481384,0.48801255226135254,0.5525121688842773
1,114,2.2800000000000002,-2.7606427669525146,0.14463740587234497,0.3413905203342438,0.24330081045627594,0.48692750930786133,0.5511853694915771,0.4885479807853699,0.5514844059944153
1,115,2.3000000000000003,-2.763474225997925,0.14138023555278778,0.3417971432209015,0.2312447875738144,0.4892621338367462,0.5490700006484985,0.48992887139320374,0.5491938591003418
1,116,2.32,-2.7662429809570312,0.13831454515457153,0.3423234224319458,0.21959713101387024,0.491722047328949,0.5471663475036621,0.49181532859802246,0.5461395978927612
1,117,2.34,-2.7689528465270996,0.13542866706848145,0.34295400977134705,0.20834234356880188,0.49388378858566284,0.5457788705825806,0.4937893748283386,0.5429514646530151
1,118,2.36,-2.7716064453125,0.1326780766248703,0.3436740040779114,0.19746248424053192,0.4954024851322174,0.5450818538665771,0.4954390227794647,0.5402783155441284
1,119,2.38,-2.7742059230804443,0.1299949437379837,0.34446877241134644,0.18694041669368744,0.4960672855377197,0.5450966358184814,0.4964351952075958,0.5386621952056885
1,120,2.4,-2.776751756668091,0.12730245292186737,0.345323771238327,0.17676407098770142,0.49582839012145996,0.5456987023353577,0.49658891558647156,0.5384255647659302
1,121,2.42,-2.779242992401123,0.1245293915271759,0.34622451663017273,0.16693143546581268,0.4947969913482666,0.5466495752334595,0.4958803057670593,0.5395985245704651
1,122,2.44,-2.7816784381866455,0.1216241791844368,0.3471568822860718,0.15745361149311066,0.49322181940078735,0.5476441979408264,0.49445635080337524,0.5419092178344727
1,123,2.46,-2.784055709838867,0.1185658797621727,0.34810712933540344,0.1483554244041443,0.49144524335861206,0.548366904258728,0.4925987422466278,0.5448436141014099
1,124,2.48,-2.786371946334839,0.11536883562803268,0.3490625321865082,0.13967160880565643,0.4898422658443451,0.5485482811927795,0.4906668961048126,0.5477590560913086
1,125,2.5,-2.788625955581665,0.11208199709653854,0.35001158714294434,0.13143986463546753,0.488750696182251,0.5480151772499084,0.4890263080596924,0.5500213503837585
1,126,2.52,-2.79081654548645,0.10877916216850281,0.35094425082206726,0.12369264662265778,0.48840487003326416,0.5467238426208496,0.48797672986984253,0.5511327385902405
1,127,2.54,-2.7929441928863525,0.10554645955562592,0.35185202956199646,0.11645053327083588,0.4888889491558075,0.5447685122489929,0.4876948893070221,0.5508209466934204
1,128,2.56,-2.795011043548584,0.10246534645557404,0.3527279198169708,0.10971832275390625,0.49012312293052673,0.5423609018325806,0.4882042109966278,0.5490803718566895
1,129,2.58,-2.797020673751831,0.09959874302148819,0.35356613993644714,0.10348449647426605,0.49188610911369324,0.5397844910621643,0.4893769919872284,0.546163022518158
1,130,2.6,-2.7989773750305176,0.09697854518890381,0.3543619215488434,0.097723588347435,0.49386677145957947,0.5373351573944092,0.49096688628196716,0.5425264835357666
1,131,2.62,-2.8008854389190674,0.09460125863552094,0.355111300945282,0.09240050613880157,0.49573037028312683,0.5352621674537659,0.49266257882118225,0.5387476682662964
1,132,2.64,-2.8027493953704834,0.09242956340312958,0.35580894351005554,0.08747704327106476,0.4971826672554016,0.5337246060371399,0.49415016174316406,0.5354138016700745
1,133,2.66,-2.804572820663452,0.09039910137653351,0.3564513623714447,0.08291969448328018,0.4980195462703705,0.5327686667442322,0.4951719343662262,0.533008337020874
1,134,2.68,-2.8063571453094482,0.08843253552913666,0.3570338189601898,0.0787079855799675,0.4981558322906494,0.5323283672332764,0.495571494102478,0.5318142175674438
1,135,2.7,-2.808103322982788,0.08645319938659668,0.357551634311676,0.07484138756990433,0.49763256311416626,0.5322449803352356,0.49531781673431396,0.5318567156791687
1,136,2.72,-2.8098104000091553,0.08440122753381729,0.3580001890659332,0.07134207338094711,0.49660515785217285,0.532299280166626,0.49450621008872986,0.5329011678695679
1,137,2.74,-2.811476469039917,0.08224480599164963,0.35837477445602417,0.06825163215398788,0.49531441926956177,0.5322519540786743,0.4933359920978546,0.5345088243484497
1,138,2.7600000000000002,-2.8130993843078613,0.07998649030923843,0.35867148637771606,0.0656210407614708,0.49404338002204895,0.5318868160247803,0.49206966161727905,0.5361363291740417
1,139,2.7800000000000002,-2.8146774768829346,0.07766338437795639,0.3588874042034149,0.06349651515483856,0.49306485056877136,0.5310505032539368,0.49098119139671326,0.5372536778450012
1,140,2.8000000000000003,-2.816209316253662,0.07533852010965347,0.3590209484100342,0.06190524622797966,0.49258917570114136,0.5296822786331177,0.49030306935310364,0.537451982498169
1,141,2.82,-2.8176958560943604,0.07308848202228546,0.35907188057899475,0.06084667518734932,0.4927230179309845,0.527825653553009,0.4901828467845917,0.5365176796913147
1,142,2.84,-2.819139003753662,0.07098791748285294,0.3590405285358429,0.060291796922683716,0.49345076084136963,0.5256187915802002,0.490657776594162,0.5344622135162354
1,143,2.86,-2.820542097091675,0.06909540295600891,0.3589285910129547,0.06019015982747078,0.4946422278881073,0.5232656002044678,0.49165186285972595,0.5315077304840088
1,144,2.88,-2.821909189224243,0.06744185835123062,0.35873809456825256,0.0604814849793911,0.49608418345451355,0.5209930539131165,0.49299487471580505,0.5280361771583557
1,145,2.9,-2.8232455253601074,0.06602592021226883,0.3584710955619812,0.06110711023211479,0.4975263774394989,0.5190075039863586,0.49445831775665283,0.5245128870010376
1,146,2.92,-2.8245551586151123,0.06481444835662842,0.3581295311450958,0.062018100172281265,0.49873000383377075,0.5174574851989746,0.4958002269268036,0.5213977098464966
1,147,2.94,-2.8258421421051025,0.06375003606081009,0.35771510004997253,0.06317875534296036,0.49950912594795227,0.5164111852645874,0.4968099594116211,0.5190588235855103
1,148,2.96,-2.827108144760132,0.06276176869869232,0.3572283387184143,0.06456512957811356,0.49975886940956116,0.5158495903015137,0.49734532833099365,0.5177038908004761
1,149,2.98,-2.8283541202545166,0.061778437346220016,0.35666951537132263,0.0661601573228836,0.4994690418243408,0.5156742930412292,0.497355580329895,0.517344057559967
1,150,3.0,-2.8295798301696777,0.06074201315641403,0.35603928565979004,0.06794684380292892,0.4987224340438843,0.5157274007797241,0.49688729643821716,0.5177980661392212
1,151,3.02,-2.8307836055755615,0.05961780995130539,0.35533812642097473,0.0699019804596901,0.4976794421672821,0.5158199667930603,0.4960728883743286,0.5187361240386963
1,152,3.04,-2.831963539123535,0.058400362730026245,0.35456714034080505,0.07199236005544662,0.49654966592788696,0.515765905380249,0.49510395526885986,0.5197538733482361
1,153,3.06,-2.833117961883545,0.05711231753230095,0.3537280559539795,0.0741744190454483,0.4955540895462036,0.5154156684875488,0.49419456720352173,0.5204577445983887
1,154,3.08,-2.8342461585998535,0.05580005422234535,0.3528236746788025,0.07639790326356888,0.49488359689712524,0.5146843194961548,0.49354100227355957,0.5205416083335876
1,155,3.1,-2.835347890853882,0.05452224239706993,0.3518575131893158,0.07861149311065674,0.4946625530719757,0.5135675072669983,0.4932858943939209,0.5198397636413574
1,156,3.12,-2.8364245891571045,0.05333865061402321,0.35083404183387756,0.08076869696378708,0.4949257969856262,0.5121415853500366,0.4934929609298706,0.5183473825454712
1,157,3.14,-2.8374788761138916,0.052298396825790405,0.3497577905654907,0.08283255994319916,0.4956148564815521,0.5105466842651367,0.4941377341747284,0.5162100195884705
1,158,3.16,-2.8385138511657715,0.051430974155664444,0.3486337959766388,0.08477775007486343,0.4965932071208954,0.5089580416679382,0.4951145648956299,0.5136874914169312
1,159,3.18,-2.839533805847168,0.05074126645922661,0.3474665582180023,0.08659050613641739,0.49767595529556274,0.5075514316558838,0.4962591230869293,0.5111015439033508
1,160,3.2,-2.840541362762451,0.05020921677350998,0.3462601900100708,0.08826679736375809,0.49866628646850586,0.5064705610275269,0.49738049507141113,0.508776843547821
1,161,3.22,-2.8415398597717285,0.049794454127550125,0.3450179696083069,0.08980904519557953,0.499391108751297,0.5058026313781738,0.49829697608947754,0.5069831013679504
1,162,3.24,-2.8425309658050537,0.0494438000023365,0.343743234872818,0.09122250974178314,0.4997294247150421,0.505565345287323,0.49886855483055115,0.5058895945549011
1,163,3.2600000000000002,-2.843515396118164,0.049100566655397415,0.3424384593963623,0.09251181036233902,0.49963098764419556,0.5057063698768616,0.49902066588401794,0.5055376887321472
1,164,3.2800000000000002,-2.8444929122924805,0.04871491715312004,0.34110575914382935,0.0936778336763382,0.4991227686405182,0.50611412525177,0.4987556040287018,0.50583815574646
1,165,3.3000000000000003,-2.8454620838165283,0.04825211688876152,0.33974742889404297,0.09471587836742401,0.4983031451702118,0.5066382884979248,0.4981498420238495,0.5065929889678955
1,166,3.3200000000000003,-2.846421241760254,0.047697898000478745,0.33836591243743896,0.09561511129140854,0.4973243474960327,0.5071163773536682,0.4973384737968445,0.5075370669364929
1,167,3.34,-2.8473689556121826,0.04705963656306267,0.33696413040161133,0.09635993838310242,0.49636539816856384,0.5074030756950378,0.49648982286453247,0.5083910226821899
1,168,3.36,-2.84830379486084,0.04636455327272415,0.33554503321647644,0.09693221747875214,0.49559909105300903,0.5073962807655334,0.4957740604877472,0.5089125633239746
1,169,3.38,-2.849224805831909,0.045653145760297775,0.3341130316257477,0.09731452167034149,0.4951595664024353,0.5070555210113525,0.4953324794769287,0.5089375376701355
1,170,3.4,-2.8501322269439697,0.04497130215167999,0.3326716125011444,0.09749298542737961,0.49511754512786865,0.5064084529876709,0.49525225162506104,0.5084028840065002
1,171,3.42,-2.851027250289917,0.04436154291033745,0.33122530579566956,0.09745947271585464,0.49546828866004944,0.5055439472198486,0.4955516755580902,0.5073508024215698
1,172,3.44,-2.851912021636963,0.043855078518390656,0.3297782838344574,0.09721250087022781,0.49613502621650696,0.5045931935310364,0.49617889523506165,0.5059152245521545
1,173,3.46,-2.852788209915161,0.04346676543354988,0.3283340036869049,0.09675722569227219,0.4969862699508667,0.5037034749984741,0.4970231056213379,0.5042949914932251
1,174,3.48,-2.853658437728882,0.04319288954138756,0.32689568400382996,0.09610458463430405,0.49786242842674255,0.5030101537704468,0.49793678522109985,0.5027187466621399
1,175,3.5,-2.854524612426758,0.04301173985004425,0.32546624541282654,0.09526971727609634,0.49860548973083496,0.5026124119758606,0.4987635016441345,0.5014057755470276
1,176,3.52,-2.8553881645202637,0.042888350784778595,0.3240474760532379,0.09427019953727722,0.4990869164466858,0.502556324005127,0.49936652183532715,0.5005292892456055
1,177,3.54,-2.8562495708465576,0.04278046265244484,0.3226413130760193,0.09312396496534348,0.49922844767570496,0.5028287172317505,0.4996526539325714,0.5001871585845947
1,178,3.56,-2.8571085929870605,0.04264627397060394,0.32124876976013184,0.09184758365154266,0.4990139901638031,0.5033610463142395,0.49958765506744385,0.5003856420516968
1,179,3.58,-2.857964277267456,0.04245154187083244,0.31987088918685913,0.0904543399810791,0.49849095940589905,0.504042387008667,0.49920082092285156,0.5010392069816589
1,180,3.6,-2.8588151931762695,0.042175088077783585,0.31850871443748474,0.0889534056186676,0.4977613687515259,0.50473952293396,0.4985783100128174,0.5019871592521667
1,181,3.62,-2.859659433364868,0.04181240499019623,0.3171634078025818,0.08734957873821259,0.496963232755661,0.5053204894065857,0.4978465735912323,0.5030242800712585
1,182,3.64,-2.8604955673217773,0.04137605056166649,0.3158360421657562,0.0856442004442215,0.4962458610534668,0.5056779980659485,0.4971489906311035,0.5039381384849548
1,183,3.66,-2.8613224029541016,0.04089237377047539,0.31452813744544983,0.08383683860301971,0.49574223160743713,0.5057482719421387,0.49661964178085327,0.5045471787452698
1,184,3.68,-2.8621392250061035,0.04039684683084488,0.31324145197868347,0.08192756772041321,0.49554452300071716,0.5055220127105713,0.4963590204715729,0.5047309398651123
1,185,3.7,-2.8629465103149414,0.03992704302072525,0.31197768449783325,0.07991918921470642,0.49568766355514526,0.5050448179244995,0.49641650915145874,0.5044487714767456
1,186,3.72,-2.8637449741363525,0.039516061544418335,0.3107384741306305,0.0778191089630127,0.4961439371109009,0.5044074058532715,0.4967823028564453,0.5037441253662109
1,187,3.74,-2.8645360469818115,0.039186492562294006,0.3095254898071289,0.075640469789505,0.4968303442001343,0.5037269592285156,0.49739065766334534,0.5027346611022949
1,188,3.7600000000000002,-2.865321159362793,0.038946859538555145,0.30833977460861206,0.07340258359909058,0.4976259171962738,0.5031247735023499,0.49813351035118103,0.5015910863876343
1,189,3.7800000000000002,-2.866102457046509,0.03879021853208542,0.3071827292442322,0.07113046199083328,0.4983949065208435,0.5027034282684326,0.4988813102245331,0.5005066990852356
1,190,3.8000000000000003,-2.8668806552886963,0.03869592398405075,0.3060538172721863,0.06885369122028351,0.49901169538497925,0.5025292038917542,0.4995071589946747,0.49966371059417725
1,191,3.8200000000000003,-2.867656707763672,0.03863362967967987,0.3049536347389221,0.06660427898168564,0.4993821382522583,0.5026209950447083,0.49990978837013245,0.4992004632949829
1,192,3.84,-2.8684308528900146,0.03856891766190529,0.3038816452026367,0.06441431492567062,0.49945878982543945,0.5029488801956177,0.5000309348106384,0.4991864562034607
1,193,3.86,-2.8692026138305664,0.038469452410936356,0.3028372824192047,0.062312811613082886,0.49924758076667786,0.5034404993057251,0.4998648762702942,0.4996092915534973
1,194,3.88,-2.86997127532959,0.0383109524846077,0.301819771528244,0.060323331505060196,0.49880585074424744,0.5039946436882019,0.4994580149650574,0.5003772377967834
1,195,3.9,-2.870734930038452,0.03808144852519035,0.30082836747169495,0.058462128043174744,0.49823153018951416,0.5044994354248047,0.49889951944351196,0.5013368129730225
1,196,3.92,-2.871492862701416,0.0377831794321537,0.2998626232147217,0.056737735867500305,0.4976454973220825,0.5048525333404541,0.4983043074607849,0.5023021697998047
1,197,3.94,-2.872243642807007,0.03743212670087814,0.29892218112945557,0.05515231564640999,0.4971693456172943,0.5049789547920227,0.49779170751571655,0.5030902624130249
1,198,3.96,-2.8729865550994873,0.03705477714538574,0.2980071008205414,0.053704310208559036,0.49690330028533936,0.5048445463180542,0.497463583946228,0.5035539865493774
1,199,3.98,-2.8737220764160156,0.03668307885527611,0.29711735248565674,0.05239180848002434,0.4969075620174408,0.5044615268707275,0.49738597869873047,0.503607988357544
1,200,4.0,-2.874450206756592,0.0363488495349884,0.2962532937526703,0.05121569335460663,0.4971921145915985,0.5038852095603943,0.4975777864456177,0.5032422542572021
1,201,4.0200000000000005,-2.8751721382141113,0.036078065633773804,0.29541507363319397,0.05018194764852524,0.49771612882614136,0.5032027363777161,0.49800845980644226,0.5025214552879333
1,202,4.04,-2.875889301300049,0.03588626906275749,0.2946031093597412,0.049301937222480774,0.4983971118927002,0.5025157928466797,0.4986048936843872,0.5015716552734375
1,203,4.0600000000000005,-2.876603126525879,0.03577625751495361,0.29381677508354187,0.048591312021017075,0.49912744760513306,0.5019217133522034,0.49926620721817017,0.5005568861961365
1,204,4.08,-2.8773155212402344,0.03573790192604065,0.2930566072463989,0.048066794872283936,0.4997948110103607,0.5014957189559937,0.4998828172683716,0.4996487498283386
1,205,4.1,-2.8780272006988525,0.03575047850608826,0.29232174158096313,0.047742292284965515,0.5003020167350769,0.5012784600257874,0.5003568530082703,0.49899542331695557
1,206,4.12,-2.8787388801574707,0.03578672930598259,0.29161110520362854,0.047624729573726654,0.500583291053772,0.5012699961662292,0.5006194114685059,0.4986947476863861
1,207,4.14,-2.879451036453247,0.035817909985780716,0.2909236550331116,0.04771055281162262,0.5006148219108582,0.5014312863349915,0.5006420016288757,0.4987768232822418
1,208,4.16,-2.8801629543304443,0.03581937402486801,0.29025840759277344,0.047984108328819275,0.5004175901412964,0.5016920566558838,0.5004408359527588,0.4991990923881531
1,209,4.18,-2.8808743953704834,0.03577471524477005,0.2896139323711395,0.048418428748846054,0.5000526905059814,0.5019643902778625,0.5000722408294678,0.4998556077480316
1,210,4.2,-2.8815841674804688,0.03567901626229286,0.2889895439147949,0.04897812381386757,0.4996100664138794,0.5021584033966064,0.49962180852890015,0.5005983114242554
1,211,4.22,-2.882291316986084,0.03553950414061546,0.28838425874710083,0.049623847007751465,0.4991919994354248,0.5021986365318298,0.49918800592422485,0.5012659430503845
1,212,4.24,-2.88299560546875,0.03537365421652794,0.28779736161231995,0.05031716078519821,0.498894065618515,0.5020373463630676,0.4988638460636139,0.5017143487930298
1,213,4.26,-2.8836967945098877,0.03520657494664192,0.28722861409187317,0.0510249063372612,0.49878790974617004,0.501663088798523,0.49872028827667236,0.5018424391746521
1,214,4.28,-2.884395122528076,0.03506575524806976,0.28667813539505005,0.05172209441661835,0.4989084005355835,0.5011019706726074,0.4987935721874237,0.501609206199646
1,215,4.3,-2.8850913047790527,0.034976087510585785,0.2861455976963043,0.05239298567175865,0.49924784898757935,0.5004121661186218,0.4990796148777008,0.5010387301445007
1,216,4.32,-2.885787010192871,0.0349559560418129,0.2856309115886688,0.053030580282211304,0.4997590482234955,0.4996723532676697,0.49953600764274597,0.5002136826515198
1,217,4.34,-2.8864829540252686,0.0350138284265995,0.2851339876651764,0.05363454297184944,0.500365138053894,0.498966783285141,0.5000906586647034,0.499258816242218
1,218,4.36,-2.887181282043457,0.035147055983543396,0.2846548557281494,0.05420847237110138,0.5009744763374329,0.49836984276771545,0.5006560683250427,0.4983174502849579
1,219,4.38,-2.887883186340332,0.035342879593372345,0.2841927111148834,0.05475682020187378,0.5014978051185608,0.4979332387447357,0.5011455416679382,0.4975256025791168
1,220,4.4,-2.888589382171631,0.03558095917105675,0.2837470769882202,0.05528208613395691,0.5018635988235474,0.49767786264419556,0.5014886260032654,0.49698761105537415
1,221,4.42,-2.88930082321167,0.03583709895610809,0.28331688046455383,0.055782876908779144,0.5020297765731812,0.4975912570953369,0.5016435384750366,0.49675819277763367
1,222,4.44,-2.89001727104187,0.03608809784054756,0.28290116786956787,0.056252844631671906,0.5019904375076294,0.49763116240501404,0.5016032457351685,0.4968334436416626
1,223,4.46,-2.8907387256622314,0.03631558269262314,0.28249892592430115,0.05668092519044876,0.5017752647399902,0.4977338910102844,0.5013960599899292,0.49715328216552734
1,224,4.48,-2.8914647102355957,0.036509253084659576,0.28210920095443726,0.057052433490753174,0.5014441609382629,0.4978262186050415,0.5010792016983032,0.4976142644882202
1,225,4.5,-2.8921942710876465,0.03666866943240166,0.2817310392856598,0.05735128000378609,0.5010757446289062,0.4978387653827667,0.5007277131080627,0.49808984994888306
1,226,4.5200000000000005,-2.8929269313812256,0.036802876740694046,0.28136390447616577,0.057562220841646194,0.5007529854774475,0.49771830439567566,0.500420868396759,0.4984548091888428
1,227,4.54,-2.893662691116333,0.03692866861820221,0.2810072898864746,0.05767320096492767,0.5005478858947754,0.49743741750717163,0.5002272725105286,0.4986079931259155
1,228,4.5600000000000005,-2.8944010734558105,0.03706711530685425,0.280661016702652,0.05767706781625748,0.5005090236663818,0.49699878692626953,0.500193178653717,0.498489648103714
1,229,4.58,-2.8951430320739746,0.03723970800638199,0.2803250849246979,0.05757247656583786,0.500652551651001,0.4964343011379242,0.5003343820571899,0.49809062480926514
1,230,4.6000000000000005,-2.8958892822265625,0.03746451064944267,0.27999961376190186,0.05736370012164116,0.500960648059845,0.4957985579967499,0.5006345510482788,0.49745187163352966
1,231,4.62,-2.8966407775878906,0.03775275498628616,0.27968427538871765,0.057059649378061295,0.5013858079910278,0.49515825510025024,0.5010488629341125,0.4966556131839752
1,232,4.64,-2.8973989486694336,0.03810720518231392,0.27937912940979004,0.056672099977731705,0.501860499382019,0.49458006024360657,0.5015130043029785,0.4958094358444214
1,233,4.66,-2.898164987564087,0.038521770387887955,0.27908408641815186,0.05621368810534477,0.5023098587989807,0.4941186010837555,0.5019552707672119,0.4950268864631653
1,234,4.68,-2.898939847946167,0.03898274898529053,0.27879849076271057,0.05569599196314812,0.5026654601097107,0.4938074052333832,0.5023096203804016,0.4944072961807251
1,235,4.7,-2.899724245071411,0.0394713431596756,0.2785220146179199,0.055127836763858795,0.5028766393661499,0.493653804063797,0.502527117729187,0.49401864409446716
1,236,4.72,-2.9005186557769775,0.03996725752949715,0.2782539129257202,0.054514262825250626,0.5029191970825195,0.49363863468170166,0.5025841593742371,0.49388647079467773
1,237,4.74,-2.901323080062866,0.04045197740197182,0.2779935598373413,0.05385630205273628,0.502798318862915,0.4937205910682678,0.502485990524292,0.4939905107021332
1,238,4.76,-2.90213680267334,0.04091218486428261,0.2777399718761444,0.05315135791897774,0.5025475025177002,0.4938438832759857,0.5022644996643066,0.49426957964897156
1,239,4.78,-2.9029595851898193,0.04134185612201691,0.2774929106235504,0.05239446461200714,0.5022214651107788,0.4939487874507904,0.5019722580909729,0.49463406205177307
1,240,4.8,-2.9037907123565674,0.041742708534002304,0.2772519588470459,0.051579806953668594,0.5018867254257202,0.4939820468425751,0.5016725063323975,0.49498307704925537
1,241,4.82,-2.904629707336426,0.04212399572134018,0.27701690793037415,0.05070246383547783,0.5016088485717773,0.49390652775764465,0.5014275312423706,0.49522295594215393
1,242,4.84,-2.9054760932922363,0.042499881237745285,0.27678725123405457,0.04975996911525726,0.5014410614967346,0.4937073588371277,0.5012879371643066,0.49528396129608154
1,243,4.86,-2.9063303470611572,0.04288744553923607,0.2765633761882782,0.048753369599580765,0.5014148950576782,0.4933943748474121,0.5012834072113037,0.4951314330101013
1,244,4.88,-2.9071927070617676,0.04330301284790039,0.276345431804657,0.047687556594610214,0.5015347003936768,0.4929995834827423,0.5014183521270752,0.49477100372314453
1,245,4.9,-2.9080636501312256,0.04375893250107765,0.27613356709480286,0.04657096788287163,0.5017780661582947,0.49257099628448486,0.5016717314720154,0.49424585700035095
1,246,4.92,-2.9089441299438477,0.04426177591085434,0.2759281396865845,0.04541471228003502,0.5021005272865295,0.49216341972351074,0.5020014047622681,0.4936284124851227
1,247,4.94,-2.90983510017395,0.04481082409620285,0.2757292687892914,0.044231027364730835,0.5024445652961731,0.4918285310268402,0.5023521780967712,0.49300655722618103
1,248,4.96,-2.9107377529144287,0.04539866745471954,0.2755368649959564,0.04303191974759102,0.5027498006820679,0.4916057884693146,0.5026662349700928,0.4924682378768921
1,249,4.98,-2.911652088165283,0.04601231962442398,0.2753511369228363,0.04182770475745201,0.5029643177986145,0.4915158152580261,0.5028931498527527,0.4920860230922699
1,250,5.0,-2.912578821182251,0.046635646373033524,0.27517157793045044,0.04062596336007118,0.5030530691146851,0.49155738949775696,0.5029988884925842,0.4919048249721527
1,251,5.0200000000000005,-2.913518190383911,0.04725198820233345,0.274998277425766,0.039430927485227585,0.5030035972595215,0.491708368062973,0.5029711723327637,0.4919344484806061
1,252,5.04,-2.9144694805145264,0.04784715175628662,0.27483057975769043,0.03824367746710777,0.5028277039527893,0.4919300079345703,0.5028210878372192,0.49214887619018555
1,253,5.0600000000000005,-2.9154322147369385,0.04841189086437225,0.27466851472854614,0.037062615156173706,0.5025588870048523,0.4921742081642151,0.5025805234909058,0.49249160289764404
1,254,5.08,-2.9164059162139893,0.04894282668828964,0.27451199293136597,0.03588465228676796,0.5022459030151367,0.49239203333854675,0.5022960901260376,0.4928867220878601
1,255,5.1000000000000005,-2.9173901081085205,0.04944321885704994,0.27436089515686035,0.034706421196460724,0.5019438862800598,0.4925425052642822,0.5020206570625305,0.49325278401374817
1,256,5.12,-2.918383836746216,0.04992184415459633,0.27421534061431885,0.033525705337524414,0.5017045140266418,0.4925994873046875,0.5018036961555481,0.49351778626441956
1,257,5.14,-2.919387102127075,0.05039127916097641,0.2740756869316101,0.03234248608350754,0.5015667080879211,0.4925561547279358,0.5016825795173645,0.4936312437057495
1,258,5.16,-2.9203996658325195,0.05086526274681091,0.2739422023296356,0.031159518286585808,0.5015498995780945,0.4924256205558777,0.5016764998435974,0.4935726523399353
1,259,5.18,-2.921422004699707,0.05135633796453476,0.2738153636455536,0.029982438310980797,0.5016511082649231,0.49223819375038147,0.5017831325531006,0.49335405230522156
1,260,5.2,-2.922454357147217,0.05187326297163963,0.27369552850723267,0.02881927415728569,0.5018460154533386,0.4920353293418884,0.5019799470901489,0.4930168390274048
1,261,5.22,-2.923497200012207,0.05241979658603668,0.2735830843448639,0.027679530903697014,0.5020940899848938,0.49186190962791443,0.5022284984588623,0.4926239848136902
1,262,5.24,-2.924551486968994,0.052993740886449814,0.273478239774704,0.026572944596409798,0.502346396446228,0.49175795912742615,0.5024818181991577,0.49224820733070374
1,263,5.26,-2.9256174564361572,0.0535876527428627,0.27338138222694397,0.025508301332592964,0.5025543570518494,0.4917517304420471,0.5026928186416626,0.49195924401283264
1,264,5.28,-2.9266951084136963,0.05419003218412399,0.27329254150390625,0.024492386728525162,0.5026784539222717,0.4918549060821533,0.5028229355812073,0.4918115437030792
1,265,5.3,-2.9277851581573486,0.05478734150528908,0.27321159839630127,0.023529494181275368,0.5026949644088745,0.4920610189437866,0.5028485059738159,0.491834819316864
1,266,5.32,-2.928886651992798,0.05536637082695961,0.2731384336948395,0.02262125350534916,0.5025995373725891,0.49234694242477417,0.5027646422386169,0.4920292794704437
1,267,5.34,-2.929999589920044,0.05591673403978348,0.2730732858181,0.02176711894571781,0.5024076700210571,0.49267733097076416,0.5025855898857117,0.49236613512039185
1,268,5.36,-2.9311232566833496,0.05643220618367195,0.27301597595214844,0.020965173840522766,0.5021514296531677,0.49301090836524963,0.5023419857025146,0.4927932322025299
1,269,5.38,-2.9322566986083984,0.0569121316075325,0.27296629548072815,0.020213251933455467,0.5018736720085144,0.49330800771713257,0.5020747780799866,0.493245005607605
1,270,5.4,-2.9333996772766113,0.057360369712114334,0.2729247212409973,0.019509991630911827,0.5016199946403503,0.4935373067855835,0.5018280744552612,0.4936543107032776
1,271,5.42,-2.934551239013672,0.05778578668832779,0.2728910744190216,0.018855642527341843,0.501430869102478,0.49368128180503845,0.5016409754753113,0.4939645528793335
1,272,5.44,-2.935711145401001,0.05819934979081154,0.2728654742240906,0.01825246959924698,0.5013339519500732,0.49373891949653625,0.5015409588813782,0.49413925409317017
1,273,5.46,-2.9368793964385986,0.05861268192529678,0.2728484570980072,0.017704568803310394,0.501339852809906,0.493725448846817,0.5015391707420349,0.49416807293891907
1,274,5.48,-2.938055992126465,0.05903564766049385,0.27284014225006104,0.01721716672182083,0.5014404654502869,0.4936692416667938,0.5016288161277771,0.49406760931015015
1,275,5.5,-2.9392411708831787,0.05947469547390938,0.2728409469127655,0.016795536503195763,0.5016108751296997,0.49360620975494385,0.5017868876457214,0.4938778877258301
1,276,5.5200000000000005,-2.9404354095458984,0.05993176996707916,0.2728509306907654,0.016443731263279915,0.5018143653869629,0.4935730993747711,0.5019785165786743,0.49365469813346863
1,277,5.54,-2.941638946533203,0.060404084622859955,0.27287036180496216,0.016163567081093788,0.5020095705986023,0.49360090494155884,0.5021637082099915,0.4934593141078949
1,278,5.5600000000000005,-2.942852020263672,0.06088448688387871,0.27289915084838867,0.01595401018857956,0.5021573901176453,0.49370941519737244,0.5023045539855957,0.49334749579429626
1,279,5.58,-2.9440746307373047,0.061362940818071365,0.2729373276233673,0.015811190009117126,0.5022285580635071,0.493903785943985,0.5023718476295471,0.49335968494415283
1,280,5.6000000000000005,-2.9453067779541016,0.06182852387428284,0.2729843556880951,0.015729069709777832,0.50220787525177,0.4941742420196533,0.5023499727249146,0.49351388216018677
1,281,5.62,-2.9465482234954834,0.062271181493997574,0.27304062247276306,0.015700528398156166,0.502096951007843,0.4944978654384613,0.5022396445274353,0.4938029944896698
1,282,5.64,-2.9477977752685547,0.06268319487571716,0.27310559153556824,0.01571843959391117,0.5019135475158691,0.49484309554100037,0.5020570755004883,0.494196355342865
1,283,5.66,-2.9490554332733154,0.06306133419275284,0.2731790542602539,0.015776658430695534,0.50168776512146,0.4951752722263336,0.5018310546875,0.4946458041667938
1,284,5.68,-2.9503204822540283,0.06340650469064713,0.2732607126235962,0.015870539471507072,0.5014567375183105,0.49546289443969727,0.5015972852706909,0.4950947165489197
1,285,5.7,-2.951591968536377,0.06372354179620743,0.2733502984046936,0.01599702425301075,0.5012578964233398,0.4956831634044647,0.5013920068740845,0.49548810720443726
1,286,5.72,-2.952869415283203,0.0640208050608635,0.2734479606151581,0.016154304146766663,0.5011218786239624,0.4958256483078003,0.5012454390525818,0.49578267335891724
1,287,5.74,-2.954153060913086,0.06430800259113312,0.2735535204410553,0.016341175884008408,0.501067578792572,0.4958941340446472,0.5011765360832214,0.4959540367126465
1,288,5.76,-2.955442190170288,0.06459467858076096,0.2736670970916748,0.01655634306371212,0.5010985732078552,0.4959052503108978,0.5011901259422302,0.49600040912628174
1,289,5.78,-2.9567372798919678,0.06488879024982452,0.2737884819507599,0.01679776981472969,0.5012032389640808,0.49588531255722046,0.5012760758399963,0.49594247341156006
1,290,5.8,-2.958038330078125,0.06519495695829391,0.2739177346229553,0.017062267288565636,0.5013569593429565,0.4958652853965759,0.501411497592926,0.4958188533782959
1,291,5.82,-2.959345579147339,0.06551377475261688,0.2740548849105835,0.01734544336795807,0.5015271306037903,0.49587497115135193,0.5015653967857361,0.4956790506839752
1,292,5.84,-2.9606592655181885,0.06584183126688004,0.2741997241973877,0.01764189638197422,0.501679003238678,0.4959377646446228,0.5017042756080627,0.4955741763114929
1,293,5.86,-2.961979627609253,0.06617226451635361,0.27435189485549927,0.01794581301510334,0.5017821788787842,0.4960665702819824,0.501798152923584,0.49554792046546936
1,294,5.88,-2.9633066654205322,0.06649687886238098,0.27451103925704956,0.01825156807899475,0.5018157958984375,0.49626171588897705,0.5018259286880493,0.4956286549568176
1,295,5.9,-2.964639902114868,0.06680703908205032,0.27467668056488037,0.01855441741645336,0.5017718076705933,0.496511310338974,0.5017789006233215,0.4958248734474182
1,296,5.92,-2.9659790992736816,0.06709452718496323,0.2748488187789917,0.018851017579436302,0.501656174659729,0.49679359793663025,0.5016618967056274,0.49612388014793396
1,297,5.94,-2.9673237800598145,0.06735442578792572,0.2750265300273895,0.019139613956212997,0.5014877319335938,0.49708107113838196,0.5014921426773071,0.49649444222450256
1,298,5.96,-2.9686732292175293,0.06758540868759155,0.2752094864845276,0.019419992342591286,0.5012941360473633,0.4973454177379608,0.5012961030006409,0.4968930184841156
1,299,5.98,-2.970026969909668,0.06778914481401443,0.2753974497318268,0.01969321444630623,0.5011069774627686,0.49756261706352234,0.5011040568351746,0.49727168679237366
1,300,6.0,-2.9713847637176514,0.0679713636636734,0.27559012174606323,0.01996103674173355,0.5009560585021973,0.49771711230278015,0.5009450912475586,0.49758705496788025
1,301,6.0200000000000005,-2.972745895385742,0.06813985109329224,0.27578699588775635,0.020225301384925842,0.500863790512085,0.4978044629096985,0.5008416175842285,0.49780774116516113
1,302,6.04,-2.9741106033325195,0.06830266863107681,0.27598804235458374,0.020487438887357712,0.5008416175842285,0.4978318214416504,0.5008056163787842,0.4979197680950165
1,303,6.0600000000000005,-2.975478172302246,0.06846795231103897,0.276193231344223,0.020747968927025795,0.5008880496025085,0.4978164732456207,0.5008367300033569,0.4979284405708313
1,304,6.08,-2.9768495559692383,0.06864119321107864,0.2764020264148712,0.02100631222128868,0.5009890794754028,0.49778228998184204,0.5009226202964783,0.497857004404068
1,305,6.1000000000000005,-2.978224277496338,0.068825364112854,0.27661454677581787,0.021260760724544525,0.5011215806007385,0.49775534868240356,0.5010415315628052,0.4977419376373291
1,306,6.12,-2.979602813720703,0.06902006268501282,0.2768303155899048,0.02150869369506836,0.501257061958313,0.4977591335773468,0.5011664628982544,0.4976261258125305
1,307,6.140000000000001,-2.980985403060913,0.06922106444835663,0.2770492434501648,0.02174704521894455,0.501367449760437,0.4978104531764984,0.5012699961662292,0.4975510835647583
1,308,6.16,-2.9823718070983887,0.06942274421453476,0.2772708833217621,0.021972687914967537,0.5014299750328064,0.49791666865348816,0.5013293623924255,0.49754947423934937
1,309,6.18,-2.983762502670288,0.06961776316165924,0.277494877576828,0.022183014079928398,0.5014306902885437,0.4980745017528534,0.5013304948806763,0.49763959646224976
1,310,6.2,-2.985156774520874,0.06979907304048538,0.2777208983898163,0.022376365959644318,0.5013673901557922,0.49827098846435547,0.5012699961662292,0.49782225489616394
1,311,6.22,-2.9865543842315674,0.06996060162782669,0.277948260307312,0.02255224995315075,0.5012489557266235,0.49848613142967224,0.50115567445755,0.4980810284614563
1,312,6.24,-2.987955093383789,0.07009927183389664,0.2781767249107361,0.022711338475346565,0.5010941624641418,0.49869656562805176,0.5010048747062683,0.4983857274055481
1,313,6.26,-2.9893581867218018,0.07021521031856537,0.27840566635131836,0.022855281829833984,0.5009278059005737,0.4988797605037689,0.5008410215377808,0.4986981749534607
1,314,6.28,-2.9907636642456055,0.07031100243330002,0.27863532304763794,0.022986412048339844,0.5007758736610413,0.49901819229125977,0.5006893873214722,0.4989791512489319
1,315,6.3,-2.992170810699463,0.07039226591587067,0.27886444330215454,0.023107172921299934,0.5006614327430725,0.499102383852005,0.5005723834037781,0.49919578433036804
1,316,6.32,-2.993579387664795,0.07046514004468918,0.27909398078918457,0.02321981079876423,0.5005999207496643,0.49913230538368225,0.500505805015564,0.49932700395584106
1,317,6.34,-2.9949893951416016,0.07053683698177338,0.2793225646018982,0.023325849324464798,0.5005968809127808,0.4991172254085541,0.5004959106445312,0.49936720728874207
1,318,6.36,-2.996400833129883,0.07061352580785751,0.27955126762390137,0.02342587150633335,0.5006471872329712,0.49907392263412476,0.50053870677948,0.49932661652565
1,319,6.38,-2.997814178466797,0.07069912552833557,0.27977898716926575,0.02351956069469452,0.5007361173629761,0.49902331829071045,0.50062096118927,0.4992292821407318
1,320,6.4,-2.9992291927337646,0.070794977247715,0.28000587224960327,0.023605626076459885,0.5008423924446106,0.49898672103881836,0.5007226467132568,0.4991082549095154
1,321,6.42,-3.0006461143493652,0.07089951634407043,0.28023239970207214,0.023682210594415665,0.5009421110153198,0.49898195266723633,0.5008208751678467,0.4989995062351227
1,322,6.44,-3.0020651817321777,0.07100886106491089,0.2804575264453888,0.023747192695736885,0.5010132789611816,0.4990203082561493,0.5008940100669861,0.4989355206489563
1,323,6.46,-3.0034866333007812,0.07111755013465881,0.28068119287490845,0.023798631504178047,0.501039445400238,0.49910467863082886,0.5009254813194275,0.4989394545555115
1,324,6.48,-3.0049099922180176,0.07121918350458145,0.28090333938598633,0.023835109546780586,0.5010127425193787,0.4992292523384094,0.500906765460968,0.4990213215351105
1,325,6.5,-3.006335496902466,0.07130847871303558,0.2811238467693329,0.0238560289144516,0.5009348392486572,0.4993809461593628,0.5008385181427002,0.49917635321617126
1,326,6.5200000000000005,-3.0077624320983887,0.07138122618198395,0.2813413143157959,0.023861754685640335,0.5008164644241333,0.4995418190956116,0.5007302165031433,0.49938642978668213
1,327,6.54,-3.009190559387207,0.07143562287092209,0.2815569341182709,0.023853490129113197,0.50067538022995,0.499692440032959,0.5005983710289001,0.49962350726127625
1,328,6.5600000000000005,-3.010619640350342,0.07147221267223358,0.2817695140838623,0.023833125829696655,0.5005329847335815,0.4998154640197754,0.5004633665084839,0.499855101108551
1,329,6.58,-3.012049436569214,0.07149454951286316,0.28197917342185974,0.023802882060408592,0.5004103183746338,0.49989867210388184,0.5003455281257629,0.5000502467155457
1,330,6.6000000000000005,-3.013479471206665,0.07150719314813614,0.28218603134155273,0.023764923214912415,0.5003243684768677,0.4999370574951172,0.5002617835998535,0.5001848936080933
1,331,6.62,-3.0149097442626953,0.07151622325181961,0.28238996863365173,0.02372104860842228,0.5002849102020264,0.4999336898326874,0.5002222657203674,0.5002462267875671
1,332,6.640000000000001,-3.0163402557373047,0.07152710855007172,0.2825905382633209,0.02367239259183407,0.5002933144569397,0.4998987019062042,0.5002292394638062,0.5002346634864807
1,333,6.66,-3.017771005630493,0.07154399156570435,0.28278812766075134,0.023619282990694046,0.500342071056366,0.4998475909233093,0.5002763271331787,0.5001633763313293
1,334,6.68,-3.01920223236084,0.07156942784786224,0.28298282623291016,0.023561259731650352,0.5004165768623352,0.49979814887046814,0.5003502368927002,0.5000555515289307
1,335,6.7,-3.0206339359283447,0.07160327583551407,0.2831740975379944,0.023497236892580986,0.5004981756210327,0.4997672140598297,0.5004332065582275,0.4999399483203888
1,336,6.72,-3.022066354751587,0.07164357602596283,0.2833625376224518,0.023425718769431114,0.5005673170089722,0.49976763129234314,0.5005064606666565,0.499845951795578
1,337,6.74,-3.0234997272491455,0.07168678939342499,0.28354787826538086,0.02334512397646904,0.5006071925163269,0.49980616569519043,0.5005532503128052,0.49979791045188904
1,338,6.76,-3.0249340534210205,0.07172765582799911,0.2837298810482025,0.023254167288541794,0.5006067752838135,0.49988245964050293,0.5005622506141663,0.4998111128807068
1,339,6.78,-3.0263688564300537,0.07176116108894348,0.283908486366272,0.02315204031765461,0.5005625486373901,0.49998921155929565,0.5005291700363159,0.4998892545700073
1,340,6.8,-3.027804374694824,0.07178346812725067,0.2840835154056549,0.02303869090974331,0.500478982925415,0.5001137852668762,0.5004573464393616,0.5000240206718445
1,341,6.82,-3.029240131378174,0.07179171591997147,0.284254789352417,0.02291475608944893,0.5003674626350403,0.5002404451370239,0.5003570318222046,0.5001969337463379
1,342,6.84,-3.0306758880615234,0.07178490608930588,0.28442245721817017,0.022781554609537125,0.5002442002296448,0.5003535151481628,0.5002434253692627,0.5003829002380371
1,343,6.86,-3.032111406326294,0.07176484167575836,0.2845863997936249,0.022640779614448547,0.5001270771026611,0.5004400014877319,0.5001335740089417,0.5005549788475037
1,344,6.88,-3.0335464477539062,0.07173467427492142,0.2847464382648468,0.02249426767230034,0.5000324845314026,0.5004918575286865,0.5000436902046204,0.5006893277168274
1,345,6.9,-3.0349807739257812,0.07169830799102783,0.2849026322364807,0.02234371192753315,0.499972403049469,0.5005074739456177,0.4999857246875763,0.5007691979408264
1,346,6.92,-3.036414384841919,0.071660615503788,0.2850552201271057,0.022190356627106667,0.4999523460865021,0.5004916787147522,0.4999658763408661,0.500788152217865
1,347,6.94,-3.0378472805023193,0.07162594795227051,0.2852042317390442,0.02203487418591976,0.4999704658985138,0.5004546642303467,0.49998319149017334,0.5007504820823669
1,348,6.96,-3.0392794609069824,0.07159759104251862,0.2853497862815857,0.021877236664295197,0.5000181794166565,0.5004101991653442,0.5000301599502563,0.5006704330444336
1,349,6.98,-3.0407111644744873,0.07157668471336365,0.2854917347431183,0.02171686477959156,0.5000818371772766,0.5003729462623596,0.5000941753387451,0.5005694627761841
1,350,7.0,-3.042142391204834,0.0715625211596489,0.28563040494918823,0.021552730351686478,0.5001453757286072,0.5003557801246643,0.5001598596572876,0.5004720091819763
1,351,7.0200000000000005,-3.0435736179351807,0.07155277580022812,0.28576573729515076,0.021383600309491158,0.500193178653717,0.5003675222396851,0.5002120733261108,0.5004010796546936
1,352,7.04,-3.0450046062469482,0.07154335826635361,0.285897821187973,0.021208321675658226,0.5002130270004272,0.5004114508628845,0.5002384185791016,0.5003743171691895
1,353,7.0600000000000005,-3.0464353561401367,0.07153094559907913,0.2860267162322998,0.021026020869612694,0.5001981258392334,0.5004849433898926,0.5002316832542419,0.5004008412361145
1,354,7.08,-3.047865629196167,0.07151097804307938,0.28615209460258484,0.0208363588899374,0.5001480579376221,0.5005800724029541,0.5001906156539917,0.5004798769950867
1,355,7.1000000000000005,-3.049295663833618,0.07148078829050064,0.2862742841243744,0.0206395722925663,0.5000689625740051,0.5006850957870483,0.5001202821731567,0.500601053237915
1,356,7.12,-3.050724744796753,0.07143855094909668,0.28639283776283264,0.02043648436665535,0.4999719560146332,0.5007866621017456,0.5000309944152832,0.5007465481758118
1,357,7.140000000000001,-3.0521528720855713,0.07138459384441376,0.2865079939365387,0.020228330045938492,0.4998713433742523,0.5008724331855774,0.4999360740184784,0.5008945465087891
1,358,7.16,-3.0535800457000732,0.07132044434547424,0.2866199016571045,0.020016588270664215,0.49978169798851013,0.5009329915046692,0.49984973669052124,0.5010232925415039
1,359,7.18,-3.0550055503845215,0.07124942541122437,0.2867283225059509,0.019802747294306755,0.4997154176235199,0.5009636282920837,0.49978429079055786,0.5011148452758789
1,360,7.2,-3.056429862976074,0.07117531448602676,0.28683364391326904,0.019588053226470947,0.49968042969703674,0.5009650588035583,0.49974799156188965,0.5011583566665649
1,361,7.22,-3.0578525066375732,0.07110192626714706,0.2869356870651245,0.019373295828700066,0.49967893958091736,0.500943124294281,0.49974367022514343,0.5011519193649292
1,362,7.24,-3.0592737197875977,0.07103215903043747,0.2870347201824188,0.019158851355314255,0.49970707297325134,0.5009075403213501,0.4997684955596924,0.5011023283004761
1,363,7.26,-3.0606937408447266,0.07096836715936661,0.28713080286979675,0.0189445149153471,0.49975594878196716,0.5008703470230103,0.4998144209384918,0.5010238885879517
1,364,7.28,-3.06211256980896,0.07091084867715836,0.287224143743515,0.018729688599705696,0.49981316924095154,0.5008430480957031,0.4998698830604553,0.5009357929229736
1,365,7.3,-3.063530206680298,0.07085827738046646,0.2873147130012512,0.01851351000368595,0.4998653531074524,0.5008352994918823,0.4999220073223114,0.5008581876754761
1,366,7.32,-3.0649466514587402,0.07080872356891632,0.28740260004997253,0.018295088782906532,0.4999004304409027,0.5008527040481567,0.499958872795105,0.5008087158203125
1,367,7.34,-3.0663623809814453,0.07075875252485275,0.2874878942966461,0.018073661252856255,0.4999098777770996,0.5008960366249084,0.4999717175960541,0.5007994771003723
1,368,7.36,-3.067776918411255,0.07070492953062057,0.28757044672966003,0.0178487878292799,0.4998900294303894,0.5009613037109375,0.499956339597702,0.5008349418640137
1,369,7.38,-3.069190502166748,0.07064417749643326,0.28765031695365906,0.017620518803596497,0.4998427629470825,0.501040518283844,0.4999138116836548,0.5009111762046814
1,370,7.4,-3.0706024169921875,0.07057466357946396,0.287727415561676,0.0173893291503191,0.49977490305900574,0.5011232495307922,0.4998501241207123,0.5010170340538025
1,371,7.42,-3.0720131397247314,0.0704955980181694,0.2878018915653229,0.017156124114990234,0.49969691038131714,0.5011985301971436,0.4997749924659729,0.5011360049247742
1,372,7.44,-3.0734221935272217,0.07040777802467346,0.28787359595298767,0.016922052949666977,0.49962088465690613,0.5012568831443787,0.4996999502182007,0.5012496113777161
1,373,7.46,-3.074829339981079,0.07031290233135223,0.2879425883293152,0.016688354313373566,0.4995584189891815,0.5012919306755066,0.49963638186454773,0.5013407468795776
1,374,7.48,-3.0762345790863037,0.07021401822566986,0.2880089282989502,0.016456201672554016,0.4995185136795044,0.5013015866279602,0.4995933175086975,0.5013965368270874
1,375,7.5,-3.0776376724243164,0.07011468708515167,0.288072794675827,0.016226477921009064,0.499505877494812,0.5012879967689514,0.49957600235939026,0.5014107823371887
1,376,7.5200000000000005,-3.0790388584136963,0.07001723349094391,0.2881340980529785,0.01599971577525139,0.49952033162117004,0.5012575387954712,0.4995848834514618,0.5013846755027771
1,377,7.54,-3.0804383754730225,0.06992447376251221,0.28819307684898376,0.01577606424689293,0.4995569586753845,0.5012190937995911,0.499615877866745,0.5013265609741211
1,378,7.5600000000000005,-3.0818357467651367,0.06983732432126999,0.2882498502731323,0.01555530447512865,0.4996069669723511,0.5011827349662781,0.49966099858283997,0.501250147819519
1,379,7.58,-3.0832316875457764,0.06975574046373367,0.2883043587207794,0.015336951240897179,0.4996596574783325,0.5011575818061829,0.4997100234031677,0.5011720061302185
1,380,7.6000000000000005,-3.0846259593963623,0.06967843323945999,0.2883567214012146,0.015120402909815311,0.49970412254333496,0.5011504292488098,0.4997524321079254,0.5011082887649536
1,381,7.62,-3.0860188007354736,0.06960326433181763,0.28840699791908264,0.014905114658176899,0.49973127245903015,0.5011643171310425,0.4997791349887848,0.5010721683502197
1,382,7.640000000000001,-3.0874099731445312,0.06952743232250214,0.28845518827438354,0.014690691605210304,0.4997355341911316,0.501198410987854,0.49978429079055786,0.5010713338851929
1,383,7.66,-3.0887997150421143,0.06944824010133743,0.2885010540485382,0.014477060176432133,0.4997157156467438,0.5012480616569519,0.4997660219669342,0.5011066794395447
1,384,7.68,-3.0901877880096436,0.06936349719762802,0.28854474425315857,0.014264480210840702,0.4996750056743622,0.5013056397438049,0.49972695112228394,0.5011724829673767
1,385,7.7,-3.091574192047119,0.06927181780338287,0.288586288690567,0.014053522609174252,0.49962037801742554,0.5013622045516968,0.49967333674430847,0.5012574791908264
1,386,7.72,-3.092958450317383,0.06917320191860199,0.288625568151474,0.013845004141330719,0.4995611906051636,0.5014089941978455,0.4996139705181122,0.5013471841812134
1,387,7.74,-3.0943408012390137,0.06906840950250626,0.2886626124382019,0.013639861717820168,0.4995075762271881,0.5014391541481018,0.49955859780311584,0.5014262199401855
1,388,7.76,-3.0957210063934326,0.0689595490694046,0.28869742155075073,0.01343900989741087,0.4994683563709259,0.5014485716819763,0.49951601028442383,0.5014817118644714
1,389,7.78,-3.0970990657806396,0.06884925812482834,0.28873008489608765,0.013243233785033226,0.4994497299194336,0.5014370083808899,0.4994925260543823,0.5015049576759338
1,390,7.8,-3.0984749794006348,0.06874039769172668,0.28876063227653503,0.013053079135715961,0.4994540810585022,0.5014078617095947,0.49949100613594055,0.5014931559562683
1,391,7.82,-3.099848508834839,0.06863505393266678,0.28878921270370483,0.012868830002844334,0.4994795322418213,0.5013672113418579,0.4995103180408478,0.5014498233795166
1,392,7.84,-3.10122013092041,0.06853478401899338,0.28881579637527466,0.012690505012869835,0.49952074885368347,0.5013230443000793,0.4995456635951996,0.5013838410377502
1,393,7.86,-3.1025898456573486,0.06844013929367065,0.2888405919075012,0.012517893686890602,0.4995695948600769,0.5012835264205933,0.49958956241607666,0.5013077855110168
1,394,7.88,-3.1039576530456543,0.06835095584392548,0.2888633906841278,0.012350664474070072,0.49961692094802856,0.5012556910514832,0.499633252620697,0.5012355446815491
1,395,7.9,-3.1053237915039062,0.06826554983854294,0.28888440132141113,0.012188449501991272,0.4996541440486908,0.5012440085411072,0.49966832995414734,0.5011798739433289
1,396,7.92,-3.1066882610321045,0.0681818351149559,0.28890350461006165,0.012030956335365772,0.4996747374534607,0.5012497901916504,0.49968817830085754,0.5011499524116516
1,397,7.94,-3.108051061630249,0.06809768080711365,0.28892087936401367,0.011878042481839657,0.4996755123138428,0.5012709498405457,0.4996892511844635,0.5011501908302307
1,398,7.96,-3.1094119548797607,0.06801068782806396,0.2889363467693329,0.011729743331670761,0.4996568262577057,0.5013027191162109,0.49967139959335327,0.5011789798736572
1,399,7.98,-3.1107711791992188,0.0679195374250412,0.2889498770236969,0.011586310341954231,0.49962273240089417,0.5013381242752075,0.49963805079460144,0.5012296438217163
1,400,8.0,-3.112128734588623,0.06782356649637222,0.28896141052246094,0.011448117904365063,0.49957990646362305,0.501369833946228,0.49959537386894226,0.5012915134429932
1,401,8.02,-3.1134841442108154,0.0677228644490242,0.28897109627723694,0.01131565123796463,0.4995364844799042,0.5013909339904785,0.49955111742019653,0.5013521909713745
1,402,8.040000000000001,-3.114837408065796,0.06761880218982697,0.2889788746833801,0.01118938997387886,0.4995006322860718,0.5013967156410217,0.4995131492614746,0.5013994574546814
1,403,8.06,-3.1161887645721436,0.0675131306052208,0.2889847755432129,0.0110697653144598,0.49947887659072876,0.5013850331306458,0.49948808550834656,0.5014237761497498
1,404,8.08,-3.1175379753112793,0.06740789860486984,0.28898885846138,0.01095708180218935,0.4994751513004303,0.501356840133667,0.49948012828826904,0.5014199018478394
1,405,8.1,-3.118884801864624,0.0673055350780487,0.28899118304252625,0.010851486586034298,0.4994901120662689,0.5013159513473511,0.49949026107788086,0.5013877153396606
1,406,8.120000000000001,-3.120229959487915,0.0672074481844902,0.28899163007736206,0.010752986185252666,0.4995209276676178,0.5012682676315308,0.4995163381099701,0.5013318657875061
1,407,8.14,-3.1215732097625732,0.06711482256650925,0.28899046778678894,0.010661464184522629,0.49956220388412476,0.5012204647064209,0.499553382396698,0.501261293888092
1,408,8.16,-3.1229145526885986,0.06702759861946106,0.28898781538009644,0.010576704517006874,0.499606728553772,0.5011790990829468,0.49959465861320496,0.5011869668960571
1,409,8.18,-3.1242542266845703,0.06694552302360535,0.28898343443870544,0.010498454794287682,0.49964699149131775,0.5011492967605591,0.4996328353881836,0.5011203289031982
1,410,8.2,-3.1255922317504883,0.06686689704656601,0.28897765278816223,0.01042645238339901,0.4996764063835144,0.5011337995529175,0.49966147541999817,0.5010709166526794
1,411,8.22,-3.1269288063049316,0.06678930670022964,0.28897011280059814,0.01036047749221325,0.49969056248664856,0.501132607460022,0.4996759295463562,0.5010449290275574
1,412,8.24,-3.1282637119293213,0.0667114332318306,0.28896114230155945,0.01030036248266697,0.4996879994869232,0.5011429786682129,0.4996744394302368,0.501043975353241
1,413,8.26,-3.1295971870422363,0.06663157045841217,0.28895068168640137,0.01024599652737379,0.49967023730278015,0.5011601448059082,0.49965810775756836,0.5010651350021362
1,414,8.28,-3.1309289932250977,0.06654886901378632,0.2889385223388672,0.010197305120527744,0.4996415674686432,0.5011782646179199,0.4996306598186493,0.5011013150215149
1,415,8.3,-3.1322591304779053,0.06646279245615005,0.28892478346824646,0.010154246352612972,0.4996081292629242,0.5011911392211914,0.4995979070663452,0.5011429190635681
1,416,8.32,-3.13358736038208,0.06637368351221085,0.2889094352722168,0.010116786696016788,0.4995768070220947,0.5011937618255615,0.4995664060115814,0.5011795163154602
1,417,8.34,-3.134913921356201,0.06628341972827911,0.2888926565647125,0.01008485909551382,0.499553918838501,0.5011829137802124,0.4995424151420593,0.5012018084526062
1,418,8.36,-3.1362385749816895,0.0661931186914444,0.28887417912483215,0.010058383457362652,0.4995441436767578,0.5011579990386963,0.4995306730270386,0.5012031197547913
1,419,8.38,-3.137561559677124,0.06610468775033951,0.2888546884059906,0.010037251748144627,0.4995496869087219,0.5011206269264221,0.49953359365463257,0.50118088722229
1,420,8.4,-3.138882637023926,0.06601939350366592,0.28883352875709534,0.010021321475505829,0.49956995248794556,0.5010749101638794,0.4995509684085846,0.5011365413665771
1,421,8.42,-3.140202283859253,0.06593886762857437,0.28881123661994934,0.010010452941060066,0.4996017813682556,0.501025915145874,0.4995799958705902,0.5010755062103271
1,422,8.44,-3.1415200233459473,0.0658637061715126,0.2887877821922302,0.010004479438066483,0.49963992834091187,0.5009793639183044,0.4996159076690674,0.501006007194519
1,423,8.46,3.1403486728668213,0.06579357385635376,0.2887629270553589,0.010003240779042244,0.49967822432518005,0.5009402632713318,0.49965283274650574,0.5009375214576721
1,424,8.48,3.139033317565918,0.06573984771966934,0.2887367308139801,0.010007490403950214,0.4999465346336365,0.5005246996879578,0.499865859746933,0.5012449622154236
1,425,8.5,3.137718915939331,0.06570471078157425,0.28870850801467896,0.010020487941801548,0.5002835988998413,0.5002194046974182,0.5001200437545776,0.5014732480049133
1,426,8.52,3.1364049911499023,0.06568827480077744,0.28867751359939575,0.010046661831438541,0.5005828738212585,0.5000295639038086,0.5003823637962341,0.5015397071838379
1,427,8.540000000000001,3.1350910663604736,0.06569000333547592,0.2886435389518738,0.010089186020195484,0.5007849335670471,0.49996691942214966,0.5006030797958374,0.5013691782951355
1,428,8.56,3.133777141571045,0.06570727378129959,0.288606733083725,0.010148203000426292,0.5008626580238342,0.5000188946723938,0.5007456541061401,0.5009735226631165
1,429,8.58,3.132462739944458,0.06573483347892761,0.2885676622390747,0.0102210883051157,0.5008155107498169,0.5001562833786011,0.5007902383804321,0.5004470348358154
1,430,8.6,3.131147623062134,0.06576614826917648,0.28852754831314087,0.010304479859769344,0.5006631016731262,0.5003417134284973,0.5007337927818298,0.49993157386779785
1,431,8.620000000000001,3.1298320293426514,0.06579163670539856,0.28848713636398315,0.010396373458206654,0.5004382729530334,0.5005365014076233,0.5005886554718018,0.4995695650577545
1,432,8.64,3.1285159587860107,0.06580271571874619,0.28844788670539856,0.010496864095330238,0.5001807808876038,0.5007066130638123,0.500379741191864,0.49946001172065735
1,433,8.66,3.12719988822937,0.06579247117042542,0.28840959072113037,0.010607541538774967,0.4999309182167053,0.5008261203765869,0.5001412630081177,0.49962949752807617
1,434,8.68,3.1258842945098877,0.0657578557729721,0.2883736789226532,0.010730384849011898,0.49972450733184814,0.5008788108825684,0.4999118447303772,0.5000253915786743
1,435,8.700000000000001,3.124569892883301,0.06570076942443848,0.288339227437973,0.010867009870707989,0.4995887279510498,0.5008590817451477,0.49972906708717346,0.5005317330360413
1,436,8.72,3.1232564449310303,0.06562869995832443,0.288306325674057,0.011018408462405205,0.49953964352607727,0.5007714033126831,0.49962317943573,0.5010024309158325
1,437,8.74,3.1219446659088135,0.06555315852165222,0.2882747948169708,0.011184963397681713,0.49958041310310364,0.5006296634674072,0.4996117949485779,0.5013014078140259
1,438,8.76,3.1206343173980713,0.06548719108104706,0.2882443070411682,0.011366516351699829,0.49970144033432007,0.500455379486084,0.4996960461139679,0.5013391971588135
1,439,8.78,3.1193251609802246,0.06544221192598343,0.28821513056755066,0.011562583036720753,0.49988141655921936,0.5002753734588623,0.4998600482940674,0.5010954737663269
1,440,8.8,3.118016242980957,0.06542644649744034,0.2881876230239868,0.011772784404456615,0.5000903010368347,0.5001180768013,0.5000731348991394,0.5006228685379028
1,441,8.82,3.1167075634002686,0.06544163078069687,0.28816238045692444,0.011997303925454617,0.5002935528755188,0.5000094771385193,0.5002952814102173,0.5000317692756653
1,442,8.84,3.1153981685638428,0.06548365950584412,0.2881397306919098,0.012237012386322021,0.500457227230072,0.49996864795684814,0.5004843473434448,0.49946120381355286
1,443,8.86,3.1140878200531006,0.06554219871759415,0.2881202697753906,0.01249305997043848,0.5005533695220947,0.5000041723251343,0.5006040930747986,0.4990435838699341
1,444,8.88,3.112776279449463,0.06560350209474564,0.2881046533584595,0.012766137719154358,0.5005648732185364,0.5001122355461121,0.5006309151649475,0.49887269735336304
1,445,8.9,3.1114635467529297,0.0656532421708107,0.2880929410457611,0.013055836781859398,0.5004887580871582,0.5002762079238892,0.5005586743354797,0.4989824891090393
1,446,8.92,3.1101503372192383,0.06567925959825516,0.2880839705467224,0.01336042582988739,0.5003370642662048,0.5004693865776062,0.5004001259803772,0.49934110045433044
1,447,8.94,3.1088366508483887,0.0656740814447403,0.2880781888961792,0.013677086681127548,0.5001357793807983,0.5006588101387024,0.5001842975616455,0.4998612403869629
1,448,8.96,3.1075236797332764,0.06563682109117508,0.28807491064071655,0.014002330601215363,0.4999202787876129,0.5008110404014587,0.49995124340057373,0.5004228353500366
1,449,8.98,3.1062116622924805,0.06557252258062363,0.28807374835014343,0.014332505874335766,0.4997296929359436,0.5008984804153442,0.49974411725997925,0.5009024143218994
1,450,9.0,3.104901075363159,0.06549223512411118,0.28807440400123596,0.014664247632026672,0.499599426984787,0.5009047389030457,0.4996008574962616,0.5012011528015137
1,451,9.02,3.1035921573638916,0.06540963798761368,0.28807681798934937,0.014994889497756958,0.49955421686172485,0.5008281469345093,0.49954697489738464,0.5012655258178711
1,452,9.040000000000001,3.1022846698760986,0.06533815711736679,0.2880813181400299,0.015322868712246418,0.4996033310890198,0.5006825923919678,0.49959081411361694,0.5010957717895508
1,453,9.06,3.1009786128997803,0.06528910994529724,0.28808823227882385,0.01564793474972248,0.4997382164001465,0.5004948973655701,0.49972209334373474,0.5007418990135193
1,454,9.08,3.09967303276062,0.06526848673820496,0.2880973815917969,0.01597100868821144,0.4999343454837799,0.5002997517585754,0.4999144375324249,0.500289261341095
1,455,9.1,3.098367691040039,0.06527745723724365,0.2881099581718445,0.01629360392689705,0.5001557469367981,0.5001327991485596,0.5001305937767029,0.49983733892440796
1,456,9.120000000000001,3.0970616340637207,0.06531080603599548,0.2881259322166443,0.01661713421344757,0.500361979007721,0.5000239014625549,0.5003297924995422,0.49947813153266907
1,457,9.14,3.095755100250244,0.06535875797271729,0.28814393281936646,0.016942180693149567,0.5005160570144653,0.499991238117218,0.5004757046699524,0.4992775321006775
1,458,9.16,3.094447374343872,0.06540985405445099,0.2881651222705841,0.01726815104484558,0.500590980052948,0.5000379085540771,0.5005427598953247,0.4992641508579254
1,459,9.18,3.0931389331817627,0.06545215845108032,0.2881886959075928,0.017593245953321457,0.5005751252174377,0.5001518726348877,0.500521183013916,0.49942681193351746
1,460,9.200000000000001,3.091829538345337,0.06547648459672928,0.2882140874862671,0.017914678901433945,0.5004740953445435,0.5003080368041992,0.5004178285598755,0.4997204542160034
1,461,9.22,3.090520143508911,0.06547711044549942,0.2882407605648041,0.018229031935334206,0.5003093481063843,0.5004734396934509,0.5002545714378357,0.5000783801078796
1,462,9.24,3.0892107486724854,0.06545328348875046,0.28826847672462463,0.018532736226916313,0.5001141428947449,0.5006134510040283,0.5000637769699097,0.5004273056983948
1,463,9.26,3.087902307510376,0.06540954858064651,0.2882969081401825,0.01882249489426613,0.499926894903183,0.5006987452507019,0.4998819828033447,0.5007023811340332
1,464,9.28,3.086594820022583,0.06535317748785019,0.2883257269859314,0.019095761701464653,0.49978384375572205,0.5007104873657227,0.4997428357601166,0.5008583664894104
1,465,9.3,3.0852882862091064,0.0652942880988121,0.28835514187812805,0.019351063296198845,0.49971190094947815,0.5006440281867981,0.4996711313724518,0.5008760690689087
1,466,9.32,3.0839831829071045,0.06524251401424408,0.2883851230144501,0.019588150084018707,0.49972406029701233,0.5005091428756714,0.4996785521507263,0.5007625222206116
1,467,9.34,3.08267879486084,0.06520674377679825,0.28841617703437805,0.019807925447821617,0.4998170733451843,0.5003278851509094,0.49976205825805664,0.5005469918251038
1,468,9.36,3.0813746452331543,0.06519218534231186,0.2884477972984314,0.020012078806757927,0.49997270107269287,0.5001301765441895,0.4999048411846161,0.5002731084823608
1,469,9.38,3.080070972442627,0.06520069390535355,0.2884807288646698,0.02020258642733097,0.5001616477966309,0.49994757771492004,0.5000801086425781,0.4999900162220001
1,470,9.4,3.0787665843963623,0.0652298703789711,0.28851473331451416,0.020381180569529533,0.5003495216369629,0.4998076260089874,0.5002560019493103,0.4997437000274658
1,471,9.42,3.0774617195129395,0.06527433544397354,0.28854960203170776,0.020548975095152855,0.5005031824111938,0.49972888827323914,0.5004019737243652,0.49956992268562317
1,472,9.44,3.076155662536621,0.06532664597034454,0.28858399391174316,0.02070622146129608,0.500596821308136,0.4997177720069885,0.5004937052726746,0.49948960542678833
1,473,9.46,3.0748486518859863,0.06537836790084839,0.2886190116405487,0.020852327346801758,0.5006164908409119,0.49976807832717896,0.5005176067352295,0.4995069205760956
1,474,9.48,3.073540449142456,0.06542181223630905,0.28865382075309753,0.020985957235097885,0.5005621314048767,0.4998624324798584,0.5004727244377136,0.49961018562316895
1,475,9.5,3.0722317695617676,0.06545158475637436,0.28868818283081055,0.021105319261550903,0.5004469156265259,0.4999760389328003,0.5003702640533447,0.4997747838497162
1,476,9.52,3.0709228515625,0.0654648169875145,0.2887215316295624,0.021208470687270164,0.5002948045730591,0.5000813007354736,0.5002314448356628,0.4999677836894989
1,477,9.540000000000001,3.0696136951446533,0.06546248495578766,0.288754403591156,0.02129371091723442,0.5001354217529297,0.5001531839370728,0.5000832676887512,0.5001532435417175
1,478,9.56,3.0683045387268066,0.06544813513755798,0.2887856066226959,0.02135986089706421,0.4999985992908478,0.5001733899116516,0.4999535381793976,0.5002978444099426
1,479,9.58,3.066995859146118,0.0654279887676239,0.28881627321243286,0.021406490355730057,0.4999091327190399,0.5001336336135864,0.4998658299446106,0.5003756880760193
1,480,9.6,3.065687417984009,0.06540881097316742,0.28884613513946533,0.021434005349874496,0.4998822808265686,0.5000367164611816,0.4998355507850647,0.5003719925880432
1,481,9.620000000000001,3.0643792152404785,0.06539778411388397,0.2888752818107605,0.021443583071231842,0.49992144107818604,0.49989569187164307,0.4998674690723419,0.5002851486206055
1,482,9.64,3.0630714893341064,0.06540078669786453,0.28890320658683777,0.021436959505081177,0.5000179409980774,0.4997309744358063,0.49995505809783936,0.5001269578933716
1,483,9.66,3.061763048171997,0.06542140990495682,0.2889300584793091,0.021416189149022102,0.5001530647277832,0.49956661462783813,0.5000821352005005,0.49992045760154724
1,484,9.68,3.0604543685913086,0.0654601976275444,0.2889556586742401,0.0213832538574934,0.5003018379211426,0.49942585825920105,0.5002257823944092,0.49969667196273804
1,485,9.700000000000001,3.0591444969177246,0.06551496684551239,0.288981169462204,0.021339846774935722,0.5004376173019409,0.49932700395584106,0.5003609657287598,0.49948936700820923
1,486,9.72,3.057833433151245,0.06558102369308472,0.2890051305294037,0.021287154406309128,0.5005369782447815,0.49928048253059387,0.5004647374153137,0.49932965636253357
1,487,9.74,3.056520938873291,0.0656522661447525,0.2890283167362213,0.02122577652335167,0.5005836486816406,0.4992871880531311,0.5005202889442444,0.4992404580116272
1,488,9.76,3.0552072525024414,0.06572207063436508,0.2890504002571106,0.021155720576643944,0.500571072101593,0.4993387460708618,0.5005198121070862,0.49923253059387207
1,489,9.78,3.053892135620117,0.06578410416841507,0.2890707552433014,0.02107653208076954,0.5005033612251282,0.49941933155059814,0.5004655718803406,0.49930238723754883
1,490,9.8,3.0525758266448975,0.06583452969789505,0.28909000754356384,0.020987503230571747,0.5003941655158997,0.49950864911079407,0.5003693699836731,0.49943265318870544
1,491,9.82,3.0512588024139404,0.06587138026952744,0.28910788893699646,0.020887883380055428,0.500264048576355,0.4995855987071991,0.5002501010894775,0.49959516525268555
1,492,9.84,3.049941062927246,0.06589583307504654,0.2891237735748291,0.02077711559832096,0.50013667345047,0.49963217973709106,0.5001301765441895,0.4997560977935791
1,493,9.86,3.0486230850219727,0.06591112911701202,0.2891383767127991,0.020655013620853424,0.5000344514846802,0.49963635206222534,0.5000316500663757,0.4998820424079895
1,494,9.88,3.047304630279541,0.06592235714197159,0.28915125131607056,0.02052188664674759,0.49997463822364807,0.4995942711830139,0.49997201561927795,0.4999461770057678
1,495,9.9,3.0459861755371094,0.06593555212020874,0.2891627848148346,0.020378606393933296,0.4999665319919586,0.4995104968547821,0.4999614953994751,0.49993327260017395
1,496,9.92,3.0446672439575195,0.06595687568187714,0.28917282819747925,0.020226506516337395,0.5000098347663879,0.49939727783203125,0.5000011324882507,0.4998425245285034
1,497,9.94,3.0433478355407715,0.0659906342625618,0.28918159008026123,0.02006729133427143,0.5000950694084167,0.49927201867103577,0.5000830292701721,0.499687522649765
1,498,9.96,3.042027473449707,0.06603893637657166,0.28918933868408203,0.019902782514691353,0.5002054572105408,0.4991540014743805,0.5001916885375977,0.49949368834495544
1,499,9.98,3.040705919265747,0.06610193848609924,0.2891961634159088,0.019734714180231094,0.5003202557563782,0.4990610182285309,0.5003073215484619,0.4992935359477997
1,500,10.0,3.0393831729888916,0.06617670506238937,0.28920212388038635,0.019564537331461906,0.5004183053970337,0.4990062713623047,0.5004091858863831,0.4991205334663391
1,501,10.02,3.0380587577819824,0.0662587359547615,0.2892071306705475,0.019393252208828926,0.5004821419715881,0.4989960193634033,0.5004794597625732,0.49900275468826294
1,502,10.040000000000001,3.0367326736450195,0.06634222716093063,0.2892111539840698,0.019221356138586998,0.500500500202179,0.4990288317203522,0.5005065202713013,0.49895787239074707
1,503,10.06,3.035404920578003,0.06642155349254608,0.2892143130302429,0.01904888264834881,0.5004708170890808,0.4990958273410797,0.5004864931106567,0.49898988008499146
1,504,10.08,3.0340757369995117,0.06649220734834671,0.289216548204422,0.018875503912568092,0.5003987550735474,0.4991825819015503,0.5004241466522217,0.49908876419067383
1,505,10.1,3.032745122909546,0.06655093282461166,0.2892177402973175,0.01870068535208702,0.5002975463867188,0.4992716908454895,0.5003316402435303,0.4992324113845825
1,506,10.120000000000001,3.0314137935638428,0.06659726798534393,0.28921791911125183,0.018523944541811943,0.5001853704452515,0.4993460774421692,0.5002261400222778,0.4993912875652313
1,507,10.14,3.030081272125244,0.06663285195827484,0.28921711444854736,0.018344957381486893,0.5000818967819214,0.49939191341400146,0.5001267790794373,0.49953389167785645
1,508,10.16,3.0287485122680664,0.066661037504673,0.28921544551849365,0.018163733184337616,0.5000046491622925,0.4994010329246521,0.5000510811805725,0.49963289499282837
1,509,10.18,3.0274147987365723,0.06668689846992493,0.2892128825187683,0.017980679869651794,0.4999661445617676,0.49937233328819275,0.500011682510376,0.4996698200702667
1,510,10.200000000000001,3.026080846786499,0.06671547144651413,0.2892095148563385,0.017796620726585388,0.4999716579914093,0.49931180477142334,0.5000145435333252,0.4996383786201477
1,511,10.22,3.0247461795806885,0.06675144284963608,0.28920578956604004,0.01761269010603428,0.500018298625946,0.499231219291687,0.5000576972961426,0.49954521656036377
1,512,10.24,3.0234107971191406,0.06679756194353104,0.28920164704322815,0.017430171370506287,0.5000959634780884,0.4991459548473358,0.5001319646835327,0.49940821528434753
1,513,10.26,3.0220742225646973,0.06685533374547958,0.28919729590415955,0.01725037209689617,0.5001890659332275,0.49907204508781433,0.50022292137146,0.49925288558006287
1,514,10.28,3.0207364559173584,0.06692337989807129,0.28919273614883423,0.017074359580874443,0.5002798438072205,0.49902334809303284,0.5003132224082947,0.4991075396537781
1,515,10.3,3.019397020339966,0.06699872761964798,0.2891883850097656,0.016902880743145943,0.5003511905670166,0.49900901317596436,0.5003862380981445,0.49899807572364807
1,516,10.32,3.0180561542510986,0.06707742810249329,0.28918400406837463,0.016736289486289024,0.5003901720046997,0.49903205037117004,0.5004288554191589,0.4989432394504547
1,517,10.34,3.016713857650757,0.06715433299541473,0.28917959332466125,0.01657452993094921,0.500389814376831,0.499088853597641,0.5004335045814514,0.49895158410072327
1,518,10.36,3.0153701305389404,0.06722504645586014,0.28917524218559265,0.016417257487773895,0.5003504157066345,0.4991699755191803,0.5003998875617981,0.4990200996398926
1,519,10.38,3.0140249729156494,0.06728613376617432,0.28917089104652405,0.016263948753476143,0.5002793073654175,0.49926212430000305,0.5003344416618347,0.499135285615921
1,520,10.4,3.012678623199463,0.06733623892068863,0.28916653990745544,0.01611405983567238,0.5001893639564514,0.4993503987789154,0.5002490282058716,0.49927571415901184
1,521,10.42,3.011331558227539,0.06737536191940308,0.28916221857070923,0.015967169776558876,0.5000964999198914,0.4994211792945862,0.5001589059829712,0.49941641092300415
1,522,10.44,3.009983777999878,0.06740573793649673,0.2891578674316406,0.015823088586330414,0.5000169277191162,0.4994645118713379,0.5000797510147095,0.4995332360267639
1,523,10.46,3.0086352825164795,0.06743079423904419,0.2891535758972168,0.0156819149851799,0.49996381998062134,0.4994756281375885,0.5000247359275818,0.49960726499557495
1,524,10.48,3.007286548614502,0.06745503842830658,0.2891494631767273,0.015544022433459759,0.4999455213546753,0.49945592880249023,0.5000025033950806,0.49962809681892395
1,525,10.5,3.005937099456787,0.06748223304748535,0.28914567828178406,0.01541001908481121,0.49996381998062134,0.49941232800483704,0.5000154376029968,0.49959519505500793
1,526,10.52,3.004587173461914,0.06751561164855957,0.28914234042167664,0.015280645340681076,0.5000138282775879,0.49935612082481384,0.5000596046447754,0.4995177686214447
1,527,10.540000000000001,3.0032362937927246,0.06755705922842026,0.2891394793987274,0.015156624838709831,0.5000852346420288,0.499300479888916,0.500125527381897,0.49941277503967285
1,528,10.56,3.001884698867798,0.06760700047016144,0.2891373038291931,0.015038548037409782,0.5001639723777771,0.4992583096027374,0.500200092792511,0.4993017017841339
1,529,10.58,3.0005319118499756,0.0676637589931488,0.2891359031200409,0.01492677628993988,0.5002353191375732,0.4992397129535675,0.5002690553665161,0.49920666217803955
1,530,10.6,2.999177932739258,0.06772498786449432,0.28913524746894836,0.014821391552686691,0.5002861618995667,0.49925050139427185,0.5003194212913513,0.4991462230682373
1,531,10.620000000000001,2.9978229999542236,0.0677865743637085,0.2891353666782379,0.014722201973199844,0.5003074407577515,0.49929091334342957,0.5003419518470764,0.49913254380226135
1,532,10.64,2.996466636657715,0.06784481555223465,0.28913620114326477,0.014628798700869083,0.5002956390380859,0.49935612082481384,0.5003326535224915,0.49916908144950867
1,533,10.66,2.9951090812683105,0.06789623200893402,0.28913772106170654,0.014540663920342922,0.500253438949585,0.4994368255138397,0.5002932548522949,0.4992504417896271
1,534,10.68,2.993750810623169,0.06793882697820663,0.28913983702659607,0.014457265846431255,0.5001887083053589,0.49952128529548645,0.5002309679985046,0.49936333298683167
1,535,10.700000000000001,2.992391586303711,0.06797166168689728,0.28914228081703186,0.01437816210091114,0.5001132488250732,0.499597430229187,0.5001567602157593,0.49948933720588684
1,536,10.72,2.9910318851470947,0.06799540668725967,0.28914570808410645,0.014303067699074745,0.500040590763092,0.49965497851371765,0.5000835657119751,0.49960824847221375
1,537,10.74,2.9896717071533203,0.06801261752843857,0.2891494631767273,0.014231892302632332,0.4999833405017853,0.499687135219574,0.5000238418579102,0.49970170855522156
1,538,10.76,2.988311529159546,0.0680263563990593,0.28915366530418396,0.014164750464260578,0.49995115399360657,0.49969199299812317,0.49998724460601807,0.499756395816803
1,539,10.78,2.9869508743286133,0.06804017722606659,0.28915882110595703,0.014101897366344929,0.49994876980781555,0.49967247247695923,0.49997901916503906,0.4997662603855133
1,540,10.8,2.9855897426605225,0.06805712729692459,0.2891644835472107,0.014043697156012058,0.4999755918979645,0.49963581562042236,0.4999992549419403,0.49973347783088684
1,541,10.82,2.9842286109924316,0.0680796355009079,0.2891707718372345,0.013990506529808044,0.5000258088111877,0.4995920658111572,0.5000429153442383,0.4996677041053772
1,542,10.84,2.9828665256500244,0.06810878217220306,0.2891782224178314,0.013942595571279526,0.5000895261764526,0.49955224990844727,0.5001010298728943,0.49958425760269165
1,543,10.86,2.981503963470459,0.06814469397068024,0.2891862690448761,0.013900087215006351,0.5001547336578369,0.49952632188796997,0.5001620054244995,0.49950119853019714
1,544,10.88,2.9801406860351562,0.06818519532680511,0.2891950309276581,0.01386290043592453,0.5002095699310303,0.49952149391174316,0.5002143979072571,0.4994361400604248
1,545,10.9,2.978776454925537,0.0682281032204628,0.28920501470565796,0.013830771669745445,0.5002442598342896,0.4995408058166504,0.500248372554779,0.4994029700756073
1,546,10.92,2.9774115085601807,0.06827013939619064,0.28921523690223694,0.01380328182131052,0.5002529621124268,0.49958300590515137,0.5002577900886536,0.4994095265865326
1,547,10.94,2.976045846939087,0.06830840557813644,0.289226770401001,0.013779914937913418,0.5002347230911255,0.49964261054992676,0.5002409815788269,0.49945634603500366
1,548,10.96,2.9746792316436768,0.06834007799625397,0.28923845291137695,0.01376015692949295,0.5001932382583618,0.49971115589141846,0.5002011656761169,0.4995366930961609
1,549,10.98,2.9733121395111084,0.06836389005184174,0.2892507016658783,0.013743550516664982,0.5001365542411804,0.4997785985469818,0.5001454949378967,0.4996379613876343
1,550,11.0,2.971944808959961,0.06837986409664154,0.2892639636993408,0.013729756698012352,0.5000749826431274,0.49983543157577515,0.500083863735199,0.4997439980506897
1,551,11.02,2.9705770015716553,0.06838899850845337,0.2892772853374481,0.013718580827116966,0.5000196695327759,0.49987414479255676,0.5000270009040833,0.4998382329940796
1,552,11.040000000000001,2.9692091941833496,0.06839387118816376,0.2892904281616211,0.013709978200495243,0.4999801516532898,0.49989059567451477,0.4999845325946808,0.4999065101146698
1,553,11.06,2.967841148376465,0.06839685887098312,0.2893047034740448,0.013704034499824047,0.49996310472488403,0.4998846650123596,0.4999631345272064,0.4999396800994873
1,554,11.08,2.966473340988159,0.06840094178915024,0.28931963443756104,0.013700914569199085,0.49997085332870483,0.4998601973056793,0.49996569752693176,0.49993497133255005
1,555,11.1,2.9651052951812744,0.06840867549180984,0.28933438658714294,0.013700795359909534,0.5000012516975403,0.4998241662979126,0.49999070167541504,0.4998966157436371
1,556,11.120000000000001,2.9637372493743896,0.06842156499624252,0.28934934735298157,0.013703820295631886,0.5000481605529785,0.4997853934764862,0.5000326037406921,0.49983450770378113
1,557,11.14,2.9623684883117676,0.06844034045934677,0.28936564922332764,0.013710018247365952,0.5001025795936584,0.4997527599334717,0.5000831484794617,0.4997625946998596
1,558,11.16,2.9609994888305664,0.0684642344713211,0.2893819808959961,0.013719306327402592,0.5001544952392578,0.4997338354587555,0.5001325011253357,0.49969619512557983
1,559,11.18,2.959629774093628,0.06849158555269241,0.2893983721733093,0.013731432147324085,0.5001945495605469,0.49973344802856445,0.5001715421676636,0.49964913725852966
1,560,11.200000000000001,2.9582595825195312,0.06851990520954132,0.28941553831100464,0.013746047392487526,0.5002157092094421,0.49975284934043884,0.500193178653717,0.499631404876709
1,561,11.22,2.9568891525268555,0.06854698061943054,0.28943338990211487,0.013762702234089375,0.5002146363258362,0.49978965520858765,0.5001936554908752,0.4996473491191864
1,562,11.24,2.9555177688598633,0.06856998056173325,0.28945159912109375,0.013780944049358368,0.5001919269561768,0.49983835220336914,0.500173032283783,0.4996950924396515
1,563,11.26,2.954146385192871,0.06858751177787781,0.2894698679447174,0.013800344429910183,0.5001521706581116,0.49989140033721924,0.5001352429389954,0.49976709485054016
1,564,11.28,2.9527745246887207,0.06859873980283737,0.2894880771636963,0.013820557855069637,0.500102698802948,0.49994051456451416,0.5000872015953064,0.4998514652252197
1,565,11.3,2.9514026641845703,0.06860361993312836,0.28950628638267517,0.01384136825799942,0.5000525712966919,0.49997836351394653,0.5000374913215637,0.4999343752861023
1,566,11.32,2.950030565261841,0.06860379874706268,0.2895244061946869,0.0138626703992486,0.5000105500221252,0.4999997019767761,0.49999481439590454,0.5000025033950806
1,567,11.34,2.9486587047576904,0.06860126554965973,0.28954246640205383,0.013884475454688072,0.49998390674591064,0.5000022649765015,0.4999662935733795,0.5000455975532532
1,568,11.36,2.947286605834961,0.06859834492206573,0.28956079483032227,0.013906879350543022,0.49997678399086,0.49998724460601807,0.4999563992023468,0.5000579357147217
1,569,11.38,2.9459145069122314,0.06859743595123291,0.28957900404930115,0.01393001526594162,0.499989777803421,0.4999588429927826,0.4999661147594452,0.5000395774841309
1,570,11.4,2.944542646408081,0.06860020011663437,0.2895970642566681,0.01395400706678629,0.5000198483467102,0.4999235272407532,0.4999929666519165,0.4999959468841553
1,571,11.42,2.9431705474853516,0.06860777735710144,0.28961503505706787,0.013978921808302402,0.5000609159469604,0.49988874793052673,0.5000314116477966,0.4999368488788605
1,572,11.44,2.941798210144043,0.0686204805970192,0.2896328270435333,0.014004741795361042,0.5001051425933838,0.49986162781715393,0.5000739693641663,0.49987441301345825
1,573,11.46,2.9404256343841553,0.06863684207201004,0.28965047001838684,0.014031339436769485,0.5001442432403564,0.4998476505279541,0.5001126527786255,0.49982109665870667
1,574,11.48,2.9390528202056885,0.06865564733743668,0.28966811299324036,0.014058495871722698,0.5001710653305054,0.49984970688819885,0.5001404285430908,0.499787300825119
1,575,11.5,2.9376795291900635,0.06867494434118271,0.28968578577041626,0.014085900038480759,0.5001809597015381,0.4998677968978882,0.5001523494720459,0.499779611825943
1,576,11.52,2.9363057613372803,0.0686921700835228,0.2897033393383026,0.014113214798271656,0.5001723170280457,0.49989891052246094,0.5001463294029236,0.4997996687889099
1,577,11.540000000000001,2.934931993484497,0.06870568543672562,0.28972065448760986,0.014140105806291103,0.5001468062400818,0.4999377727508545,0.5001238584518433,0.4998440444469452
1,578,11.56,2.9335577487945557,0.06871459633111954,0.2897377908229828,0.014166287146508694,0.5001093149185181,0.4999777674674988,0.500089168548584,0.499904990196228
1,579,11.58,2.9321835041046143,0.068718321621418,0.2897547781467438,0.014191563241183758,0.5000665783882141,0.5000122785568237,0.5000485181808472,0.4999719262123108
1,580,11.6,2.9308090209960938,0.0687173530459404,0.28977152705192566,0.01421581581234932,0.5000260472297668,0.5000357627868652,0.5000091791152954,0.500033438205719
1,581,11.620000000000001,2.9294347763061523,0.06871335953474045,0.2897880971431732,0.014239045791327953,0.4999946355819702,0.5000448822975159,0.4999780058860779,0.5000793933868408
1,582,11.64,2.928060531616211,0.06870803982019424,0.28980445861816406,0.014261322095990181,0.4999774694442749,0.500038743019104,0.4999600946903229,0.5001026391983032
1,583,11.66,2.9266865253448486,0.06870333850383759,0.2898206114768982,0.0142827732488513,0.49997690320014954,0.5000193119049072,0.49995818734169006,0.5001002550125122
1,584,11.68,2.9253125190734863,0.06870056688785553,0.2898365557193756,0.014303549192845821,0.4999922513961792,0.4999909996986389,0.4999718964099884,0.500074028968811
1,585,11.700000000000001,2.923938274383545,0.0687015950679779,0.2898523211479187,0.014323778450489044,0.5000200271606445,0.49995940923690796,0.49999818205833435,0.5000298023223877
1,586,11.72,2.9225642681121826,0.06870663911104202,0.2898678779602051,0.014343535527586937,0.5000544786453247,0.49993079900741577,0.5000317692756653,0.49997666478157043
1,587,11.74,2.9211902618408203,0.06871568411588669,0.28988319635391235,0.014362826012074947,0.5000889301300049,0.4999105632305145,0.5000662207603455,0.49992480874061584
1,588,11.76,2.919816017150879,0.06872759759426117,0.2898983955383301,0.014381559565663338,0.500116765499115,0.49990251660346985,0.5000951290130615,0.49988409876823425
1,589,11.78,2.9184412956237793,0.06874077767133713,0.2899133563041687,0.01439958717674017,0.5001328587532043,0.4999081492424011,0.5001131892204285,0.49986201524734497
1,590,11.8,2.9170665740966797,0.06875360012054443,0.289928138256073,0.014416691847145557,0.5001341104507446,0.49992650747299194,0.5001172423362732,0.4998624622821808
1,591,11.82,2.915691614151001,0.06876449286937714,0.28994274139404297,0.014432650059461594,0.5001204609870911,0.4999542236328125,0.500106692314148,0.49988529086112976
1,592,11.84,2.914316415786743,0.06877193599939346,0.28995683789253235,0.014447266235947609,0.5000941753387451,0.49998652935028076,0.5000836253166199,0.4999261796474457
1,593,11.86,2.9129409790039062,0.0687754675745964,0.289969801902771,0.0144603680819273,0.5000599026679993,0.5000178217887878,0.500052273273468,0.49997779726982117
1,594,11.88,2.9115655422210693,0.06877484172582626,0.28998222947120667,0.01447187177836895,0.5000236630439758,0.5000428557395935,0.5000182390213013,0.5000309348106384
1,595,11.9,2.9101901054382324,0.06877075880765915,0.289994478225708,0.014481764286756516,0.4999915063381195,0.5000576376914978,0.4999874234199524,0.5000764727592468
1,596,11.92,2.9088146686553955,0.06876469403505325,0.2900063693523407,0.014490114524960518,0.4999687373638153,0.5000600814819336,0.49996501207351685,0.500106692314148
1,597,11.94,2.9074394702911377,0.06875768303871155,0.2900180220603943,0.014497051015496254,0.49995872378349304,0.50005042552948,0.4999546706676483,0.5001170039176941
1,598,11.96,2.906064510345459,0.06875161081552505,0.2900295555591583,0.014502729289233685,0.49996256828308105,0.5000309944152832,0.4999576508998871,0.5001063942909241
1,599,11.98,2.904689311981201,0.06874816864728928,0.29004064202308655,0.014507311396300793,0.49997881054878235,0.500005841255188,0.4999728798866272,0.5000777244567871
1,600,12.0,2.9033143520355225,0.06874790787696838,0.2900516092777252,0.014510936103761196,0.5000038146972656,0.49998000264167786,0.4999970495700836,0.5000367760658264
1,601,12.02,2.9019393920898438,0.06875114887952805,0.2900623381137848,0.014513700269162655,0.500032365322113,0.4999583959579468,0.5000253915786743,0.4999917149543762
1,602,12.040000000000001,2.900564432144165,0.06875726580619812,0.2900727689266205,0.01451562624424696,0.5000589489936829,0.49994513392448425,0.5000524520874023,0.49995094537734985
1,603,12.06,2.8991892337799072,0.06876518577337265,0.2900831699371338,0.014516673982143402,0.5000783801078796,0.49994271993637085,0.5000731348991394,0.499921977519989
1,604,12.08,2.8978137969970703,0.06877406686544418,0.2900931239128113,0.014516751281917095,0.5000869631767273,0.4999516010284424,0.5000836849212646,0.49990999698638916
1,605,12.1,2.8964381217956543,0.06878193467855453,0.2901030480861664,0.014515726827085018,0.5000830292701721,0.4999701976776123,0.5000823140144348,0.49991706013679504
1,606,12.120000000000001,2.8950624465942383,0.06878763437271118,0.29011270403862,0.014513465575873852,0.5000672936439514,0.49999529123306274,0.500069260597229,0.49994170665740967
1,607,12.14,2.893686532974243,0.06879042088985443,0.29012224078178406,0.014509862288832664,0.5000423192977905,0.5000225305557251,0.5000469088554382,0.49997931718826294
1,608,12.16,2.892310857772827,0.06878962367773056,0.29013150930404663,0.014504830352962017,0.5000126361846924,0.5000473260879517,0.5000193119049072,0.5000232458114624
1,609,12.18,2.890934944152832,0.06878555566072464,0.2901393175125122,0.014498366974294186,0.49998316168785095,0.5000656247138977,0.4999912977218628,0.5000656247138977
1,610,12.200000000000001,2.889559507369995,0.06877877563238144,0.29014694690704346,0.0144905224442482,0.4999588429927826,0.5000746846199036,0.49996766448020935,0.500099241733551
1,611,12.22,2.888183832168579,0.06877079606056213,0.29015448689460754,0.014481404796242714,0.4999435544013977,0.5000733733177185,0.4999522566795349,0.5001185536384583
1,612,12.24,2.8868086338043213,0.06876274198293686,0.29016172885894775,0.014471165835857391,0.4999394118785858,0.5000625848770142,0.4999473989009857,0.5001207590103149
1,613,12.26,2.8854334354400635,0.06875588744878769,0.2901689410209656,0.014459972269833088,0.4999465346336365,0.5000447630882263,0.4999534785747528,0.5001062750816345
1,614,12.280000000000001,2.8840582370758057,0.06875155866146088,0.2901758551597595,0.01444798894226551,0.49996304512023926,0.5000237226486206,0.49996888637542725,0.5000783205032349
1,615,12.3,2.882683277130127,0.06874988973140717,0.2901827394962311,0.014435355551540852,0.49998539686203003,0.5000035166740417,0.4999903738498688,0.5000426173210144
1,616,12.32,2.8813083171844482,0.06875086575746536,0.2901894152164459,0.014422164298593998,0.5000090599060059,0.4999881684780121,0.5000137090682983,0.5000060200691223
1,617,12.34,2.8799331188201904,0.06875399500131607,0.2901959717273712,0.014408453367650509,0.5000295639038086,0.4999805688858032,0.5000343918800354,0.49997541308403015
1,618,12.36,2.8785579204559326,0.06875838339328766,0.29020240902900696,0.014394201338291168,0.5000429153442383,0.49998223781585693,0.5000486373901367,0.499956339597702
1,619,12.38,2.877182960510254,0.06876297295093536,0.2902087867259979,0.014379353262484074,0.5000466108322144,0.4999929368495941,0.5000537633895874,0.4999522566795349
1,620,12.4,2.875807523727417,0.06876616179943085,0.29021498560905457,0.014363824389874935,0.5000399947166443,0.5000107884407043,0.5000489354133606,0.4999637305736542
1,621,12.42,2.874432325363159,0.06876715272665024,0.2902211546897888,0.014347541145980358,0.5000243186950684,0.5000327825546265,0.5000349879264832,0.4999886155128479
1,622,12.44,2.8730568885803223,0.06876559555530548,0.2902272343635559,0.014330442063510418,0.5000022649765015,0.5000551342964172,0.5000144839286804,0.5000223517417908
1,623,12.46,2.8716816902160645,0.06876123696565628,0.29023322463035583,0.01431250385940075,0.49997779726982117,0.5000741481781006,0.4999910891056061,0.5000589489936829
1,624,12.48,2.8703064918518066,0.06875435262918472,0.2902383804321289,0.01429375447332859,0.49995508790016174,0.500086784362793,0.49996882677078247,0.500092089176178
1,625,12.5,2.868931531906128,0.06874563544988632,0.2902427613735199,0.014274266548454762,0.49993789196014404,0.5000912547111511,0.49995148181915283,0.5001161098480225
1,626,12.52,2.867556571960449,0.06873637437820435,0.2902471721172333,0.014254161156713963,0.49992895126342773,0.5000872611999512,0.49994179606437683,0.5001271963119507
1,627,12.540000000000001,2.8661820888519287,0.06872758269309998,0.29025158286094666,0.014233582653105259,0.4999294579029083,0.5000759959220886,0.4999410808086395,0.500123918056488
1,628,12.56,2.864807605743408,0.06871984899044037,0.29025572538375854,0.01421269029378891,0.49993881583213806,0.500059962272644,0.4999490976333618,0.5001075267791748
1,629,12.58,2.8634331226348877,0.06871430575847626,0.2902598977088928,0.014191621914505959,0.49995505809783936,0.5000423789024353,0.4999639689922333,0.5000815391540527
1,630,12.6,2.8620588779449463,0.06871121376752853,0.2902640700340271,0.014170493930578232,0.4999748170375824,0.5000267028808594,0.49998268485069275,0.5000510811805725
1,631,12.620000000000001,2.860684871673584,0.06871023774147034,0.2902681827545166,0.014149371534585953,0.4999943673610687,0.500015914440155,0.5000016093254089,0.5000219941139221
1,632,12.64,2.8593106269836426,0.06871086359024048,0.2902721166610718,0.014128291979432106,0.5000100135803223,0.5000120997428894,0.5000171661376953,0.49999964237213135
1,633,12.66,2.857936143875122,0.0687120109796524,0.29027605056762695,0.014107233844697475,0.5000188946723938,0.500015914440155,0.500026524066925,0.49998804926872253
1,634,12.68,2.8565621376037598,0.06871297955513,0.29027995467185974,0.01408615242689848,0.5000195503234863,0.5000267028808594,0.5000280141830444,0.49998921155929565
1,635,12.700000000000001,2.8551878929138184,0.06871280819177628,0.2902839183807373,0.014064985327422619,0.5000119209289551,0.5000425577163696,0.5000213384628296,0.5000028014183044
1,636,12.72,2.853813648223877,0.06871066987514496,0.29028791189193726,0.014043677598237991,0.49999740719795227,0.5000607371330261,0.5000078678131104,0.5000261664390564
1,637,12.74,2.8524394035339355,0.06870627403259277,0.2902918756008148,0.014022189192473888,0.4999787509441376,0.5000780820846558,0.49998995661735535,0.5000550746917725
1,638,12.76,2.8510653972625732,0.06869962811470032,0.2902951240539551,0.014000514522194862,0.4999593198299408,0.5000916719436646,0.4999708831310272,0.500084400177002
1,639,12.780000000000001,2.849691390991211,0.06869122385978699,0.2902974784374237,0.013978688977658749,0.4999425411224365,0.5000993609428406,0.4999539256095886,0.500109076499939
1,640,12.8,2.848317861557007,0.06868167221546173,0.29029983282089233,0.01395679172128439,0.4999311864376068,0.5001000165939331,0.499941885471344,0.5001248717308044
1,641,12.82,2.8469440937042236,0.06867201626300812,0.2903021574020386,0.013934914022684097,0.4999271333217621,0.500093936920166,0.49993669986724854,0.5001293420791626
1,642,12.84,2.8455710411071777,0.06866283714771271,0.2903045117855072,0.013913176953792572,0.49993082880973816,0.5000824332237244,0.49993896484375,0.5001221299171448
1,643,12.86,2.8441977500915527,0.06865502148866653,0.29030686616897583,0.013891706243157387,0.4999413788318634,0.5000678896903992,0.49994802474975586,0.5001049637794495
1,644,12.88,2.8428244590759277,0.0686493068933487,0.29030919075012207,0.01387060061097145,0.4999566674232483,0.5000530481338501,0.4999619722366333,0.5000813007354736
1,645,12.9,2.841451644897461,0.06864585727453232,0.2903115153312683,0.013849945738911629,0.4999738037586212,0.5000407099723816,0.49997803568840027,0.5000556111335754
1,646,12.92,2.840078830718994,0.06864389777183533,0.2903136610984802,0.013829786330461502,0.4999895989894867,0.5000330805778503,0.4999932646751404,0.5000327229499817
1,647,12.94,2.838705539703369,0.06864296644926071,0.29031574726104736,0.013810117729008198,0.5000012516975403,0.5000315308570862,0.500004768371582,0.5000166893005371
1,648,12.96,2.8373332023620605,0.06864217668771744,0.2903178632259369,0.013790926896035671,0.5000067353248596,0.5000361800193787,0.50001060962677,0.5000101923942566
1,649,12.98,2.8359603881835938,0.06864087283611298,0.2903200387954712,0.013772159814834595,0.500005304813385,0.5000461935997009,0.5000096559524536,0.5000143051147461
1,650,13.0,2.834587335586548,0.06863869726657867,0.2903221547603607,0.013753757812082767,0.4999973475933075,0.5000595450401306,0.5000023245811462,0.5000280737876892
1,651,13.02,2.83321475982666,0.06863496452569962,0.29032397270202637,0.013735657557845116,0.49998441338539124,0.5000739693641663,0.49998992681503296,0.5000487565994263
1,652,13.040000000000001,2.8318421840667725,0.06862954795360565,0.2903248071670532,0.013717832043766975,0.4999689757823944,0.500086784362793,0.4999748170375824,0.5000724792480469
1,653,13.06,2.8304693698883057,0.06862205266952515,0.2903255224227905,0.01370027381926775,0.4999537765979767,0.500095784664154,0.49995967745780945,0.500095009803772
1,654,13.08,2.829097270965576,0.06861339509487152,0.2903261184692383,0.013683013617992401,0.4999416172504425,0.5000994801521301,0.49994713068008423,0.5001123547554016
1,655,13.1,2.8277249336242676,0.06860421597957611,0.2903267443180084,0.013666093349456787,0.4999346137046814,0.5000972747802734,0.49993935227394104,0.5001214742660522
1,656,13.120000000000001,2.826353073120117,0.06859513372182846,0.29032739996910095,0.013649589382112026,0.4999338984489441,0.5000898241996765,0.499937504529953,0.500120997428894
1,657,13.14,2.824981212615967,0.0685868039727211,0.2903280556201935,0.013633588328957558,0.4999394714832306,0.5000784993171692,0.49994179606437683,0.5001112818717957
1,658,13.16,2.8236093521118164,0.06857994943857193,0.29032862186431885,0.01361818052828312,0.49995020031929016,0.5000654458999634,0.49995124340057373,0.5000942349433899
1,659,13.18,2.822237968444824,0.06857448816299438,0.29032909870147705,0.01360342837870121,0.49996402859687805,0.5000529885292053,0.4999639689922333,0.5000731348991394
1,660,13.200000000000001,2.820866346359253,0.06857062131166458,0.29032963514328003,0.013589384965598583,0.4999784827232361,0.5000433921813965,0.49997761845588684,0.5000517964363098
1,661,13.22,2.81949520111084,0.06856806576251984,0.290330171585083,0.013576052151620388,0.49999094009399414,0.500038206577301,0.4999896287918091,0.5000339150428772
1,662,13.24,2.8181240558624268,0.06856624037027359,0.29033058881759644,0.013563428074121475,0.4999992549419403,0.500038206577301,0.49999797344207764,0.5000225305557251
1,663,13.26,2.8167524337768555,0.0685645341873169,0.2903309762477875,0.013551464304327965,0.5000021457672119,0.5000432133674622,0.5000011920928955,0.5000196099281311
1,664,13.280000000000001,2.8153812885284424,0.0685625821352005,0.2903308868408203,0.013540105894207954,0.49999919533729553,0.5000521540641785,0.4999987781047821,0.50002521276474
1,665,13.3,2.8140101432800293,0.06855939328670502,0.2903299629688263,0.013529282994568348,0.49999117851257324,0.5000633001327515,0.49999135732650757,0.5000381469726562
1,666,13.32,2.812638759613037,0.06855499744415283,0.29032889008522034,0.013518939726054668,0.4999796152114868,0.5000745058059692,0.4999803304672241,0.500055730342865
1,667,13.34,2.811267852783203,0.06854920834302902,0.29032787680625916,0.013509036973118782,0.49996674060821533,0.5000836849212646,0.4999678134918213,0.5000747442245483
1,668,13.36,2.809896945953369,0.06854210793972015,0.29032689332962036,0.013499564491212368,0.4999549686908722,0.5000891089439392,0.49995604157447815,0.500091552734375
1,669,13.38,2.808526039123535,0.06853419542312622,0.2903258204460144,0.0134905269369483,0.49994638562202454,0.5000898838043213,0.49994710087776184,0.5001031160354614
1,670,13.4,2.8071556091308594,0.06852604448795319,0.29032477736473083,0.013481957837939262,0.4999425709247589,0.5000858902931213,0.4999426007270813,0.5001075267791748
1,671,13.42,2.8057849407196045,0.06851804256439209,0.2903236150741577,0.013473904691636562,0.4999440610408783,0.5000779032707214,0.49994316697120667,0.5001038908958435
1,672,13.44,2.804414987564087,0.0685112252831459,0.290322482585907,0.013466423377394676,0.4999505579471588,0.5000672936439514,0.4999486804008484,0.5000931024551392
1,673,13.46,2.803044557571411,0.06850534677505493,0.29032137989997864,0.013459574431180954,0.4999607503414154,0.5000560283660889,0.49995794892311096,0.5000771284103394
1,674,13.48,2.8016746044158936,0.06850076466798782,0.29032015800476074,0.013453392311930656,0.49997279047966003,0.5000460147857666,0.4999692738056183,0.5000587105751038
1,675,13.5,2.800304651260376,0.06849759072065353,0.29031896591186523,0.013447895646095276,0.4999845623970032,0.5000389218330383,0.4999805688858032,0.500041127204895
1,676,13.52,2.7989344596862793,0.0684954822063446,0.29031768441200256,0.013443080708384514,0.4999939203262329,0.50003582239151,0.4999898672103882,0.5000274777412415
1,677,13.540000000000001,2.797564744949341,0.06849390268325806,0.29031652212142944,0.013438910245895386,0.49999934434890747,0.5000371336936951,0.49999555945396423,0.5000198483467102
1,678,13.56,2.7961950302124023,0.0684923529624939,0.29031509160995483,0.013435328379273415,0.5,0.5000423192977905,0.49999675154685974,0.5000194907188416
1,679,13.58,2.7948250770568848,0.06849014759063721,0.2903124690055847,0.013432275503873825,0.4999959170818329,0.50005042552948,0.49999332427978516,0.5000260472297668
1,680,13.6,2.7934553623199463,0.06848679482936859,0.2903099060058594,0.013429681770503521,0.49998798966407776,0.5000596642494202,0.49998605251312256,0.5000381469726562
1,681,13.620000000000001,2.792085886001587,0.06848236918449402,0.29030725359916687,0.013427489437162876,0.4999777376651764,0.5000683069229126,0.49997636675834656,0.5000532269477844
1,682,13.64,2.7907159328460693,0.06847672164440155,0.29030466079711914,0.013425660319626331,0.49996712803840637,0.5000746250152588,0.4999660849571228,0.5000684261322021
1,683,13.66,2.789346694946289,0.06847019493579865,0.29030200839042664,0.013424169272184372,0.4999581575393677,0.5000775456428528,0.4999570846557617,0.5000808835029602
1,684,13.68,2.7879772186279297,0.06846315413713455,0.2902993857860565,0.013423015363514423,0.49995240569114685,0.500076413154602,0.4999510645866394,0.5000882744789124
1,685,13.700000000000001,2.7866079807281494,0.06845584511756897,0.2902967929840088,0.013422223739326,0.49995091557502747,0.5000714659690857,0.49994897842407227,0.5000892877578735
1,686,13.72,2.7852389812469482,0.06844930350780487,0.2902941107749939,0.013421829789876938,0.49995386600494385,0.5000635385513306,0.49995124340057373,0.5000837445259094
1,687,13.74,2.783869981765747,0.06844380497932434,0.29029154777526855,0.013421869836747646,0.49996063113212585,0.5000540614128113,0.4999573230743408,0.5000725984573364
1,688,13.76,2.782501459121704,0.06843948364257812,0.29028886556625366,0.013422374613583088,0.499970018863678,0.500044584274292,0.4999661147594452,0.5000578165054321
1,689,13.780000000000001,2.781132459640503,0.06843613088130951,0.2902863323688507,0.013423368334770203,0.49998024106025696,0.5000367164611816,0.4999759793281555,0.5000420212745667
1,690,13.8,2.779763698577881,0.06843382120132446,0.2902836799621582,0.013424843549728394,0.4999895691871643,0.5000317692756653,0.4999852180480957,0.5000279545783997
1,691,13.82,2.778395175933838,0.06843230873346329,0.29028111696243286,0.013426783494651318,0.4999963045120239,0.5000303387641907,0.49999216198921204,0.5000178813934326
1,692,13.84,2.777026653289795,0.06843098253011703,0.2902785539627075,0.013429134152829647,0.49999940395355225,0.5000325441360474,0.49999570846557617,0.5000134706497192
1,693,13.86,2.7756576538085938,0.06842957437038422,0.2902759909629822,0.013431847095489502,0.49999845027923584,0.5000377297401428,0.4999953508377075,0.5000152587890625
1,694,13.88,2.77428936958313,0.06842737644910812,0.290273517370224,0.013434863649308681,0.4999937117099762,0.5000448822975159,0.4999912679195404,0.5000225305557251
1,695,13.9,2.772920846939087,0.06842443346977234,0.29027098417282104,0.013438119553029537,0.4999862015247345,0.5000524520874023,0.49998438358306885,0.5000338554382324
1,696,13.92,2.771552324295044,0.06842041015625,0.29026785492897034,0.013441553339362144,0.49997738003730774,0.5000590682029724,0.4999759793281555,0.5000469088554382
1,697,13.94,2.77018404006958,0.06841544806957245,0.2902640998363495,0.013445130549371243,0.49996882677078247,0.500063419342041,0.4999677240848541,0.500059187412262
1,698,13.96,2.768815517425537,0.06840970367193222,0.29026031494140625,0.013448841869831085,0.49996212124824524,0.5000646710395813,0.4999610483646393,0.5000683665275574
1,699,13.98,2.7674477100372314,0.06840375065803528,0.290256530046463,0.01345268078148365,0.49995845556259155,0.5000624656677246,0.4999571740627289,0.5000726580619812
1,700,14.0,2.7660796642303467,0.0683981329202652,0.2902529239654541,0.013456672430038452,0.49995842576026917,0.5000572800636292,0.49995675683021545,0.5000712871551514
1,701,14.02,2.764711618423462,0.06839288771152496,0.29024916887283325,0.013460827991366386,0.4999620318412781,0.500049889087677,0.49995988607406616,0.500064492225647
1,702,14.040000000000001,2.7633440494537354,0.0683886706829071,0.29024553298950195,0.013465187512338161,0.499968558549881,0.5000415444374084,0.49996596574783325,0.5000535249710083
1,703,14.06,2.7619762420654297,0.06838541477918625,0.2902420461177826,0.013469759374856949,0.49997678399086,0.5000336766242981,0.499973863363266,0.5000402927398682
1,704,14.08,2.760608434677124,0.06838317215442657,0.2902383506298065,0.013474566861987114,0.49998530745506287,0.5000275373458862,0.49998217821121216,0.5000271797180176
1,705,14.1,2.7592408657073975,0.06838177144527435,0.29023486375808716,0.013479587621986866,0.49999260902404785,0.5000239610671997,0.49998947978019714,0.5000162124633789
1,706,14.120000000000001,2.757873058319092,0.06838084012269974,0.2902314364910126,0.013484805822372437,0.49999740719795227,0.5000234842300415,0.49999451637268066,0.500009298324585
1,707,14.14,2.7565054893493652,0.06837990134954453,0.2902279794216156,0.013490173034369946,0.4999989867210388,0.5000258684158325,0.499996542930603,0.5000073313713074
1,708,14.16,2.7551379203796387,0.0683787614107132,0.2902246117591858,0.013495640829205513,0.49999716877937317,0.5000305771827698,0.49999529123306274,0.5000104308128357
1,709,14.18,2.753770351409912,0.0683770626783371,0.29022127389907837,0.013501147739589214,0.4999924600124359,0.5000364780426025,0.49999111890792847,0.5000177621841431
1,710,14.200000000000001,2.7524030208587646,0.06837454438209534,0.2902181148529053,0.013506652787327766,0.4999857544898987,0.5000423192977905,0.4999849200248718,0.5000276565551758
1,711,14.22,2.751035451889038,0.06837113201618195,0.29021480679512024,0.013512099161744118,0.4999783933162689,0.500046968460083,0.4999779462814331,0.5000383257865906
1,712,14.24,2.7496678829193115,0.06836700439453125,0.29021161794662476,0.013517478480935097,0.49997174739837646,0.5000495314598083,0.499971479177475,0.5000475645065308
1,713,14.26,2.748300790786743,0.0683625116944313,0.2902085483074188,0.01352277584373951,0.4999670088291168,0.500049352645874,0.49996671080589294,0.5000536441802979
1,714,14.280000000000001,2.746933698654175,0.06835788488388062,0.29020553827285767,0.013527987524867058,0.49996504187583923,0.50004643201828,0.49996453523635864,0.5000555515289307
1,715,14.3,2.7455663681030273,0.06835348904132843,0.2902024984359741,0.013533144257962704,0.4999661445617676,0.5000412464141846,0.4999653100967407,0.500052809715271
1,716,14.32,2.744199514389038,0.0683496743440628,0.29019948840141296,0.013538261875510216,0.49997007846832275,0.5000346302986145,0.49996891617774963,0.5000459551811218
1,717,14.34,2.7428324222564697,0.06834679841995239,0.29019665718078613,0.013543368317186832,0.49997609853744507,0.5000277161598206,0.4999746084213257,0.5000361204147339
1,718,14.36,2.7414655685424805,0.06834477931261063,0.2901937663555145,0.01354848314076662,0.49998313188552856,0.5000215768814087,0.4999814033508301,0.5000251531600952
1,719,14.38,2.740098714828491,0.06834331899881363,0.2901909053325653,0.01355360634624958,0.4999898672103882,0.5000172257423401,0.4999881088733673,0.5000147819519043
1,720,14.4,2.738731622695923,0.06834255158901215,0.2901882231235504,0.013558732345700264,0.4999952018260956,0.500015139579773,0.49999356269836426,0.5000068545341492
1,721,14.42,2.7373650074005127,0.06834208965301514,0.29018551111221313,0.013563836924731731,0.49999821186065674,0.5000156164169312,0.4999968707561493,0.5000025629997253
1,722,14.44,2.7359981536865234,0.06834153831005096,0.29018285870552063,0.013568885624408722,0.49999845027923584,0.5000183582305908,0.4999975264072418,0.500002384185791
1,723,14.46,2.734631299972534,0.06834062188863754,0.2901802361011505,0.013573835603892803,0.49999600648880005,0.5000225901603699,0.499995619058609,0.5000063180923462
1,724,14.48,2.733264446258545,0.06833921372890472,0.2901777923107147,0.013578647747635841,0.49999141693115234,0.5000274777412415,0.4999914765357971,0.5000132918357849
1,725,14.5,2.7318978309631348,0.06833702325820923,0.29017525911331177,0.013583282940089703,0.49998563528060913,0.5000319480895996,0.4999859929084778,0.5000219345092773
1,726,14.52,2.7305307388305664,0.06833427399396896,0.290172815322876,0.013587717898190022,0.4999796748161316,0.5000351071357727,0.49998027086257935,0.500030517578125
1,727,14.540000000000001,2.7291643619537354,0.06833090633153915,0.29017049074172974,0.013591937720775604,0.4999747574329376,0.5000362992286682,0.4999753534793854,0.5000373721122742
1,728,14.56,2.727797746658325,0.06832736730575562,0.2901681065559387,0.0135959442704916,0.4999716877937317,0.5000352263450623,0.4999721646308899,0.5000412464141846
1,729,14.58,2.726431131362915,0.06832392513751984,0.29016587138175964,0.01359975803643465,0.4999710023403168,0.5000319480895996,0.49997130036354065,0.5000413656234741
1,730,14.6,2.725064992904663,0.06832070648670197,0.2901628613471985,0.013603394851088524,0.4999728798866272,0.5000271201133728,0.4999728500843048,0.5000377297401428
1,731,14.620000000000001,2.723698377609253,0.06831811368465424,0.2901592552661896,0.013606879860162735,0.49997687339782715,0.5000213384628296,0.4999765455722809,0.5000309944152832
1,732,14.64,2.722332000732422,0.06831628829240799,0.29015567898750305,0.013610238209366798,0.49998223781585693,0.5000155568122864,0.49998170137405396,0.5000221729278564
1,733,14.66,2.72096586227417,0.06831511855125427,0.2901522219181061,0.013613490387797356,0.49998804926872253,0.5000107288360596,0.4999873638153076,0.5000128746032715
1,734,14.68,2.719599485397339,0.0683145821094513,0.29014870524406433,0.013616638258099556,0.49999329447746277,0.5000073909759521,0.49999257922172546,0.5000046491622925
1,735,14.700000000000001,2.718233108520508,0.068314328789711,0.2901453375816345,0.013619679026305676,0.4999971091747284,0.5000060796737671,0.49999648332595825,0.49999871850013733
1,736,14.72,2.716866970062256,0.06831441819667816,0.2901419401168823,0.013622591271996498,0.49999886751174927,0.5000066161155701,0.4999984800815582,0.49999603629112244
1,737,14.74,2.715500593185425,0.06831435859203339,0.2901385724544525,0.01362534798681736,0.49999845027923584,0.5000088214874268,0.4999983310699463,0.4999968111515045
1,738,14.76,2.7141342163085938,0.06831389665603638,0.29013529419898987,0.013627924956381321,0.49999600648880005,0.5000119805335999,0.499996155500412,0.5000006556510925
1,739,14.780000000000001,2.712768077850342,0.06831300258636475,0.29013195633888245,0.013630285859107971,0.4999920427799225,0.5000153183937073,0.4999924898147583,0.5000066757202148
1,740,14.8,2.71140193939209,0.06831152737140656,0.29012876749038696,0.013632415793836117,0.4999874234199524,0.5000180602073669,0.49998804926872253,0.5000134706497192
1,741,14.82,2.710035562515259,0.06830967962741852,0.29012545943260193,0.013634304516017437,0.4999830424785614,0.5000195503234863,0.4999837279319763,0.5000196695327759
1,742,14.84,2.708669424057007,0.06830772757530212,0.2901223599910736,0.013635948300361633,0.49997973442077637,0.5000193119049072,0.4999803900718689,0.5000240206718445
1,743,14.86,2.707303285598755,0.06830547749996185,0.29011908173561096,0.0136373620480299,0.49997809529304504,0.5000172853469849,0.49997860193252563,0.5000256299972534
1,744,14.88,2.705937147140503,0.06830345094203949,0.29011601209640503,0.013638569042086601,0.4999784827232361,0.5000136494636536,0.49997878074645996,0.500024139881134
1,745,14.9,2.70457124710083,0.06830164045095444,0.29011276364326477,0.013639585115015507,0.49998071789741516,0.5000089406967163,0.4999808073043823,0.5000196695327759
1,746,14.92,2.703204870223999,0.0683005154132843,0.2901097238063812,0.013640452176332474,0.4999845325946808,0.5000038743019104,0.49998438358306885,0.5000130534172058
1,747,14.94,2.7018392086029053,0.06829988956451416,0.29010701179504395,0.013641178607940674,0.4999891519546509,0.49999910593032837,0.499988853931427,0.500005304813385
1,748,14.96,2.7004730701446533,0.06829988956451416,0.29010534286499023,0.013641796074807644,0.49999383091926575,0.4999953508377075,0.4999934434890747,0.4999977946281433
1,749,14.98,2.6991069316864014,0.06830021739006042,0.29010358452796936,0.013642308302223682,0.4999978244304657,0.4999931752681732,0.49999743700027466,0.4999917149543762
1,750,15.0,2.6977410316467285,0.0683009922504425,0.29010188579559326,0.013642711564898491,0.5000003576278687,0.499992698431015,0.5000001192092896,0.49998801946640015
1,751,15.02,2.6963753700256348,0.06830184161663055,0.2901001572608948,0.01364299189299345,0.5000011920928955,0.49999386072158813,0.5000011324882507,0.4999871253967285
1,752,15.040000000000001,2.6950089931488037,0.06830239295959473,0.2900984585285187,0.013643134385347366,0.5000001192092896,0.4999963343143463,0.5000003576278687,0.49998903274536133
1,753,15.06,2.6936428546905518,0.06830266118049622,0.29009678959846497,0.013643117621541023,0.49999740719795227,0.49999943375587463,0.4999980330467224,0.4999932050704956
1,754,15.08,2.692276954650879,0.06830253452062607,0.2900950610637665,0.013642936944961548,0.4999936521053314,0.5000025629997253,0.49999457597732544,0.49999868869781494
1,755,15.1,2.690910816192627,0.06830195337533951,0.29009342193603516,0.013642581179738045,0.4999895691871643,0.5000050067901611,0.4999907314777374,0.5000043511390686
1,756,15.120000000000001,2.689544677734375,0.06830090284347534,0.29009169340133667,0.01364204753190279,0.4999859035015106,0.5000063180923462,0.4999871850013733,0.5000091791152954
1,757,15.14,2.6881790161132812,0.0682995468378067,0.29009002447128296,0.013641349971294403,0.49998337030410767,0.5000060796737671,0.49998462200164795,0.5000121593475342
1,758,15.16,2.6868128776550293,0.06829820573329926,0.29008832573890686,0.013640502467751503,0.4999823570251465,0.5000044107437134,0.4999834895133972,0.5000128746032715
1,759,15.18,2.6854469776153564,0.06829704344272614,0.2900865972042084,0.013639537617564201,0.4999830722808838,0.5000014901161194,0.4999839961528778,0.5000110268592834
1,760,15.200000000000001,2.6840810775756836,0.06829620897769928,0.2900848984718323,0.013638471253216267,0.49998533725738525,0.4999978244304657,0.4999859929084778,0.5000070929527283
1,761,15.22,2.6827147006988525,0.06829594075679779,0.2900831699371338,0.013637340627610683,0.49998876452445984,0.4999940097332001,0.4999891519546509,0.5000016093254089
1,762,15.24,2.681349039077759,0.06829608976840973,0.2900814414024353,0.01363616343587637,0.499992698431015,0.49999070167541504,0.49999287724494934,0.4999956488609314
1,763,15.26,2.679983139038086,0.06829667091369629,0.2900797426700592,0.013634948991239071,0.49999645352363586,0.4999883472919464,0.49999651312828064,0.4999901056289673
1,764,15.280000000000001,2.678617000579834,0.06829752027988434,0.29007798433303833,0.013633708469569683,0.49999937415122986,0.49998730421066284,0.499999463558197,0.4999859035015106
1,765,15.3,2.677251100540161,0.0682985857129097,0.29007619619369507,0.013632439076900482,0.5000010132789612,0.4999876916408539,0.5000011920928955,0.49998369812965393
1,766,15.32,2.6758854389190674,0.06829972565174103,0.29007449746131897,0.01363113522529602,0.5000011324882507,0.4999893009662628,0.5000014305114746,0.4999837279319763
1,767,15.34,2.6745190620422363,0.06830044835805893,0.29007264971733093,0.01362978108227253,0.4999997019767761,0.4999917447566986,0.5000002980232239,0.499985933303833
1,768,15.36,2.6731531620025635,0.06830079108476639,0.29007089138031006,0.013628365471959114,0.49999716877937317,0.49999454617500305,0.49999791383743286,0.49998974800109863
1,769,15.38,2.6717872619628906,0.06830079853534698,0.2900691032409668,0.013626878149807453,0.4999939501285553,0.499997079372406,0.4999948740005493,0.4999944567680359
1,770,15.4,2.6704211235046387,0.06830048561096191,0.29006725549697876,0.013625315390527248,0.4999907314777374,0.49999886751174927,0.4999917149543762,0.49999910593032837
1,771,15.42,2.669055223464966,0.06829991191625595,0.2900654077529907,0.013623679988086224,0.4999881088733673,0.4999995231628418,0.4999890625476837,0.5000028014183044
1,772,15.44,2.667689323425293,0.06829926371574402,0.29006361961364746,0.013621977530419827,0.4999864995479584,0.4999989867210388,0.49998739361763,0.5000048875808716
1,773,15.46,2.666323184967041,0.0682985931634903,0.29006168246269226,0.01362023875117302,0.4999862611293793,0.49999725818634033,0.4999869465827942,0.5000049471855164
1,774,15.48,2.664957284927368,0.06829823553562164,0.2900598347187042,0.013618470169603825,0.4999874234199524,0.499994695186615,0.49998781085014343,0.5000029802322388
1,775,15.5,2.6635913848876953,0.06829801201820374,0.2900579273700714,0.01361669972538948,0.49998968839645386,0.4999917149543762,0.4999898672103882,0.49999934434890747
1,776,15.52,2.6622250080108643,0.06829804927110672,0.2900560200214386,0.013614947907626629,0.499992698431015,0.49998876452445984,0.499992698431015,0.4999946653842926
1,777,15.540000000000001,2.6608593463897705,0.06829875707626343,0.29005399346351624,0.013613230548799038,0.4999959170818329,0.4999863803386688,0.49999579787254333,0.49998974800109863
1,778,15.56,2.6594932079315186,0.0682995617389679,0.2900521159172058,0.013611557893455029,0.4999987781047821,0.4999849200248718,0.49999862909317017,0.4999854266643524
1,779,15.58,2.6581270694732666,0.06830061972141266,0.29005002975463867,0.013609927147626877,0.5000007748603821,0.49998462200164795,0.5000007152557373,0.4999825060367584
1,780,15.6,2.6567611694335938,0.06830175220966339,0.29004809260368347,0.013608339242637157,0.5000016689300537,0.49998539686203003,0.5000016689300537,0.4999813139438629
1,781,15.620000000000001,2.655395269393921,0.06830282509326935,0.2900460362434387,0.013606776483356953,0.5000013113021851,0.4999871253967285,0.5000014305114746,0.499982088804245
1,782,15.64,2.65402889251709,0.06830368936061859,0.29004400968551636,0.013605235144495964,0.4999997615814209,0.4999893605709076,0.5000001192092896,0.4999845623970032
1,783,15.66,2.652662992477417,0.06830428540706635,0.29004189372062683,0.013603701256215572,0.49999743700027466,0.4999917149543762,0.4999978840351105,0.4999881684780121
1,784,15.68,2.651297092437744,0.06830459088087082,0.2900398373603821,0.013602168299257755,0.4999947249889374,0.4999936819076538,0.49999529123306274,0.4999922513961792
1,785,15.700000000000001,2.649930477142334,0.06830455362796783,0.29003775119781494,0.013600636273622513,0.4999921917915344,0.4999949634075165,0.4999927580356598,0.49999600648880005
1,786,15.72,2.6485648155212402,0.0683043897151947,0.290035605430603,0.013599107041954994,0.4999902844429016,0.49999523162841797,0.4999908208847046,0.49999871850013733
1,787,15.74,2.6471986770629883,0.06830404698848724,0.2900334596633911,0.013597581535577774,0.4999893307685852,0.4999944567680359,0.499989777803421,0.49999991059303284
1,788,15.76,2.6458325386047363,0.06830380111932755,0.2900313436985016,0.013596083037555218,0.49998950958251953,0.49999284744262695,0.4999898076057434,0.49999934434890747
1,789,15.780000000000001,2.6444666385650635,0.06830383092164993,0.2900291085243225,0.013594627380371094,0.4999908208847046,0.49999064207077026,0.49999091029167175,0.4999971389770508
1,790,15.8,2.6431005001068115,0.06830410659313202,0.29002827405929565,0.013593233190476894,0.4999929368495941,0.4999881982803345,0.49999287724494934,0.4999937415122986
1,791,15.82,2.6417341232299805,0.06830476224422455,0.2900274693965912,0.013591918163001537,0.4999955892562866,0.49998602271080017,0.4999953508377075,0.499989777803421
1,792,15.84,2.6403682231903076,0.0683056116104126,0.29002657532691956,0.013590679503977299,0.4999982416629791,0.4999845027923584,0.49999791383743286,0.49998602271080017
1,793,15.860000000000001,2.6390020847320557,0.06830663979053497,0.2900257110595703,0.013589529320597649,0.5000004172325134,0.49998390674591064,0.5000001192092896,0.49998313188552856
1,794,15.88,2.6376357078552246,0.06830789148807526,0.2900248169898987,0.01358845829963684,0.5000017881393433,0.49998435378074646,0.5000015497207642,0.4999815821647644
1,795,15.9,2.6362698078155518,0.06830902397632599,0.29002392292022705,0.0135874655097723,0.5000020861625671,0.49998578429222107,0.5000019669532776,0.49998167157173157
1,796,15.92,2.6349036693573,0.06831003725528717,0.29002296924591064,0.013586536981165409,0.5000012516975403,0.499987930059433,0.5000013113021851,0.4999833106994629
1,797,15.94,2.6335372924804688,0.06831073760986328,0.2900221049785614,0.013585664331912994,0.4999994933605194,0.49999046325683594,0.4999997317790985,0.4999862313270569
1,798,15.96,2.632171154022217,0.06831133365631104,0.2900210916996002,0.013584831729531288,0.4999971091747284,0.4999929666519165,0.4999975264072418,0.4999898672103882
1,799,15.98,2.630805015563965,0.06831157207489014,0.2900201678276062,0.01358404103666544,0.49999454617500305,0.49999502301216125,0.4999951124191284,0.4999936521053314
1,800,16.0,2.629438638687134,0.06831147521734238,0.2900191843509674,0.013583283871412277,0.499992311000824,0.4999963343143463,0.49999290704727173,0.49999693036079407
1,801,16.02,2.628072500228882,0.06831124424934387,0.2900182008743286,0.013582564890384674,0.4999907314777374,0.49999672174453735,0.4999912977218628,0.49999919533729553
1,802,16.04,2.626706123352051,0.06831085681915283,0.29001715779304504,0.01358188595622778,0.4999901056289673,0.49999627470970154,0.4999905526638031,0.5000001192092896
1,803,16.06,2.625339984893799,0.06831066310405731,0.29001620411872864,0.01358126476407051,0.4999905228614807,0.49999505281448364,0.4999907612800598,0.49999964237213135
1,804,16.080000000000002,2.623973846435547,0.06831058859825134,0.2900151014328003,0.013580716215074062,0.49999183416366577,0.4999934136867523,0.49999189376831055,0.4999978244304657
1,805,16.1,2.622607469558716,0.0683106854557991,0.2900140881538391,0.013580241240561008,0.49999383091926575,0.4999917149543762,0.4999936819076538,0.4999951124191284
1,806,16.12,2.621241569519043,0.06831111013889313,0.29001307487487793,0.013579847291111946,0.4999960958957672,0.4999902844429016,0.4999958276748657,0.4999920129776001
1,807,16.14,2.619875192642212,0.06831170618534088,0.2900119721889496,0.013579552061855793,0.4999982714653015,0.49998947978019714,0.4999978542327881,0.4999891519546509
1,808,16.16,2.618508815765381,0.0683123916387558,0.290010929107666,0.013579343445599079,0.49999991059303284,0.49998942017555237,0.4999994933605194,0.49998709559440613
1,809,16.18,2.617142677307129,0.06831322610378265,0.29000988602638245,0.013579219579696655,0.5000007152557373,0.49999019503593445,0.5000004172325134,0.4999862015247345
1,810,16.2,2.615776538848877,0.06831398606300354,0.2900087833404541,0.013579162769019604,0.5000006556510925,0.49999168515205383,0.5000004172325134,0.4999866783618927
1,811,16.22,2.614409923553467,0.06831464171409607,0.29000771045684814,0.013579164631664753,0.4999997615814209,0.4999936521053314,0.4999995827674866,0.49998846650123596
1,812,16.240000000000002,2.613044023513794,0.06831502914428711,0.2900066375732422,0.013579213991761208,0.49999815225601196,0.49999576807022095,0.4999980628490448,0.499991238117218
1,813,16.26,2.611677408218384,0.06831514090299606,0.29000550508499146,0.01357929315418005,0.4999961256980896,0.49999773502349854,0.4999961256980896,0.49999451637268066
1,814,16.28,2.6103110313415527,0.06831502914428711,0.2900044620037079,0.013579399324953556,0.49999409914016724,0.4999992251396179,0.4999941289424896,0.4999977946281433
1,815,16.3,2.608944892883301,0.06831474602222443,0.29000329971313477,0.013579526916146278,0.4999924302101135,0.5000000596046448,0.4999924600124359,0.5000004768371582
1,816,16.32,2.6075785160064697,0.06831429898738861,0.2900022268295288,0.013579675927758217,0.49999141693115234,0.5000001192092896,0.49999135732650757,0.5000022053718567
1,817,16.34,2.6062123775482178,0.06831386685371399,0.2900010943412781,0.01357985194772482,0.49999120831489563,0.49999943375587463,0.4999910295009613,0.5000026226043701
1,818,16.36,2.6048460006713867,0.06831346452236176,0.28999999165534973,0.013580059632658958,0.49999183416366577,0.4999982416629791,0.4999915063381195,0.5000017881393433
1,819,16.38,2.6034798622131348,0.06831322610378265,0.2899988293647766,0.013580312952399254,0.49999314546585083,0.49999678134918213,0.499992698431015,0.49999991059303284
1,820,16.4,2.6021134853363037,0.06831327080726624,0.28999775648117065,0.01358061470091343,0.4999948740005493,0.4999953508377075,0.4999943673610687,0.49999743700027466
1,821,16.42,2.6007473468780518,0.06831353902816772,0.28999653458595276,0.013580961152911186,0.49999675154685974,0.4999942481517792,0.4999961853027344,0.49999478459358215
1,822,16.44,2.5993807315826416,0.06831388175487518,0.2899954915046692,0.01358136534690857,0.49999842047691345,0.4999937117099762,0.4999977946281433,0.4999925196170807
1,823,16.46,2.5980148315429688,0.06831436604261398,0.2899942696094513,0.013581809587776661,0.4999995231628418,0.49999386072158813,0.4999989867210388,0.4999910891056061
1,824,16.48,2.5966484546661377,0.0683148205280304,0.28999316692352295,0.013582292012870312,0.4999999701976776,0.499994695186615,0.499999463558197,0.4999907314777374
1,825,16.5,2.5952820777893066,0.0683152824640274,0.2899920344352722,0.013582805171608925,0.4999995827674866,0.49999603629112244,0.4999992251396179,0.4999915659427643
1,826,16.52,2.5939159393310547,0.06831549108028412,0.2899908423423767,0.013583333231508732,0.4999985694885254,0.49999767541885376,0.4999983012676239,0.4999934434890747
1,827,16.54,2.5925493240356445,0.06831556558609009,0.289989709854126,0.013583861291408539,0.4999970495700836,0.49999934434890747,0.4999968707561493,0.49999600648880005
1,828,16.56,2.5911831855773926,0.0683155208826065,0.28998854756355286,0.013584384694695473,0.4999953508377075,0.5000008344650269,0.4999952018260956,0.4999988377094269
1,829,16.580000000000002,2.5898170471191406,0.06831508874893188,0.28998738527297974,0.013584891334176064,0.4999937117099762,0.5000017881393433,0.49999362230300903,0.5000013709068298
1,830,16.6,2.5884506702423096,0.06831461936235428,0.2899863123893738,0.013585387729108334,0.4999924898147583,0.5000021457672119,0.49999237060546875,0.5000032782554626
1,831,16.62,2.5870842933654785,0.06831423193216324,0.28998512029647827,0.013585874810814857,0.49999189376831055,0.5000019073486328,0.4999917149543762,0.500004231929779
1,832,16.64,2.5857181549072266,0.06831374764442444,0.28998395800590515,0.013586354441940784,0.4999919533729553,0.500001072883606,0.4999917447566986,0.5000040531158447
1,833,16.66,2.5843517780303955,0.0683133453130722,0.2899828255176544,0.013586831279098988,0.499992698431015,0.49999988079071045,0.49999237060546875,0.500002920627594
1,834,16.68,2.5829856395721436,0.0683131143450737,0.2899816036224365,0.013587318360805511,0.4999939501285553,0.4999985694885254,0.49999356269836426,0.5000010132789612
1,835,16.7,2.5816190242767334,0.06831309199333191,0.28998053073883057,0.013587811030447483,0.49999547004699707,0.49999743700027466,0.49999499320983887,0.4999987781047821
1,836,16.72,2.5802531242370605,0.06831324845552444,0.28997930884361267,0.013588321395218372,0.49999696016311646,0.4999966025352478,0.49999648332595825,0.4999966025352478
1,837,16.740000000000002,2.5788867473602295,0.06831349432468414,0.28997817635536194,0.013588839210569859,0.49999815225601196,0.4999963343143463,0.49999770522117615,0.4999949336051941
1,838,16.76,2.5775203704833984,0.06831394881010056,0.2899770140647888,0.013589364476501942,0.49999886751174927,0.4999966025352478,0.49999842047691345,0.49999406933784485
1,839,16.78,2.5761544704437256,0.06831415742635727,0.2899758219718933,0.01358988881111145,0.49999892711639404,0.49999743700027466,0.4999985992908478,0.499994158744812
1,840,16.8,2.5747878551483154,0.06831444799900055,0.2899746298789978,0.013590401969850063,0.4999983608722687,0.4999985992908478,0.49999815225601196,0.4999951720237732
1,841,16.82,2.5734217166900635,0.06831444799900055,0.28997349739074707,0.013590894639492035,0.4999973177909851,0.4999999403953552,0.49999716877937317,0.49999696016311646
1,842,16.84,2.5720553398132324,0.06831434369087219,0.28997230529785156,0.013591360300779343,0.4999959468841553,0.5000012516975403,0.4999958872795105,0.49999913573265076
1,843,16.86,2.5706889629364014,0.0683140978217125,0.2899720072746277,0.013591794297099113,0.49999451637268066,0.5000022053718567,0.49999451637268066,0.5000013709068298
1,844,16.88,2.5693228244781494,0.0683136060833931,0.2899722456932068,0.0135921910405159,0.4999932646751404,0.5000028014183044,0.49999332427978516,0.5000032782554626
1,845,16.9,2.5679564476013184,0.06831325590610504,0.2899724245071411,0.013592556118965149,0.4999924898147583,0.500002920627594,0.4999924600124359,0.5000045895576477
1,846,16.92,2.5665903091430664,0.06831283867359161,0.289972722530365,0.013592885807156563,0.4999922811985016,0.5000026226043701,0.49999216198921204,0.5000051259994507
1,847,16.94,2.5652241706848145,0.06831235438585281,0.28997284173965454,0.013593192212283611,0.49999263882637024,0.5000020265579224,0.49999240040779114,0.5000048875808716
1,848,16.96,2.5638575553894043,0.06831200420856476,0.28997310996055603,0.013593479990959167,0.49999338388442993,0.5000013113021851,0.49999308586120605,0.5000039935112
1,849,16.98,2.5624916553497314,0.06831187009811401,0.28997328877449036,0.013593755662441254,0.4999943971633911,0.5000006556510925,0.49999409914016724,0.5000025629997253
1,850,17.0,2.5611255168914795,0.06831173598766327,0.28997349739074707,0.013594020158052444,0.49999547004699707,0.5000002980232239,0.4999952018260956,0.500001072883606
1,851,17.02,2.5597589015960693,0.06831170618534088,0.2899736762046814,0.013594278134405613,0.4999963343143463,0.5000002980232239,0.4999961853027344,0.4999997615814209
1,852,17.04,2.5583930015563965,0.06831181049346924,0.2899738848209381,0.01359452586621046,0.4999969005584717,0.5000007152557373,0.4999968111515045,0.4999990165233612
1,853,17.06,2.5570263862609863,0.06831173598766327,0.2899740934371948,0.01359475776553154,0.49999696016311646,0.5000016689300537,0.49999698996543884,0.4999989867210388
1,854,17.080000000000002,2.5556604862213135,0.06831160187721252,0.28997430205345154,0.013594969175755978,0.49999651312828064,0.5000028610229492,0.49999669194221497,0.4999997913837433
1,855,17.1,2.5542941093444824,0.06831131875514984,0.28997454047203064,0.0135951554402709,0.4999956786632538,0.5000042915344238,0.4999959170818329,0.5000013113021851
1,856,17.12,2.5529279708862305,0.06831088662147522,0.2899746894836426,0.01359530445188284,0.49999454617500305,0.5000056624412537,0.49999481439590454,0.5000033378601074
1,857,17.14,2.5515618324279785,0.06831024587154388,0.28997495770454407,0.013595412485301495,0.49999329447746277,0.500006914138794,0.49999359250068665,0.5000055432319641
1,858,17.16,2.5501954555511475,0.06830950826406479,0.289975106716156,0.013595481403172016,0.49999213218688965,0.5000078082084656,0.4999924302101135,0.5000075697898865
1,859,17.18,2.5488295555114746,0.0683087557554245,0.28997528553009033,0.013595511205494404,0.4999913275241852,0.5000082850456238,0.4999915361404419,0.5000091195106506
1,860,17.2,2.5474631786346436,0.06830783188343048,0.2899755537509918,0.013595503754913807,0.49999088048934937,0.5000083446502686,0.4999910593032837,0.5000100135803223
1,861,17.22,2.5460972785949707,0.06830699741840363,0.28997567296028137,0.0135954599827528,0.49999094009399414,0.5000080466270447,0.4999910295009613,0.5000101327896118
1,862,17.240000000000002,2.5447309017181396,0.06830620020627975,0.28997594118118286,0.013595390133559704,0.49999141693115234,0.5000075101852417,0.49999144673347473,0.5000095963478088
1,863,17.26,2.5433645248413086,0.06830556690692902,0.2899761199951172,0.01359529234468937,0.4999922215938568,0.500006914138794,0.49999216198921204,0.5000085234642029
1,864,17.28,2.541998863220215,0.06830495595932007,0.2899762988090515,0.013595178723335266,0.4999931752681732,0.5000064373016357,0.49999305605888367,0.5000072121620178
1,865,17.3,2.540632486343384,0.0683044046163559,0.28997647762298584,0.013595044612884521,0.49999409914016724,0.5000061988830566,0.4999939501285553,0.5000059604644775
1,866,17.32,2.539266586303711,0.06830395758152008,0.28997668623924255,0.013594891875982285,0.49999481439590454,0.5000063180923462,0.4999946355819702,0.5000051259994507
1,867,17.34,2.537900447845459,0.06830349564552307,0.2899768650531769,0.013594715856015682,0.4999951422214508,0.5000067949295044,0.49999502301216125,0.5000048279762268
1,868,17.36,2.536534309387207,0.06830303370952606,0.28997698426246643,0.013594514690339565,0.49999508261680603,0.5000076293945312,0.4999949634075165,0.500005304813385
1,869,17.38,2.535168409347534,0.06830249726772308,0.2899772524833679,0.013594278134405613,0.4999946057796478,0.5000087022781372,0.49999451637268066,0.500006377696991
1,870,17.400000000000002,2.5338025093078613,0.06830182671546936,0.2899773418903351,0.013594003394246101,0.4999937415122986,0.5000098347663879,0.4999937415122986,0.5000079274177551
1,871,17.42,2.5324363708496094,0.06830103695392609,0.2899775207042694,0.013593681156635284,0.4999927282333374,0.5000109076499939,0.4999927878379822,0.5000097155570984
1,872,17.44,2.5310704708099365,0.06830016523599625,0.2899777591228485,0.013593312352895737,0.4999917149543762,0.5000117421150208,0.499991774559021,0.5000114440917969
1,873,17.46,2.5297043323516846,0.06829912960529327,0.2899778485298157,0.013592896051704884,0.4999908208847046,0.5000122785568237,0.49999091029167175,0.5000129342079163
1,874,17.48,2.5283384323120117,0.06829795241355896,0.28997802734375,0.013592436909675598,0.4999902546405792,0.5000125169754028,0.499990314245224,0.5000138878822327
1,875,17.5,2.5269722938537598,0.06829678267240524,0.28997817635536194,0.013591930270195007,0.4999900460243225,0.5000123381614685,0.4999900460243225,0.5000142455101013
1,876,17.52,2.525606632232666,0.06829562783241272,0.2899782657623291,0.013591388240456581,0.49999022483825684,0.5000118613243103,0.49999019503593445,0.5000140070915222
1,877,17.54,2.524240732192993,0.06829448789358139,0.28997841477394104,0.013590812683105469,0.4999907612800598,0.5000113248825073,0.49999064207077026,0.5000132918357849
1,878,17.56,2.522874593734741,0.06829361617565155,0.2899785339832306,0.013590210117399693,0.4999914765357971,0.5000107884407043,0.49999135732650757,0.500012218952179
1,879,17.580000000000002,2.5215089321136475,0.06829271465539932,0.2899787127971649,0.013589581474661827,0.4999922811985016,0.5000103712081909,0.49999210238456726,0.5000110864639282
1,880,17.6,2.5201427936553955,0.06829187273979187,0.2899787425994873,0.013588928617537022,0.4999929964542389,0.5000101923942566,0.4999927878379822,0.5000101923942566
1,881,17.62,2.5187771320343018,0.06829096376895905,0.2899785339832306,0.01358825620263815,0.4999934434890747,0.5000103712081909,0.49999329447746277,0.5000096559524536
1,882,17.64,2.517411231994629,0.068290114402771,0.2899772822856903,0.013587555848062038,0.49999359250068665,0.5000108480453491,0.4999934434890747,0.5000095963478088
1,883,17.66,2.516045570373535,0.06828935444355011,0.28997594118118286,0.013586824759840965,0.49999332427978516,0.5000115036964417,0.49999329447746277,0.5000100135803223
1,884,17.68,2.5146799087524414,0.06828837096691132,0.2899746596813202,0.013586060144007206,0.4999927282333374,0.500012218952179,0.4999927580356598,0.5000108480453491
1,885,17.7,2.5133140087127686,0.06828747689723969,0.2899733781814575,0.013585258275270462,0.49999192357063293,0.5000129342079163,0.4999920129776001,0.5000119209289551
1,886,17.72,2.511948585510254,0.06828638166189194,0.2899720072746277,0.013584422878921032,0.4999910295009613,0.5000134110450745,0.49999114871025085,0.500012993812561
1,887,17.740000000000002,2.510582447052002,0.06828522682189941,0.289970725774765,0.013583545573055744,0.4999902546405792,0.5000135898590088,0.4999903738498688,0.5000139474868774
1,888,17.76,2.5092170238494873,0.06828407943248749,0.2899693548679352,0.013582631014287472,0.49998974800109863,0.5000134110450745,0.4999898076057434,0.5000145435333252
1,889,17.78,2.5078511238098145,0.06828279793262482,0.2899680435657501,0.013581681065261364,0.4999895989894867,0.5000128746032715,0.4999895691871643,0.5000147223472595
1,890,17.8,2.5064854621887207,0.06828171759843826,0.2899666726589203,0.013580701313912868,0.4999898076057434,0.5000120401382446,0.49998968839645386,0.5000144243240356
1,891,17.82,2.505120038986206,0.0682806745171547,0.28996530175209045,0.01357969455420971,0.4999903440475464,0.5000110864639282,0.4999901354312897,0.5000135898590088
1,892,17.84,2.5037543773651123,0.06827962398529053,0.2899639904499054,0.013578670099377632,0.4999910891056061,0.5000101327896118,0.499990850687027,0.5000123977661133
1,893,17.86,2.5023889541625977,0.06827861815690994,0.2899625301361084,0.013577628880739212,0.4999919533729553,0.500009298324585,0.49999168515205383,0.5000110268592834
1,894,17.88,2.501023054122925,0.06827777624130249,0.2899611294269562,0.01357658114284277,0.4999927282333374,0.5000086426734924,0.4999924898147583,0.5000097155570984
1,895,17.900000000000002,2.4996578693389893,0.0682770311832428,0.2899598181247711,0.013575521297752857,0.49999335408210754,0.5000082850456238,0.49999311566352844,0.5000085830688477
1,896,17.92,2.4982917308807373,0.06827634572982788,0.28995832800865173,0.013574453070759773,0.4999936521053314,0.5000082850456238,0.4999934732913971,0.5000079274177551
1,897,17.94,2.496926784515381,0.06827567517757416,0.2899568974971771,0.01357337273657322,0.49999359250068665,0.5000085234642029,0.49999353289604187,0.500007688999176
1,898,17.96,2.495560884475708,0.06827499717473984,0.2899554967880249,0.013572282157838345,0.499993234872818,0.5000089406967163,0.4999932646751404,0.5000080466270447
1,899,17.98,2.4941954612731934,0.06827425211668015,0.2899540662765503,0.013571176677942276,0.49999260902404785,0.5000094175338745,0.499992698431015,0.5000087022781372
1,900,18.0,2.492830276489258,0.06827345490455627,0.2899526059627533,0.013570054434239864,0.49999183416366577,0.5000098943710327,0.4999920129776001,0.5000097155570984
1,901,18.02,2.491464376449585,0.06827250123023987,0.2899511456489563,0.013568916358053684,0.4999910295009613,0.5000101923942566,0.4999912977218628,0.5000106692314148
1,902,18.04,2.4900994300842285,0.06827160716056824,0.2899496853351593,0.013567766174674034,0.4999903738498688,0.5000101923942566,0.49999070167541504,0.5000114440917969
1,903,18.06,2.4887335300445557,0.06827054917812347,0.2899482548236847,0.013566604815423489,0.49998998641967773,0.5000100135803223,0.4999902844429016,0.5000118613243103
1,904,18.080000000000002,2.487368583679199,0.06826946884393692,0.2899467349052429,0.01356544066220522,0.4999898672103882,0.5000095367431641,0.49999016523361206,0.5000118017196655
1,905,18.1,2.4860026836395264,0.06826850771903992,0.28994524478912354,0.013564277440309525,0.4999900758266449,0.5000088214874268,0.4999903738498688,0.5000112652778625
1,906,18.12,2.48463773727417,0.06826747208833694,0.2899438440799713,0.013563120737671852,0.4999905824661255,0.5000081062316895,0.4999908208847046,0.5000103116035461
1,907,18.14,2.4832723140716553,0.06826667487621307,0.28994226455688477,0.013561981730163097,0.49999120831489563,0.5000073313713074,0.49999144673347473,0.5000090599060059
1,908,18.16,2.4819068908691406,0.0682661235332489,0.289940744638443,0.01356086041778326,0.49999192357063293,0.5000067949295044,0.49999213218688965,0.5000077486038208
1,909,18.18,2.480541706085205,0.06826558709144592,0.2899393141269684,0.013559765182435513,0.4999925494194031,0.500006377696991,0.4999927580356598,0.5000066757202148
1,910,18.2,2.4791760444641113,0.06826505064964294,0.2899377644062042,0.013558692298829556,0.4999929368495941,0.5000062584877014,0.499993234872818,0.500005841255188
1,911,18.22,2.477811098098755,0.06826452165842056,0.28993621468544006,0.013557643629610538,0.49999311566352844,0.5000064373016357,0.4999934136867523,0.5000054836273193
1,912,18.240000000000002,2.4764456748962402,0.0682639330625534,0.28993481397628784,0.013556617312133312,0.4999929666519165,0.5000067949295044,0.49999332427978516,0.5000056028366089
1,913,18.26,2.4750804901123047,0.06826339662075043,0.2899332344532013,0.0135556161403656,0.49999257922172546,0.5000072717666626,0.4999929666519165,0.5000061392784119
1,914,18.28,2.473715305328369,0.0682627260684967,0.2899317145347595,0.013554630801081657,0.4999920129776001,0.5000078082084656,0.4999924302101135,0.5000069737434387
1,915,18.3,2.4723498821258545,0.06826187670230865,0.2899302542209625,0.013553665950894356,0.4999913275241852,0.500008225440979,0.4999918043613434,0.5000078678131104
1,916,18.32,2.470984935760498,0.0682610422372818,0.28992873430252075,0.013552719727158546,0.49999070167541504,0.5000085234642029,0.49999120831489563,0.5000087022781372
1,917,18.34,2.4696192741394043,0.06826016306877136,0.2899271845817566,0.013551797717809677,0.4999902546405792,0.5000085234642029,0.4999907612800598,0.5000092387199402
1,918,18.36,2.468254566192627,0.06825915724039078,0.2899257242679596,0.01355089619755745,0.4999900162220001,0.5000083446502686,0.4999905228614807,0.5000094771385193
1,919,18.38,2.466888904571533,0.06825844943523407,0.28992417454719543,0.013550025410950184,0.4999900460243225,0.5000079870223999,0.4999905526638031,0.5000092387199402
1,920,18.400000000000002,2.465524196624756,0.06825760006904602,0.28992265462875366,0.01354918908327818,0.4999903440475464,0.5000074505805969,0.4999907910823822,0.5000086426734924
1,921,18.42,2.464158773422241,0.06825673580169678,0.28992119431495667,0.013548387214541435,0.499990850687027,0.500006914138794,0.499991238117218,0.5000078082084656
1,922,18.44,2.4627938270568848,0.06825612485408783,0.2899196743965149,0.013547633774578571,0.49999144673347473,0.500006377696991,0.499991774559021,0.5000067949295044
1,923,18.46,2.461428642272949,0.06825555860996246,0.2899181544780731,0.013546915724873543,0.4999920725822449,0.5000060796737671,0.49999234080314636,0.500005841255188
1,924,18.48,2.4600634574890137,0.06825507432222366,0.2899166941642761,0.013546246103942394,0.49999257922172546,0.5000059008598328,0.4999927878379822,0.5000051259994507
1,925,18.5,2.4586987495422363,0.0682544857263565,0.28991520404815674,0.013545623980462551,0.49999284744262695,0.5000059604644775,0.49999308586120605,0.500004768371582
1,926,18.52,2.4573333263397217,0.06825382262468338,0.28991371393203735,0.013545043766498566,0.49999287724494934,0.5000061988830566,0.49999314546585083,0.500004768371582
1,927,18.54,2.4559683799743652,0.06825319677591324,0.28991225361824036,0.013544491492211819,0.499992698431015,0.5000066757202148,0.4999929368495941,0.5000050663948059
1,928,18.56,2.4546029567718506,0.06825260818004608,0.2899107336997986,0.013543978333473206,0.499992311000824,0.500007152557373,0.49999260902404785,0.5000057220458984
1,929,18.580000000000002,2.4532382488250732,0.0682518407702446,0.2899092733860016,0.013543500564992428,0.49999183416366577,0.5000075697898865,0.49999210238456726,0.5000064969062805
1,930,18.6,2.4518730640411377,0.0682511180639267,0.289907842874527,0.013543055392801762,0.4999912679195404,0.5000078678131104,0.49999159574508667,0.5000072717666626
1,931,18.62,2.4505081176757812,0.06825025379657745,0.28990638256073,0.013542641885578632,0.499990850687027,0.5000080466270447,0.49999117851257324,0.5000078678131104
1,932,18.64,2.449143171310425,0.06824936717748642,0.28990495204925537,0.01354225818067789,0.4999905824661255,0.5000079870223999,0.49999088048934937,0.500008225440979
1,933,18.66,2.4477782249450684,0.06824862957000732,0.28990355134010315,0.013541905209422112,0.4999905228614807,0.5000077486038208,0.4999907910823822,0.5000082850456238
1,934,18.68,2.446413278579712,0.06824778020381927,0.28990209102630615,0.013541589491069317,0.49999067187309265,0.5000073909759521,0.49999091029167175,0.5000079870223999
1,935,18.7,2.4450480937957764,0.06824709475040436,0.28990066051483154,0.01354131381958723,0.4999910295009613,0.5000069737434387,0.499991238117218,0.5000074505805969
1,936,18.72,2.443683385848999,0.06824646145105362,0.2898992598056793,0.013541070744395256,0.4999915361404419,0.5000064969062805,0.49999165534973145,0.5000067353248596
1,937,18.740000000000002,2.4423184394836426,0.06824585795402527,0.2898978590965271,0.013540874235332012,0.4999920725822449,0.5000061988830566,0.49999213218688965,0.5000059604644775
1,938,18.76,2.440953493118286,0.06824523210525513,0.2898964285850525,0.013540709391236305,0.4999925196170807,0.5000059604644775,0.49999257922172546,0.5000053644180298
1,939,18.78,2.4395885467529297,0.06824463605880737,0.28989508748054504,0.013540586456656456,0.49999287724494934,0.5000059008598328,0.49999290704727173,0.5000048875808716
1,940,18.8,2.4382238388061523,0.06824401021003723,0.2898936867713928,0.013540496118366718,0.49999305605888367,0.5000060796737671,0.49999305605888367,0.5000047087669373
1,941,18.82,2.436858892440796,0.06824344396591187,0.2898923456668854,0.013540439307689667,0.4999930262565613,0.5000063180923462,0.4999930262565613,0.5000048279762268
1,942,18.84,2.4354939460754395,0.0682428777217865,0.28989097476005554,0.013540413230657578,0.4999927878379822,0.5000066757202148,0.49999281764030457,0.5000052452087402
1,943,18.86,2.434129238128662,0.06824234127998352,0.2898896336555481,0.013540409505367279,0.49999240040779114,0.5000070333480835,0.4999925196170807,0.5000057816505432
1,944,18.88,2.4327642917633057,0.06824168562889099,0.28988829255104065,0.013540422543883324,0.4999919831752777,0.5000073313713074,0.49999213218688965,0.500006377696991
1,945,18.900000000000002,2.431399345397949,0.06824091076850891,0.2898869812488556,0.013540457002818584,0.49999159574508667,0.5000075101852417,0.4999917149543762,0.5000070333480835
1,946,18.92,2.430034637451172,0.0682402178645134,0.28988564014434814,0.013540518470108509,0.4999913275241852,0.5000075697898865,0.49999141693115234,0.5000074505805969
1,947,18.94,2.4286699295043945,0.06823952496051788,0.2898843288421631,0.013540594838559628,0.49999117851257324,0.5000074505805969,0.499991238117218,0.500007688999176
1,948,18.96,2.427305221557617,0.06823882460594177,0.289883017539978,0.013540687039494514,0.499991238117218,0.500007152557373,0.499991238117218,0.5000076293945312
1,949,18.98,2.4259402751922607,0.06823818385601044,0.28988170623779297,0.013540796935558319,0.49999144673347473,0.5000067949295044,0.49999141693115234,0.5000072717666626
1,950,19.0,2.4245755672454834,0.06823757290840149,0.2898803949356079,0.013540934771299362,0.499991774559021,0.5000064373016357,0.4999917149543762,0.5000067949295044
1,951,19.02,2.423210859298706,0.06823699921369553,0.2898791432380676,0.013541094027459621,0.4999922215938568,0.5000060796737671,0.4999920725822449,0.5000061392784119
1,952,19.04,2.4218459129333496,0.06823638081550598,0.28987786173820496,0.013541271910071373,0.49999263882637024,0.5000057816505432,0.4999924600124359,0.5000056028366089
1,953,19.06,2.4204814434051514,0.06823582947254181,0.2898765802383423,0.013541465625166893,0.4999929666519165,0.5000056028366089,0.49999281764030457,0.5000050663948059
1,954,19.080000000000002,2.419116497039795,0.06823515892028809,0.289875328540802,0.01354168076068163,0.4999932050704956,0.5000056624412537,0.4999929964542389,0.500004768371582
1,955,19.1,2.417752265930176,0.06823448836803436,0.2898740768432617,0.013541909866034985,0.49999329447746277,0.5000057220458984,0.49999308586120605,0.5000046491622925
1,956,19.12,2.4163870811462402,0.06823398172855377,0.28987282514572144,0.013542154803872108,0.4999932050704956,0.5000059604644775,0.4999930262565613,0.5000048279762268
1,957,19.14,2.415022850036621,0.06823338568210602,0.2898719310760498,0.013542408123612404,0.4999930262565613,0.5000061988830566,0.49999284744262695,0.5000051856040955
1,958,19.16,2.4136579036712646,0.06823278963565826,0.28987208008766174,0.0135426614433527,0.4999927878379822,0.5000064373016357,0.49999257922172546,0.5000056624412537
1,959,19.18,2.4122931957244873,0.06823231279850006,0.2898722290992737,0.013542925007641315,0.4999925196170807,0.5000066161155701,0.499992311000824,0.5000061988830566
1,960,19.2,2.410928726196289,0.06823158264160156,0.2898723781108856,0.013543182983994484,0.49999234080314636,0.5000068545341492,0.4999920725822449,0.5000067949295044
1,961,19.22,2.4095640182495117,0.06823080778121948,0.28987252712249756,0.013543442822992802,0.4999922215938568,0.5000070333480835,0.49999192357063293,0.5000072717666626
1,962,19.240000000000002,2.4081997871398926,0.06823006272315979,0.2898727059364319,0.013543706387281418,0.49999216198921204,0.500007152557373,0.49999186396598816,0.5000076293945312
1,963,19.26,2.406834602355957,0.06822940707206726,0.2898728549480438,0.013543965294957161,0.49999216198921204,0.5000072717666626,0.49999189376831055,0.5000078678131104
1,964,19.28,2.405470371246338,0.06822863966226578,0.28987300395965576,0.013544227927923203,0.4999921917915344,0.5000073909759521,0.4999919831752777,0.5000078678131104
1,965,19.3,2.4041054248809814,0.06822796911001205,0.2898732125759125,0.013544488698244095,0.4999922811985016,0.5000075697898865,0.49999210238456726,0.5000078082084656
1,966,19.32,2.4027411937713623,0.06822744011878967,0.2898733913898468,0.013544753193855286,0.49999237060546875,0.5000078678131104,0.4999921917915344,0.500007688999176
1,967,19.34,2.401376485824585,0.06822674721479416,0.28987357020378113,0.013545016758143902,0.49999237060546875,0.5000081658363342,0.4999922513961792,0.5000076293945312
1,968,19.36,2.4000120162963867,0.06822601705789566,0.28987377882003784,0.013545278459787369,0.49999234080314636,0.5000085234642029,0.4999922513961792,0.500007688999176
1,969,19.38,2.3986475467681885,0.06822513043880463,0.28987395763397217,0.013545539230108261,0.4999922513961792,0.5000089406967163,0.49999216198921204,0.5000079274177551
1,970,19.400000000000002,2.3972830772399902,0.06822434067726135,0.2898741364479065,0.013545791618525982,0.49999210238456726,0.5000094175338745,0.4999920129776001,0.5000083446502686
1,971,19.42,2.395918607711792,0.06822355091571808,0.2898743450641632,0.013546040281653404,0.49999189376831055,0.5000098347663879,0.4999918043613434,0.5000089406967163
1,972,19.44,2.3945541381835938,0.06822274625301361,0.2898745536804199,0.013546273112297058,0.49999165534973145,0.5000102519989014,0.4999915659427643,0.5000095963478088
1,973,19.46,2.3931896686553955,0.0682217925786972,0.28987354040145874,0.013546491041779518,0.49999144673347473,0.50001060962677,0.49999135732650757,0.5000102519989014
1,974,19.48,2.3918254375457764,0.06822089850902557,0.2898723781108856,0.013546694070100784,0.499991238117218,0.5000108480453491,0.49999114871025085,0.5000107884407043
1,975,19.5,2.390460729598999,0.06822006404399872,0.2898712158203125,0.013546881265938282,0.4999910593032837,0.5000110268592834,0.4999909996986389,0.5000110864639282
1,976,19.52,2.389096736907959,0.06821911036968231,0.289870023727417,0.013547053560614586,0.49999096989631653,0.5000110268592834,0.49999088048934937,0.500011146068573
1,977,19.54,2.3877320289611816,0.0682181864976883,0.2898688316345215,0.013547212816774845,0.49999096989631653,0.5000109076499939,0.4999908208847046,0.5000109076499939
1,978,19.56,2.3863675594329834,0.06821730732917786,0.28986769914627075,0.013547352515161037,0.4999910891056061,0.5000106692314148,0.49999088048934937,0.5000105500221252
1,979,19.580000000000002,2.3850033283233643,0.06821639835834503,0.28986647725105286,0.01354747824370861,0.4999912977218628,0.5000103712081909,0.4999909996986389,0.5000101327896118
1,980,19.6,2.383638858795166,0.06821554154157639,0.28986525535583496,0.013547582551836967,0.4999915659427643,0.5000100135803223,0.499991238117218,0.5000097155570984
1,981,19.62,2.382274866104126,0.06821472942829132,0.28986412286758423,0.013547669164836407,0.49999192357063293,0.5000096559524536,0.4999915063381195,0.5000093579292297
1,982,19.64,2.3809101581573486,0.06821398437023163,0.2898629307746887,0.013547730632126331,0.4999922513961792,0.500009298324585,0.499991774559021,0.5000091195106506
1,983,19.66,2.3795464038848877,0.06821323931217194,0.2898617088794708,0.013547771610319614,0.4999924898147583,0.5000090599060059,0.4999919831752777,0.5000090599060059
1,984,19.68,2.3781816959381104,0.06821233034133911,0.2898605167865753,0.013547786511480808,0.4999926686286926,0.5000089406967163,0.49999213218688965,0.5000090003013611
1,985,19.7,2.3768177032470703,0.06821154057979584,0.2898593842983246,0.013547771610319614,0.4999927282333374,0.5000088810920715,0.4999921917915344,0.5000090599060059
1,986,19.72,2.375453233718872,0.06821073591709137,0.2898581027984619,0.013547728769481182,0.4999926686286926,0.5000088810920715,0.4999921917915344,0.5000091195106506
1,987,19.740000000000002,2.374089241027832,0.0682099461555481,0.2898569107055664,0.013547657057642937,0.4999925196170807,0.5000088810920715,0.49999210238456726,0.5000092387199402
1,988,19.76,2.372725009918213,0.06820908188819885,0.2898557782173157,0.01354755274951458,0.49999234080314636,0.5000088810920715,0.4999919533729553,0.500009298324585
1,989,19.78,2.371361017227173,0.0682082325220108,0.289854496717453,0.013547415845096111,0.49999213218688965,0.5000088214874268,0.4999918043613434,0.500009298324585
1,990,19.8,2.3699967861175537,0.06820739805698395,0.2898532450199127,0.013547245413064957,0.49999192357063293,0.500008761882782,0.49999165534973145,0.5000092387199402
1,991,19.82,2.3686325550079346,0.06820663809776306,0.2898520827293396,0.013547047972679138,0.49999183416366577,0.5000085830688477,0.4999915659427643,0.5000091791152954
1,992,19.84,2.3672683238983154,0.06820578873157501,0.2898508608341217,0.013546815142035484,0.499991774559021,0.5000083446502686,0.4999915659427643,0.5000090599060059
1,993,19.86,2.3659045696258545,0.06820490956306458,0.28984957933425903,0.013546554371714592,0.4999918043613434,0.5000080466270447,0.49999165534973145,0.5000088810920715
1,994,19.88,2.3645401000976562,0.06820416450500488,0.28984832763671875,0.013546264730393887,0.4999919533729553,0.500007688999176,0.499991774559021,0.5000086426734924
1,995,19.900000000000002,2.3631763458251953,0.06820346415042877,0.28984710574150085,0.013545949012041092,0.49999210238456726,0.5000073909759521,0.49999192357063293,0.5000083446502686
1,996,19.92,2.361811876296997,0.06820286810398102,0.2898458242416382,0.013545610010623932,0.499992311000824,0.500007152557373,0.49999210238456726,0.5000079870223999
1,997,19.94,2.360448122024536,0.06820224225521088,0.2898445129394531,0.013545246794819832,0.4999924600124359,0.500006914138794,0.4999922811985016,0.5000076293945312
1,998,19.96,2.359083890914917,0.06820151209831238,0.28984329104423523,0.013544862158596516,0.49999257922172546,0.5000067949295044,0.49999240040779114,0.5000073313713074
1,999,19.98,2.357719898223877,0.06820075213909149,0.28984200954437256,0.013544457964599133,0.49999263882637024,0.5000066757202148,0.4999925196170807,0.500007152557373
1,1000,20.0,2.356355905532837,0.06820003688335419,0.2898406982421875,0.013544033281505108,0.49999260902404785,0.5000066757202148,0.4999925196170807,0.5000069737434387
2,1,0.02,1.6811190843582153,-0.055668383836746216,0.7948504686355591,0.5353912115097046,0.4169198274612427,0.46307599544525146,0.5359808802604675,0.5371972918510437
2,2,0.04,1.68032705783844,-0.030377313494682312,0.7868454456329346,0.5506502985954285,0.37901315093040466,0.47475317120552063,0.5721542239189148,0.5468336343765259
2,3,0.06,1.67861807346344,-0.011295836418867111,0.7793422937393188,0.5732555985450745,0.3677297830581665,0.4910634160041809,0.5946915149688721,0.5487302541732788
2,4,0.08,1.6761115789413452,-0.001925583928823471,0.7723342180252075,0.601039469242096,0.37200284004211426,0.5095781683921814,0.597708523273468,0.5425126552581787
2,5,0.1,1.6730678081512451,-0.0022556856274604797,0.7658178806304932,0.631723940372467,0.3862585127353668,0.5268110632896423,0.5857853889465332,0.5324976444244385
2,6,0.12,1.6697980165481567,-0.009552247822284698,0.759789228439331,0.6634104251861572,0.40713274478912354,0.5398006439208984,0.5659817457199097,0.522917628288269
2,7,0.14,1.6665855646133423,-0.020062029361724854,0.754239559173584,0.6946760416030884,0.43206435441970825,0.547114372253418,0.5444508790969849,0.5161303281784058
2,8,0.16,1.6636414527893066,-0.030454054474830627,0.7491526007652283,0.7244934439659119,0.4586809277534485,0.5488196611404419,0.525212287902832,0.5124984979629517
2,9,0.18,1.661090612411499,-0.038497548550367355,0.7445033192634583,0.7521246671676636,0.48462730646133423,0.5458895564079285,0.5101698637008667,0.5112417936325073
2,10,0.2,1.6589808464050293,-0.04310157150030136,0.7402582168579102,0.7770550847053528,0.5078216791152954,0.5395776033401489,0.4997001588344574,0.5113857984542847
2,11,0.22,1.6572997570037842,-0.04405815526843071,0.7363758683204651,0.7989641427993774,0.5268638134002686,0.5309997797012329,0.4933053255081177,0.5122690796852112
2,12,0.24,1.6559983491897583,-0.04174555093050003,0.7328090071678162,0.8177065253257751,0.5412424206733704,0.5209663510322571,0.4901233911514282,0.5135892629623413
2,13,0.26,1.6550121307373047,-0.03689265996217728,0.7295060157775879,0.8332876563072205,0.5512336492538452,0.5100114345550537,0.4892605245113373,0.5152093172073364
2,14,0.28,1.6542757749557495,-0.03040391206741333,0.7264125347137451,0.8458301424980164,0.5576153993606567,0.49851882457733154,0.48996368050575256,0.5169389843940735
2,15,0.3,1.653733253479004,-0.02321297489106655,0.723473072052002,0.8555377125740051,0.5613633394241333,0.4868448078632355,0.49167320132255554,0.5184118151664734
2,16,0.32,1.653342604637146,-0.0161469466984272,0.7206325531005859,0.8626624345779419,0.5634208917617798,0.47537732124328613,0.49400368332862854,0.5190902948379517
2,17,0.34,1.6530742645263672,-0.009810563176870346,0.7178376317024231,0.8674745559692383,0.5645612478256226,0.46452170610427856,0.4966977834701538,0.5183717608451843
2,18,0.36,1.6529077291488647,-0.004514552652835846,0.7150377631187439,0.8702451586723328,0.5653269290924072,0.45464175939559937,0.49958229064941406,0.5157413482666016
2,19,0.38,1.6528242826461792,-0.0002674199640750885,0.7121860980987549,0.8712321519851685,0.5660289525985718,0.44599536061286926,0.5025373697280884,0.5109176635742188
2,20,0.4,1.6528035402297974,0.0031675957143306732,0.7092399597167969,0.8706784248352051,0.5667862296104431,0.4386964738368988,0.5054786205291748,0.5039491057395935
2,21,0.42,1.6528199911117554,0.006166623905301094,0.7061614394187927,0.868815004825592,0.5675881505012512,0.43271440267562866,0.5083454847335815,0.4952380955219269
2,22,0.44,1.6528422832489014,0.009120691567659378,0.7029169201850891,0.8658641576766968,0.5683616399765015,0.4279065728187561,0.511090874671936,0.4854850769042969
2,23,0.46,1.6528352499008179,0.012325373478233814,0.6994765996932983,0.8620460033416748,0.5690261721611023,0.42407089471817017,0.5136707425117493,0.4755646586418152
2,24,0.48,1.65276300907135,0.01591174118220806,0.6958143711090088,0.8575796484947205,0.5695272088050842,0.4210021197795868,0.5160359144210815,0.466359406709671
2,25,0.5,1.652592658996582,0.019832424819469452,0.6919068694114685,0.8526793718338013,0.5698432922363281,0.4185391962528229,0.5181291103363037,0.45859065651893616
2,26,0.52,1.652295470237732,0.023900194093585014,0.6877331137657166,0.8475458025932312,0.569973886013031,0.4165925681591034,0.5198893547058105,0.45268669724464417
2,27,0.54,1.651849627494812,0.027864331379532814,0.6832744479179382,0.8423560857772827,0.5699189305305481,0.41514694690704346,0.5212622880935669,0.44871610403060913
2,28,0.56,1.6512383222579956,0.03150025010108948,0.6785145998001099,0.8372517824172974,0.56966233253479,0.414240300655365,0.5222125053405762,0.4463994801044464
2,29,0.58,1.6504489183425903,0.03468639403581619,0.6734396815299988,0.8323312401771545,0.5691683292388916,0.4139271378517151,0.5227332711219788,0.4451954960823059
2,30,0.6,1.6494715213775635,0.037446461617946625,0.6680384874343872,0.8276457786560059,0.5683899521827698,0.41423872113227844,0.5228509902954102,0.4444427192211151
2,31,0.62,1.6482961177825928,0.03994572535157204,0.6623035073280334,0.8232040405273438,0.5672862529754639,0.4151533842086792,0.5226224660873413,0.44352594017982483
2,32,0.64,1.646911382675171,0.042441464960575104,0.6562303900718689,0.8189805150032043,0.565837562084198,0.4165882468223572,0.5221253633499146,0.4420260190963745
2,33,0.66,1.64530611038208,0.04520643129944801,0.6498184204101562,0.8149271011352539,0.5640538930892944,0.41841238737106323,0.5214439630508423,0.43981295824050903
2,34,0.68,1.6434682607650757,0.04844865947961807,0.6430698037147522,0.8109862804412842,0.5619725584983826,0.42047661542892456,0.5206531882286072,0.43705785274505615
2,35,0.7000000000000001,1.6413882970809937,0.052252717316150665,0.6359897255897522,0.8071019649505615,0.5596469640731812,0.42264795303344727,0.5198041200637817,0.4341617524623871
2,36,0.72,1.639060139656067,0.05655880272388458,0.6285853981971741,0.8032239079475403,0.5571330189704895,0.42483657598495483,0.5189163088798523,0.4316272735595703
2,37,0.74,1.636483073234558,0.06118601933121681,0.6208660006523132,0.7993077039718628,0.5544759035110474,0.42700886726379395,0.5179787278175354,0.4299091398715973
2,38,0.76,1.6336606740951538,0.06588688492774963,0.6128419041633606,0.7953094840049744,0.5517016053199768,0.4291841983795166,0.5169609785079956,0.4292881190776825
2,39,0.78,1.6306029558181763,0.0704195573925972,0.604524552822113,0.7911821603775024,0.5488148927688599,0.43141767382621765,0.5158296823501587,0.4297974109649658
2,40,0.8,1.6273223161697388,0.07461285591125488,0.59592604637146,0.7868693470954895,0.5458036661148071,0.43377479910850525,0.51456618309021,0.431220144033432
2,41,0.8200000000000001,1.623834252357483,0.07840795814990997,0.587059736251831,0.7823056578636169,0.5426495671272278,0.4363054037094116,0.5131778717041016,0.4331541657447815
2,42,0.84,1.620154619216919,0.08186491578817368,0.5779397487640381,0.7774189710617065,0.5393403172492981,0.4390248954296112,0.5117012858390808,0.4351271688938141
2,43,0.86,1.6163002252578735,0.08513624221086502,0.5685814023017883,0.7721368074417114,0.5358814001083374,0.44190871715545654,0.5101946592330933,0.4367281496524811
2,44,0.88,1.612286925315857,0.08841352164745331,0.559000551700592,0.7663938403129578,0.5323008298873901,0.44490042328834534,0.508725106716156,0.43771713972091675
2,45,0.9,1.6081308126449585,0.09187160432338715,0.5492143034934998,0.7601396441459656,0.5286465287208557,0.4479304552078247,0.5073528289794922,0.4380795657634735
2,46,0.92,1.603847861289978,0.09562548995018005,0.5392398238182068,0.753342866897583,0.52497798204422,0.4509374797344208,0.5061182975769043,0.43801212310791016
2,47,0.9400000000000001,1.5994547605514526,0.09970709681510925,0.5290946960449219,0.7459926605224609,0.5213547945022583,0.4538850486278534,0.5050349235534668,0.43784838914871216
2,48,0.96,1.594968557357788,0.10407266020774841,0.5187962055206299,0.7380987405776978,0.5178270936012268,0.4567689895629883,0.5040895342826843,0.4379516839981079
2,49,0.98,1.5904074907302856,0.1086277887225151,0.5083611011505127,0.7296881079673767,0.5144286751747131,0.45961466431617737,0.5032497644424438,0.4386093318462372
2,50,1.0,1.5857882499694824,0.11326315999031067,0.497805655002594,0.7208020091056824,0.5111743807792664,0.46246615052223206,0.5024768114089966,0.4399576783180237
2,51,1.02,1.581128478050232,0.11788889765739441,0.48714545369148254,0.7114960551261902,0.5080618858337402,0.4653707444667816,0.5017385482788086,0.44195693731307983
2,52,1.04,1.5764434337615967,0.12245461344718933,0.4763956367969513,0.7018398642539978,0.5050773620605469,0.4683641493320465,0.5010192394256592,0.4444180428981781
2,53,1.06,1.5717476606369019,0.12695546448230743,0.4655703008174896,0.6919195652008057,0.5022042989730835,0.47145962715148926,0.500323474407196,0.4470697045326233
2,54,1.08,1.5670543909072876,0.13142099976539612,0.4546835720539093,0.6818397641181946,0.49943259358406067,0.47464460134506226,0.49967238306999207,0.4496445655822754
2,55,1.1,1.5623751878738403,0.13589641451835632,0.44374895095825195,0.6717252731323242,0.4967650771141052,0.4778856039047241,0.4990960657596588,0.4519559442996979
2,56,1.12,1.5577210187911987,0.14042092859745026,0.4327801465988159,0.6617202758789062,0.4942191243171692,0.48113885521888733,0.4986235201358795,0.45394453406333923
2,57,1.1400000000000001,1.5531011819839478,0.1450115144252777,0.42179080843925476,0.6519848108291626,0.49182334542274475,0.4843633770942688,0.4982740581035614,0.4556819498538971
2,58,1.16,1.5485247373580933,0.14965566992759705,0.4107948839664459,0.6426889300346375,0.4896102845668793,0.4875313639640808,0.49805235862731934,0.4573357105255127
2,59,1.18,1.5439990758895874,0.15431544184684753,0.3998069763183594,0.6340081691741943,0.4876078963279724,0.49063387513160706,0.4979475736618042,0.4591093063354492
2,60,1.2,1.5395300388336182,0.158936008810997,0.38884255290031433,0.6261169910430908,0.48583224415779114,0.49368008971214294,0.49793675541877747,0.46117907762527466
2,61,1.22,1.5351221561431885,0.16345658898353577,0.3779181241989136,0.619182825088501,0.484283447265625,0.49669149518013,0.4979907274246216,0.46364644169807434
2,62,1.24,1.5307776927947998,0.1678214967250824,0.3670521676540375,0.6133621335029602,0.4829457998275757,0.49969348311424255,0.4980804920196533,0.4665176570415497
2,63,1.26,1.5264980792999268,0.17198385298252106,0.3562653064727783,0.6087972521781921,0.4817916452884674,0.50270676612854,0.49818241596221924,0.4697134792804718
2,64,1.28,1.5222833156585693,0.17590934038162231,0.3455808758735657,0.6056105494499207,0.48078852891921997,0.5057416558265686,0.49828004837036133,0.47310253977775574
2,65,1.3,1.518131971359253,0.1795705258846283,0.3350258469581604,0.6039011478424072,0.47990652918815613,0.5087957978248596,0.498363733291626,0.4765458106994629
2,66,1.32,1.5140432119369507,0.18294458091259003,0.3246314823627472,0.6037379503250122,0.4791242480278015,0.5118560194969177,0.49842798709869385,0.4799376130104065
2,67,1.34,1.5100144147872925,0.1860077828168869,0.3144340515136719,0.6051547527313232,0.47843146324157715,0.5149032473564148,0.4984683692455292,0.4832313656806946
2,68,1.36,1.5060439109802246,0.18873511254787445,0.30447542667388916,0.608144998550415,0.4778284728527069,0.5179176926612854,0.4984797239303589,0.48644450306892395
2,69,1.3800000000000001,1.5021287202835083,0.19109885394573212,0.29480451345443726,0.6126587986946106,0.47732242941856384,0.5208829045295715,0.4984554648399353,0.4896434545516968
2,70,1.4000000000000001,1.4982669353485107,0.19307298958301544,0.2854766249656677,0.6186046600341797,0.47692257165908813,0.5237879157066345,0.4983885884284973,0.492915540933609
2,71,1.42,1.4944549798965454,0.19463562965393066,0.2765554189682007,0.6258512139320374,0.47663602232933044,0.526626467704773,0.4982737600803375,0.49633848667144775
2,72,1.44,1.4906888008117676,0.19577057659626007,0.26811152696609497,0.6342352628707886,0.4764648675918579,0.5293952226638794,0.4981091618537903,0.49995601177215576
2,73,1.46,1.4869645833969116,0.19646906852722168,0.2602235674858093,0.6435675621032715,0.47640594840049744,0.532090961933136,0.4978974759578705,0.5037658214569092
2,74,1.48,1.4832781553268433,0.19673120975494385,0.2529764473438263,0.6536421179771423,0.47645196318626404,0.5347084403038025,0.49764564633369446,0.5077221393585205
2,75,1.5,1.4796247482299805,0.1965615451335907,0.2464604377746582,0.664243757724762,0.4765937030315399,0.537239670753479,0.49736297130584717,0.5117500424385071
2,76,1.52,1.476000189781189,0.19597075879573822,0.24076831340789795,0.6751528978347778,0.4768226742744446,0.5396742224693298,0.49705901741981506,0.5157654881477356
2,77,1.54,1.4724000692367554,0.19497175514698029,0.23599210381507874,0.6861516833305359,0.47713279724121094,0.5420002341270447,0.4967411756515503,0.5196957588195801
2,78,1.56,1.4688208103179932,0.19357874989509583,0.23221921920776367,0.6970260739326477,0.4775207042694092,0.5442056059837341,0.4964137077331543,0.5234935879707336
2,79,1.58,1.4652589559555054,0.19180966913700104,0.22952800989151,0.7075690031051636,0.4779856204986572,0.5462786555290222,0.49607765674591064,0.5271419882774353
2,80,1.6,1.4617116451263428,0.1896853893995285,0.22798074781894684,0.7175812721252441,0.4785279929637909,0.5482085347175598,0.49573224782943726,0.5306505560874939
2,81,1.62,1.4581762552261353,0.18723060190677643,0.2276211529970169,0.7268736958503723,0.4791485667228699,0.5499839782714844,0.4953770041465759,0.5340444445610046
2,82,1.6400000000000001,1.4546507596969604,0.18447616696357727,0.22846944630146027,0.735267698764801,0.4798473119735718,0.5515928864479065,0.49501392245292664,0.537350594997406
2,83,1.6600000000000001,1.4511337280273438,0.18145716190338135,0.2305198758840561,0.7425973415374756,0.4806234836578369,0.5530214905738831,0.4946487247943878,0.5405853986740112
2,84,1.68,1.447622537612915,0.17821358144283295,0.2337411642074585,0.7487102150917053,0.4814753830432892,0.5542540550231934,0.4942913055419922,0.5437465906143188
2,85,1.7,1.4441165924072266,0.17478981614112854,0.2380806803703308,0.7534694075584412,0.4824008345603943,0.5552740693092346,0.493954598903656,0.5468108654022217
2,86,1.72,1.4406147003173828,0.1712309569120407,0.24346420168876648,0.7567536234855652,0.48339715600013733,0.556065559387207,0.49365270137786865,0.549737811088562
2,87,1.74,1.4371165037155151,0.16758202016353607,0.2498025745153427,0.7584582567214966,0.48446086049079895,0.5566143989562988,0.4933983385562897,0.5524776577949524
2,88,1.76,1.4336214065551758,0.1638878434896469,0.25699615478515625,0.75849449634552,0.4855869710445404,0.5569102168083191,0.4932008683681488,0.5549802780151367
2,89,1.78,1.4301303625106812,0.16019123792648315,0.2649395167827606,0.7567914128303528,0.48676812648773193,0.5569467544555664,0.4930647015571594,0.5572042465209961
2,90,1.8,1.4266436100006104,0.15653276443481445,0.2735259532928467,0.7532927393913269,0.48799416422843933,0.5567222237586975,0.49298903346061707,0.5591220855712891
2,91,1.82,1.4231629371643066,0.1529499739408493,0.2826463282108307,0.7479586005210876,0.48925161361694336,0.5562387704849243,0.49296852946281433,0.560722827911377
2,92,1.84,1.419689655303955,0.149478480219841,0.29219844937324524,0.7407633066177368,0.49052414298057556,0.5555007457733154,0.49299487471580505,0.5620095133781433
2,93,1.86,1.4162259101867676,0.14615118503570557,0.3020828664302826,0.7316955327987671,0.49179381132125854,0.5545139908790588,0.49305880069732666,0.5629951357841492
2,94,1.8800000000000001,1.4127739667892456,0.1429968774318695,0.3122062385082245,0.7207575440406799,0.49304232001304626,0.5532843470573425,0.4931519627571106,0.563696563243866
2,95,1.9000000000000001,1.4093362092971802,0.14004066586494446,0.32248082756996155,0.7079641819000244,0.49425268173217773,0.5518172979354858,0.49326837062835693,0.5641287565231323
2,96,1.92,1.4059159755706787,0.13730363547801971,0.3328251540660858,0.6933434009552002,0.495410680770874,0.5501182079315186,0.49340498447418213,0.5643007755279541
2,97,1.94,1.4025160074234009,0.13480208814144135,0.3431638181209564,0.6769349575042725,0.4965054988861084,0.5481926798820496,0.4935615062713623,0.564213216304779
2,98,1.96,1.3991401195526123,0.13254711031913757,0.3534269332885742,0.658790647983551,0.49752992391586304,0.5460476875305176,0.49373990297317505,0.5638595819473267
2,99,1.98,1.3957924842834473,0.13054633140563965,0.36355116963386536,0.6389740705490112,0.49848005175590515,0.5436927080154419,0.4939427971839905,0.5632280111312866
2,100,2.0,1.3924760818481445,0.12880192697048187,0.3734777271747589,0.6175590753555298,0.49935415387153625,0.5411407947540283,0.4941725432872772,0.5623056292533875
2,101,2.02,1.389195442199707,0.12731213867664337,0.38315340876579285,0.5946294069290161,0.5001516938209534,0.5384087562561035,0.4944300949573517,0.5610830187797546
2,102,2.04,1.3859541416168213,0.1260719895362854,0.39252984523773193,0.5702776908874512,0.5008722543716431,0.5355175733566284,0.49471423029899597,0.5595576167106628
2,103,2.06,1.3827557563781738,0.12507358193397522,0.4015633463859558,0.5446052551269531,0.5015150308609009,0.5324918627738953,0.4950214922428131,0.5577362775802612
2,104,2.08,1.3796042203903198,0.12430617958307266,0.41021478176116943,0.517720103263855,0.5020783543586731,0.5293588638305664,0.4953465163707733,0.5556362271308899
2,105,2.1,1.3765023946762085,0.12375631928443909,0.4184492826461792,0.48973625898361206,0.5025599598884583,0.5261479020118713,0.4956824481487274,0.5532839298248291
2,106,2.12,1.3734532594680786,0.12340925633907318,0.4262360632419586,0.46077364683151245,0.5029576420783997,0.5228888988494873,0.49602174758911133,0.5507126450538635
2,107,2.14,1.370458722114563,0.12324830889701843,0.4335482120513916,0.43095746636390686,0.5032697319984436,0.5196115970611572,0.49635693430900574,0.5479596853256226
2,108,2.16,1.3675203323364258,0.12325553596019745,0.4403625726699829,0.4004177451133728,0.5034959316253662,0.5163450241088867,0.49668118357658386,0.5450627207756042
2,109,2.18,1.364639401435852,0.12341267615556717,0.4466594457626343,0.36929041147232056,0.5036377310752869,0.5131165981292725,0.49698856472969055,0.5420573353767395
2,110,2.2,1.3618165254592896,0.12370148301124573,0.4524228274822235,0.3377191722393036,0.5036984086036682,0.5099520683288574,0.4972744584083557,0.538974940776825
2,111,2.22,1.3590518236160278,0.12410378456115723,0.4576396644115448,0.3058578670024872,0.5036832690238953,0.5068753361701965,0.4975352883338928,0.5358424782752991
2,112,2.24,1.356344223022461,0.12460291385650635,0.46230027079582214,0.27387604117393494,0.5035990476608276,0.5039082765579224,0.49776867032051086,0.5326825976371765
2,113,2.2600000000000002,1.3536925315856934,0.12518367171287537,0.46639785170555115,0.2419682741165161,0.5034533143043518,0.5010709166526794,0.49797290563583374,0.5295150279998779
2,114,2.2800000000000002,1.3510944843292236,0.1258319616317749,0.46992871165275574,0.21037356555461884,0.5032539963722229,0.49838146567344666,0.4981468617916107,0.526358425617218
2,115,2.3000000000000003,1.3485480546951294,0.1265355497598648,0.4728916883468628,0.17941124737262726,0.5030087232589722,0.49585628509521484,0.49828964471817017,0.5232317447662354
2,116,2.32,1.3460501432418823,0.12728337943553925,0.4752884805202484,0.14955681562423706,0.5027241706848145,0.493509978055954,0.49840033054351807,0.5201555490493774
2,117,2.34,1.3435962200164795,0.12806585431098938,0.4771234691143036,0.12160847336053848,0.5024062395095825,0.4913553297519684,0.4984777271747589,0.5171520113945007
2,118,2.36,1.3411833047866821,0.12887386977672577,0.47840335965156555,0.097054123878479,0.5020592212677002,0.48940324783325195,0.4985203742980957,0.5142446160316467
2,119,2.38,1.3388053178787231,0.1296994388103485,0.47913694381713867,0.07874331623315811,0.5016864538192749,0.4876626133918762,0.4985266625881195,0.5114571452140808
2,120,2.4,1.3364580869674683,0.13053466379642487,0.4793356657028198,0.07104960829019547,0.5012903213500977,0.48614004254341125,0.49849483370780945,0.5088120102882385
2,121,2.42,1.334135890007019,0.13137264549732208,0.47901248931884766,0.07652832567691803,0.5008726119995117,0.48483964800834656,0.4984234869480133,0.506328821182251
2,122,2.44,1.331834077835083,0.13220594823360443,0.478182852268219,0.09220141917467117,0.5004348158836365,0.48376306891441345,0.49831175804138184,0.5040230751037598
2,123,2.46,1.3295471668243408,0.1330273598432541,0.4768638610839844,0.1133122369647026,0.4999787211418152,0.482909232378006,0.49815988540649414,0.5019055604934692
2,124,2.48,1.3272700309753418,0.13383062183856964,0.4750746488571167,0.1368066668510437,0.4995064437389374,0.48227447271347046,0.4979693293571472,0.4999820590019226
2,125,2.5,1.324997901916504,0.1346091479063034,0.4728356599807739,0.16112875938415527,0.4990207850933075,0.48185282945632935,0.49774307012557983,0.4982539713382721
2,126,2.52,1.3227260112762451,0.13535651564598083,0.47016897797584534,0.1854778528213501,0.4985252320766449,0.4816363751888275,0.497485488653183,0.49671924114227295
2,127,2.54,1.3204494714736938,0.1360667496919632,0.4670983552932739,0.20940786600112915,0.4980238080024719,0.4816158413887024,0.4972022771835327,0.49537330865859985
2,128,2.56,1.318164348602295,0.13673385977745056,0.4636485278606415,0.2326464205980301,0.49752068519592285,0.48178115487098694,0.49689987301826477,0.494210422039032
2,129,2.58,1.315866470336914,0.13735228776931763,0.45984598994255066,0.25501352548599243,0.49702000617980957,0.4821220636367798,0.49658504128456116,0.49322453141212463
2,130,2.6,1.3135520219802856,0.137916699051857,0.4557178318500519,0.2763819694519043,0.49652549624443054,0.48262864351272583,0.4962643086910248,0.49240967631340027
2,131,2.62,1.311218500137329,0.1384216845035553,0.4512925446033478,0.29665762186050415,0.4960399568080902,0.48329153656959534,0.495943546295166,0.49176058173179626
2,132,2.64,1.3088637590408325,0.13886162638664246,0.44659945368766785,0.31576821208000183,0.4955653250217438,0.4841022193431854,0.49562740325927734,0.49127253890037537
2,133,2.66,1.3064860105514526,0.13923154771327972,0.4416685104370117,0.33365705609321594,0.49510258436203003,0.48505258560180664,0.4953193664550781,0.4909413456916809
2,134,2.68,1.3040835857391357,0.1395266354084015,0.4365304410457611,0.35027965903282166,0.49465179443359375,0.4861351549625397,0.49502161145210266,0.4907626807689667
2,135,2.7,1.3016546964645386,0.13974198698997498,0.43121641874313354,0.3656010329723358,0.49421241879463196,0.48734229803085327,0.49473515152931213,0.49073195457458496
2,136,2.72,1.2991992235183716,0.13987351953983307,0.42575815320014954,0.37959471344947815,0.4937836825847626,0.4886660575866699,0.49446040391921997,0.49084407091140747
2,137,2.74,1.296716570854187,0.1399170458316803,0.4201871454715729,0.3922410011291504,0.4933651089668274,0.4900977611541748,0.4941972494125366,0.4910930395126343
2,138,2.7600000000000002,1.29420804977417,0.13986945152282715,0.41453564167022705,0.4035269021987915,0.49295663833618164,0.49162769317626953,0.4939457178115845,0.4914720058441162
2,139,2.7800000000000002,1.291674017906189,0.13972732424736023,0.40883520245552063,0.41344544291496277,0.4925592243671417,0.49324533343315125,0.4937061667442322,0.4919731914997101
2,140,2.8000000000000003,1.2891161441802979,0.13948923349380493,0.4031173586845398,0.4219951033592224,0.49217474460601807,0.49493905901908875,0.4934796392917633,0.492588073015213
2,141,2.82,1.2865359783172607,0.13915395736694336,0.3974129557609558,0.42917972803115845,0.49180594086647034,0.49669694900512695,0.4932677149772644,0.4933073818683624
2,142,2.84,1.283935785293579,0.13872085511684418,0.3917524516582489,0.4350079596042633,0.4914560616016388,0.49850690364837646,0.4930725693702698,0.4941213130950928
2,143,2.86,1.2813175916671753,0.13819053769111633,0.3861652612686157,0.43949323892593384,0.4911286532878876,0.5003569722175598,0.4928966462612152,0.4950198233127594
2,144,2.88,1.2786847352981567,0.13756397366523743,0.3806796371936798,0.44265323877334595,0.4908270239830017,0.5022361278533936,0.4927423894405365,0.49599286913871765
2,145,2.9,1.2760398387908936,0.13684293627738953,0.3753229081630707,0.44451022148132324,0.49055370688438416,0.5041342973709106,0.49261170625686646,0.4970308542251587
2,146,2.92,1.2733862400054932,0.13602961599826813,0.3701200783252716,0.44509023427963257,0.49031034111976624,0.5060425400733948,0.4925057291984558,0.4981249272823334
2,147,2.94,1.2707273960113525,0.13512636721134186,0.36509525775909424,0.44442301988601685,0.4900972545146942,0.5079533457756042,0.49242445826530457,0.49926722049713135
2,148,2.96,1.2680667638778687,0.13413618505001068,0.360270231962204,0.442542165517807,0.48991355299949646,0.509860098361969,0.49236658215522766,0.5004512667655945
2,149,2.98,1.2654078006744385,0.13306134939193726,0.35566455125808716,0.4394846260547638,0.4897572696208954,0.5117570757865906,0.4923294484615326,0.5016717910766602
2,150,3.0,1.2627551555633545,0.13190484046936035,0.3512951135635376,0.4352908134460449,0.4896256625652313,0.513638973236084,0.4923092722892761,0.5029246807098389
2,151,3.02,1.2601110935211182,0.1306692212820053,0.34717702865600586,0.4300037920475006,0.4895155727863312,0.5155006647109985,0.4923015236854553,0.504206657409668
2,152,3.04,1.2574807405471802,0.12935690581798553,0.3433220088481903,0.42367005348205566,0.4894239902496338,0.5173366069793701,0.49230140447616577,0.5055148005485535
2,153,3.06,1.254867434501648,0.12796975672245026,0.3397395610809326,0.4163387715816498,0.4893483817577362,0.5191407799720764,0.49230411648750305,0.506846010684967
2,154,3.08,1.252274751663208,0.12650996446609497,0.3364359140396118,0.40806132555007935,0.4892871081829071,0.5209066271781921,0.4923056364059448,0.5081963539123535
2,155,3.1,1.2497066259384155,0.12497960776090622,0.33341488242149353,0.39889174699783325,0.4892394542694092,0.5226271748542786,0.492302805185318,0.5095608830451965
2,156,3.12,1.2471665143966675,0.12338027358055115,0.3306772708892822,0.38888582587242126,0.48920556902885437,0.5242949724197388,0.49229365587234497,0.5109333395957947
2,157,3.14,1.24465811252594,0.12171424180269241,0.32822123169898987,0.3781014382839203,0.48918646574020386,0.5259028673171997,0.4922773838043213,0.512306272983551
2,158,3.16,1.2421844005584717,0.11998294293880463,0.32604244351387024,0.36659786105155945,0.48918336629867554,0.5274439454078674,0.4922541081905365,0.5136714577674866
2,159,3.18,1.239748239517212,0.11818885803222656,0.3241339325904846,0.35443565249443054,0.48919758200645447,0.528912365436554,0.49222466349601746,0.515020489692688
2,160,3.2,1.237352967262268,0.11633361876010895,0.3224865794181824,0.3416767418384552,0.4892299771308899,0.5303032398223877,0.4921899437904358,0.516345202922821
2,161,3.22,1.2350012063980103,0.11441941559314728,0.32108962535858154,0.32838356494903564,0.48928073048591614,0.5316128730773926,0.4921506941318512,0.5176387429237366
2,162,3.24,1.232695460319519,0.11244837939739227,0.31993043422698975,0.31461936235427856,0.4893490672111511,0.5328388810157776,0.4921072721481323,0.5188955664634705
2,163,3.2600000000000002,1.230438470840454,0.11042238026857376,0.3189946711063385,0.30044788122177124,0.4894334673881531,0.5339797139167786,0.49205920100212097,0.5201118588447571
2,164,3.2800000000000002,1.2282317876815796,0.10834362357854843,0.3182675838470459,0.28593337535858154,0.48953166604042053,0.5350344777107239,0.49200552701950073,0.5212854146957397
2,165,3.3000000000000003,1.226077675819397,0.10621410608291626,0.3177327513694763,0.2711401581764221,0.4896411895751953,0.5360025763511658,0.49194496870040894,0.5224151015281677
2,166,3.3200000000000003,1.22397780418396,0.10403545200824738,0.3173735737800598,0.2561330497264862,0.489759624004364,0.5368831157684326,0.49187618494033813,0.5235005617141724
2,167,3.34,1.2219326496124268,0.10180967301130295,0.3171733319759369,0.24097727239131927,0.4898851811885834,0.5376749634742737,0.4917983114719391,0.5245410799980164
2,168,3.36,1.2199442386627197,0.0995386466383934,0.31711485981941223,0.2257387489080429,0.490016907453537,0.5383761525154114,0.4917113184928894,0.5255352854728699
2,169,3.38,1.2180126905441284,0.09722442924976349,0.31718146800994873,0.21048420667648315,0.4901549518108368,0.5389842987060547,0.4916163682937622,0.5264806151390076
2,170,3.4,1.216139316558838,0.09486977010965347,0.31735682487487793,0.19528180360794067,0.49030038714408875,0.5394964814186096,0.49151578545570374,0.5273729562759399
2,171,3.42,1.2143239974975586,0.09247759729623795,0.3176249563694,0.180201917886734,0.49045535922050476,0.539910078048706,0.4914131164550781,0.5282069444656372
2,172,3.44,1.2125674486160278,0.09005143493413925,0.31797072291374207,0.165318563580513,0.49062231183052063,0.5402224063873291,0.4913126826286316,0.5289765000343323
2,173,3.46,1.2108690738677979,0.08759525418281555,0.318379670381546,0.15071125328540802,0.49080392718315125,0.5404319167137146,0.4912191927433014,0.5296751260757446
2,174,3.48,1.2092293500900269,0.085114024579525,0.3188384175300598,0.1364680528640747,0.4910023510456085,0.5405378341674805,0.49113720655441284,0.5302969217300415
2,175,3.5,1.2076470851898193,0.08261272311210632,0.31933385133743286,0.12269021570682526,0.49121901392936707,0.5405405759811401,0.4910707473754883,0.5308374166488647
2,176,3.52,1.2061225175857544,0.08009713888168335,0.3198546767234802,0.10949905216693878,0.4914543926715851,0.5404416918754578,0.49102291464805603,0.5312936305999756
2,177,3.54,1.2046538591384888,0.07757306098937988,0.32039007544517517,0.09704674035310745,0.49170786142349243,0.5402438044548035,0.4909955561161041,0.5316646695137024
2,178,3.56,1.203241229057312,0.0750466138124466,0.3209305703639984,0.08553113043308258,0.49197784066200256,0.539949893951416,0.49098968505859375,0.5319512486457825
2,179,3.58,1.2018826007843018,0.07252394407987595,0.3214671313762665,0.07521534711122513,0.49226221442222595,0.5395634770393372,0.4910053312778473,0.5321556329727173
2,180,3.6,1.2005773782730103,0.0700109601020813,0.32199230790138245,0.06644531339406967,0.4925585389137268,0.5390878915786743,0.4910420775413513,0.5322807431221008
2,181,3.62,1.1993237733840942,0.06751341372728348,0.32249924540519714,0.059644363820552826,0.4928645193576813,0.5385261178016663,0.4910992980003357,0.5323294997215271
2,182,3.64,1.198120355606079,0.06503720581531525,0.3229818046092987,0.05524274334311485,0.4931783378124237,0.5378807783126831,0.49117669463157654,0.5323042869567871
2,183,3.66,1.1969658136367798,0.0625881552696228,0.3234347403049469,0.05351170152425766,0.4934987723827362,0.5371540188789368,0.49127429723739624,0.5322062373161316
2,184,3.68,1.1958588361740112,0.060171883553266525,0.3238537907600403,0.054382145404815674,0.4938252568244934,0.5363478660583496,0.49139276146888733,0.5320355296134949
2,185,3.7,1.1947968006134033,0.05779428780078888,0.3242352604866028,0.057427503168582916,0.4941578209400177,0.5354642271995544,0.4915331304073334,0.5317909717559814
2,186,3.72,1.19377863407135,0.05546119064092636,0.32457610964775085,0.06204498931765556,0.49449679255485535,0.5345054864883423,0.49169665575027466,0.5314710736274719
2,187,3.74,1.1928027868270874,0.05317849665880203,0.32487383484840393,0.06765797734260559,0.4948423504829407,0.5334745645523071,0.4918845295906067,0.531074047088623
2,188,3.7600000000000002,1.1918671131134033,0.05095209181308746,0.32512640953063965,0.07381194084882736,0.49519455432891846,0.5323750972747803,0.492097407579422,0.5305989384651184
2,189,3.7800000000000002,1.1909700632095337,0.0487879179418087,0.3253324329853058,0.08018101751804352,0.495552659034729,0.5312117338180542,0.49233531951904297,0.5300458669662476
2,190,3.8000000000000003,1.1901096105575562,0.046691328287124634,0.3254910111427307,0.08654075115919113,0.4959152936935425,0.5299899578094482,0.492597371339798,0.5294166803359985
2,191,3.8200000000000003,1.1892842054367065,0.04466751590371132,0.325600802898407,0.09273838996887207,0.49628013372421265,0.5287157893180847,0.49288177490234375,0.5287148952484131
2,192,3.84,1.1884914636611938,0.04272111505270004,0.32566216588020325,0.09867020696401596,0.49664440751075745,0.5273957848548889,0.49318593740463257,0.5279453992843628
2,193,3.86,1.1877306699752808,0.04085607826709747,0.32567480206489563,0.10426568239927292,0.49700480699539185,0.5260365009307861,0.4935067296028137,0.5271141529083252
2,194,3.88,1.1869995594024658,0.03907584398984909,0.3256388008594513,0.10947723686695099,0.4973580539226532,0.5246443152427673,0.493840754032135,0.5262277126312256
2,195,3.9,1.1862963438034058,0.037383221089839935,0.32555440068244934,0.11427344381809235,0.4977009892463684,0.5232254266738892,0.4941847324371338,0.5252923369407654
2,196,3.92,1.1856192350387573,0.03578025847673416,0.3254221975803375,0.11863457411527634,0.4980311095714569,0.5217851996421814,0.4945356845855713,0.5243135690689087
2,197,3.94,1.184967041015625,0.03426866605877876,0.32524287700653076,0.12254948914051056,0.4983464777469635,0.5203288197517395,0.4948911666870117,0.5232961773872375
2,198,3.96,1.1843373775482178,0.03284977376461029,0.32501688599586487,0.1260136067867279,0.49864593148231506,0.518860936164856,0.49524933099746704,0.5222434997558594
2,199,3.98,1.1837291717529297,0.03152455762028694,0.3247453272342682,0.1290273368358612,0.49892905354499817,0.5173859000205994,0.4956088066101074,0.5211582779884338
2,200,4.0,1.1831409931182861,0.030293572694063187,0.32442882657051086,0.1315952092409134,0.4991959035396576,0.5159080624580383,0.49596869945526123,0.5200425386428833
2,201,4.0200000000000005,1.1825711727142334,0.02915736474096775,0.32406848669052124,0.13372506201267242,0.49944689869880676,0.514431893825531,0.496328204870224,0.5188983082771301
2,202,4.04,1.1820182800292969,0.02811608463525772,0.3236652612686157,0.13542728126049042,0.49968239665031433,0.5129620432853699,0.49668654799461365,0.5177280306816101
2,203,4.0600000000000005,1.1814806461334229,0.02716960944235325,0.32322004437446594,0.13671454787254333,0.49990275502204895,0.5115035772323608,0.4970427453517914,0.5165349245071411
2,204,4.08,1.180957555770874,0.026317492127418518,0.32273387908935547,0.13760145008563995,0.5001078844070435,0.5100616812705994,0.49739548563957214,0.5153232216835022
2,205,4.1,1.1804478168487549,0.0255588311702013,0.32220780849456787,0.13810409605503082,0.500297486782074,0.5086418390274048,0.49774304032325745,0.5140981674194336
2,206,4.12,1.1799495220184326,0.024892408400774002,0.3216429054737091,0.13823997974395752,0.500470757484436,0.5072493553161621,0.4980834126472473,0.5128656625747681
2,207,4.14,1.1794607639312744,0.024316346272826195,0.32104021310806274,0.13802748918533325,0.500626802444458,0.5058894157409668,0.49841442704200745,0.5116322040557861
2,208,4.16,1.1789814233779907,0.02382841147482395,0.3204008936882019,0.13748610019683838,0.5007646679878235,0.5045667886734009,0.49873390793800354,0.5104041695594788
2,209,4.18,1.1785086393356323,0.023425975814461708,0.3197261095046997,0.1366356760263443,0.5008836984634399,0.5032855868339539,0.4990399181842804,0.5091875791549683
2,210,4.2,1.1780437231063843,0.023106098175048828,0.31901678442955017,0.13549670577049255,0.5009834170341492,0.5020493268966675,0.4993308186531067,0.5079876780509949
2,211,4.22,1.1775829792022705,0.0228655394166708,0.31827428936958313,0.13408973813056946,0.5010640025138855,0.5008607506752014,0.49960553646087646,0.5068087577819824
2,212,4.24,1.1771265268325806,0.02270091138780117,0.3174995481967926,0.1324356198310852,0.5011260509490967,0.49972185492515564,0.49986353516578674,0.5056541562080383
2,213,4.26,1.1766728162765503,0.022608697414398193,0.3166939914226532,0.13055503368377686,0.5011708736419678,0.4986341893672943,0.5001047849655151,0.5045262575149536
2,214,4.28,1.1762193441390991,0.022585561498999596,0.31585848331451416,0.12846869230270386,0.5011999607086182,0.4975988566875458,0.5003297924995422,0.5034268498420715
2,215,4.3,1.1757663488388062,0.022627977654337883,0.31499409675598145,0.1261969655752182,0.5012152791023254,0.4966166317462921,0.5005391240119934,0.5023574233055115
2,216,4.32,1.1753126382827759,0.02273254655301571,0.3141030967235565,0.12375999987125397,0.5012186765670776,0.49568819999694824,0.5007337927818298,0.5013192892074585
2,217,4.34,1.1748583316802979,0.022895928472280502,0.31318625807762146,0.12117752432823181,0.5012120604515076,0.49481430649757385,0.500914454460144,0.5003139972686768
2,218,4.36,1.1744022369384766,0.023114779964089394,0.31224513053894043,0.11846894770860672,0.5011970400810242,0.4939956068992615,0.5010817646980286,0.4993433952331543
2,219,4.38,1.1739410161972046,0.02338564395904541,0.3112812042236328,0.11565320193767548,0.5011746883392334,0.4932328760623932,0.501236081123352,0.4984097182750702
2,220,4.4,1.173474669456482,0.02370506152510643,0.31029605865478516,0.11274856328964233,0.5011458396911621,0.4925267696380615,0.5013775825500488,0.497515469789505
2,221,4.42,1.1730035543441772,0.02406955324113369,0.30929118394851685,0.10977279394865036,0.5011110305786133,0.49187785387039185,0.5015060901641846,0.4966631233692169
2,222,4.44,1.1725261211395264,0.02447560988366604,0.30826839804649353,0.10674295574426651,0.501070499420166,0.49128636717796326,0.5016213059425354,0.49585509300231934
2,223,4.46,1.172040343284607,0.024919642135500908,0.3072293698787689,0.10367529839277267,0.5010243654251099,0.49075213074684143,0.5017229914665222,0.49509352445602417
2,224,4.48,1.1715463399887085,0.02539798617362976,0.30617576837539673,0.10058524459600449,0.5009729266166687,0.4902745187282562,0.5018110871315002,0.4943799674510956
2,225,4.5,1.171044111251831,0.025907104834914207,0.3051096498966217,0.09748730808496475,0.5009165406227112,0.48985230922698975,0.5018856525421143,0.49371537566185
2,226,4.5200000000000005,1.1705313920974731,0.026443641632795334,0.30403241515159607,0.09439507871866226,0.5008559823036194,0.48948392271995544,0.5019471645355225,0.49310004711151123
2,227,4.54,1.1700084209442139,0.027004174888134003,0.3029460310935974,0.09132105857133865,0.5007922053337097,0.489167183637619,0.5019964575767517,0.49253350496292114
2,228,4.5600000000000005,1.1694755554199219,0.02758561633527279,0.3018532395362854,0.08827690780162811,0.5007265210151672,0.4888997972011566,0.502034604549408,0.49201467633247375
2,229,4.58,1.1689321994781494,0.028185134753584862,0.30075544118881226,0.08527307212352753,0.5006603598594666,0.4886791706085205,0.5020628571510315,0.4915422201156616
2,230,4.6000000000000005,1.1683762073516846,0.028799938037991524,0.2996548116207123,0.08231919258832932,0.5005954504013062,0.48850277066230774,0.5020827054977417,0.49111437797546387
2,231,4.62,1.1678082942962646,0.029427584260702133,0.29855331778526306,0.07942381501197815,0.5005330443382263,0.4883681833744049,0.502095639705658,0.4907294511795044
2,232,4.64,1.167227864265442,0.03006584197282791,0.2974531352519989,0.07659447938203812,0.5004744529724121,0.48827311396598816,0.502102792263031,0.4903858006000519
2,233,4.66,1.166633129119873,0.030712522566318512,0.2963562309741974,0.07383784651756287,0.5004205107688904,0.4882155954837799,0.5021052360534668,0.49008193612098694
2,234,4.68,1.1660254001617432,0.03136564418673515,0.2952648103237152,0.07115959376096725,0.5003717541694641,0.4881937503814697,0.5021036863327026,0.48981669545173645
2,235,4.7,1.1654053926467896,0.032023265957832336,0.2941809296607971,0.06856445968151093,0.5003283619880676,0.4882059395313263,0.5020984411239624,0.4895891845226288
2,236,4.72,1.1647727489471436,0.03268361836671829,0.2931065857410431,0.06605632603168488,0.5002902150154114,0.4882505238056183,0.5020896792411804,0.489398717880249
2,237,4.74,1.1641249656677246,0.03334486857056618,0.29204386472702026,0.06363805383443832,0.5002570152282715,0.4883258640766144,0.5020772218704224,0.489244669675827
2,238,4.76,1.1634635925292969,0.03400534763932228,0.2909947335720062,0.06131168454885483,0.5002282857894897,0.48843008279800415,0.5020610094070435,0.48912641406059265
2,239,4.78,1.1627881526947021,0.03466341644525528,0.28996121883392334,0.059078335762023926,0.5002037286758423,0.48856115341186523,0.5020410418510437,0.48904311656951904
2,240,4.8,1.1620985269546509,0.035317543894052505,0.28894516825675964,0.05693840980529785,0.50018310546875,0.48871684074401855,0.5020173192024231,0.4889935255050659
2,241,4.82,1.1613954305648804,0.035966333001852036,0.2879484295845032,0.05489136278629303,0.5001664757728577,0.48889467120170593,0.5019901394844055,0.48897606134414673
2,242,4.84,1.1606788635253906,0.036608487367630005,0.2869727313518524,0.0529361255466938,0.5001540780067444,0.48909202218055725,0.5019600987434387,0.4889887273311615
2,243,4.86,1.159948468208313,0.03724309802055359,0.28601983189582825,0.05107088387012482,0.5001464486122131,0.48930624127388,0.5019279718399048,0.489029198884964
2,244,4.88,1.1592046022415161,0.03786909952759743,0.285091370344162,0.04929330199956894,0.5001441240310669,0.4895346462726593,0.5018946528434753,0.4890948235988617
2,245,4.9,1.158448338508606,0.03848576173186302,0.2841888666152954,0.047600578516721725,0.5001477003097534,0.4897748529911041,0.5018610954284668,0.4891829192638397
2,246,4.92,1.157678246498108,0.039092645049095154,0.28331366181373596,0.04598955810070038,0.50015789270401,0.4900246262550354,0.5018281936645508,0.48929089307785034
2,247,4.94,1.1568958759307861,0.03968927264213562,0.2824670970439911,0.04445679485797882,0.500174880027771,0.4902820587158203,0.5017967224121094,0.48941636085510254
2,248,4.96,1.1561006307601929,0.04027528315782547,0.28165048360824585,0.04299870878458023,0.5001988410949707,0.4905455708503723,0.5017670392990112,0.48955729603767395
2,249,4.98,1.1552934646606445,0.04085051268339157,0.2808648347854614,0.04161153733730316,0.50022953748703,0.49081385135650635,0.5017394423484802,0.4897121787071228
2,250,5.0,1.1544744968414307,0.04141467809677124,0.28011101484298706,0.04029156267642975,0.500266432762146,0.49108579754829407,0.5017138719558716,0.4898797869682312
2,251,5.0200000000000005,1.1536436080932617,0.041967686265707016,0.27939021587371826,0.03903505578637123,0.5003089904785156,0.4913603961467743,0.5016899108886719,0.4900592565536499
2,252,5.04,1.1528010368347168,0.04250926151871681,0.27870285511016846,0.03783836588263512,0.5003561973571777,0.491636723279953,0.5016672611236572,0.490249902009964
2,253,5.0600000000000005,1.151947021484375,0.043039318174123764,0.27804920077323914,0.03669802099466324,0.500407338142395,0.49191373586654663,0.5016453862190247,0.4904511272907257
2,254,5.08,1.1510822772979736,0.043557729572057724,0.2774304151535034,0.03561067953705788,0.5004616379737854,0.49219027161598206,0.5016239881515503,0.4906621277332306
2,255,5.1000000000000005,1.1502069234848022,0.04406435042619705,0.2768469452857971,0.03457312285900116,0.5005185604095459,0.492465078830719,0.501602828502655,0.49088194966316223
2,256,5.12,1.149321436882019,0.04455901309847832,0.27629876136779785,0.033582400530576706,0.5005778074264526,0.4927367568016052,0.5015819668769836,0.4911092519760132
2,257,5.14,1.1484260559082031,0.04504193738102913,0.27578580379486084,0.03263569623231888,0.5006392002105713,0.49300384521484375,0.5015615820884705,0.4913424253463745
2,258,5.16,1.147520899772644,0.04551314562559128,0.2753082513809204,0.03173048794269562,0.500702977180481,0.4932648837566376,0.5015421509742737,0.4915796220302582
2,259,5.18,1.1466063261032104,0.04597291722893715,0.27486589550971985,0.03086446225643158,0.5007692575454712,0.49351850152015686,0.5015242695808411,0.4918188452720642
2,260,5.2,1.1456823348999023,0.04642150551080704,0.2744586169719696,0.030035505071282387,0.5008383393287659,0.49376359581947327,0.5015085339546204,0.49205803871154785
2,261,5.22,1.1447482109069824,0.04685935750603676,0.2740858793258667,0.029241755604743958,0.5009104013442993,0.49399927258491516,0.501495361328125,0.49229544401168823
2,262,5.24,1.1438055038452148,0.047287020832300186,0.2737472653388977,0.0284816212952137,0.5009853839874268,0.4942248463630676,0.501485288143158,0.49252960085868835
2,263,5.26,1.1428557634353638,0.04770500212907791,0.27344217896461487,0.027753693982958794,0.5010631084442139,0.494439959526062,0.5014783143997192,0.4927594065666199
2,264,5.28,1.1418981552124023,0.048113785684108734,0.2731701135635376,0.02705688215792179,0.5011432766914368,0.49464452266693115,0.5014744400978088,0.49298420548439026
2,265,5.3,1.1409327983856201,0.04851389676332474,0.2729301154613495,0.02639022096991539,0.5012251138687134,0.4948385953903198,0.5014733076095581,0.493203729391098
2,266,5.32,1.139959454536438,0.04890577122569084,0.2727215588092804,0.025753013789653778,0.501308023929596,0.49502235651016235,0.5014744400978088,0.49341797828674316
2,267,5.34,1.138978362083435,0.04928981512784958,0.27254337072372437,0.02514469064772129,0.5013910531997681,0.4951959252357483,0.5014773607254028,0.4936271011829376
2,268,5.36,1.1379892826080322,0.049666546285152435,0.2723945081233978,0.02456488646566868,0.5014734268188477,0.4953593313694,0.5014815926551819,0.49383121728897095
2,269,5.38,1.1369929313659668,0.05003626272082329,0.2722742259502411,0.02401338890194893,0.5015544891357422,0.49551257491111755,0.501486599445343,0.49403026700019836
2,270,5.4,1.1359893083572388,0.050399214029312134,0.2721812129020691,0.02349005453288555,0.5016337633132935,0.49565544724464417,0.5014922618865967,0.49422407150268555
2,271,5.42,1.1349788904190063,0.050755925476551056,0.27211448550224304,0.022994933649897575,0.5017109513282776,0.49578770995140076,0.5014984607696533,0.49441200494766235
2,272,5.44,1.13396155834198,0.05110664665699005,0.2720726430416107,0.022528165951371193,0.5017860531806946,0.4959089756011963,0.5015053153038025,0.49459338188171387
2,273,5.46,1.1329374313354492,0.05145186930894852,0.2720545828342438,0.022089991718530655,0.5018592476844788,0.49601900577545166,0.5015132427215576,0.4947672188282013
2,274,5.48,1.1319066286087036,0.05179217457771301,0.27205899357795715,0.021680817008018494,0.5019307136535645,0.49611756205558777,0.5015224814414978,0.49493253231048584
2,275,5.5,1.1308693885803223,0.05212799459695816,0.2720845937728882,0.02130114659667015,0.5020005702972412,0.4962046146392822,0.5015335083007812,0.49508845806121826
2,276,5.5200000000000005,1.1298253536224365,0.052459973841905594,0.27213016152381897,0.020951637998223305,0.5020690560340881,0.4962802827358246,0.5015465617179871,0.49523428082466125
2,277,5.54,1.1287750005722046,0.05278870463371277,0.2721943259239197,0.020633071660995483,0.50213623046875,0.49634498357772827,0.50156170129776,0.49536964297294617
2,278,5.5600000000000005,1.127718210220337,0.053114574402570724,0.2722759246826172,0.02034636028110981,0.5022017955780029,0.49639931321144104,0.5015789866447449,0.4954945147037506
2,279,5.58,1.126655101776123,0.05343833938241005,0.2723735570907593,0.020092491060495377,0.5022653937339783,0.4964439570903778,0.501598060131073,0.49560925364494324
2,280,5.6000000000000005,1.1255847215652466,0.05376042053103447,0.2724860608577728,0.019872548058629036,0.5023266077041626,0.49647974967956543,0.501618504524231,0.495714396238327
2,281,5.62,1.124507188796997,0.05408111959695816,0.2726120054721832,0.019687646999955177,0.5023848414421082,0.49650752544403076,0.5016399025917053,0.49581077694892883
2,282,5.64,1.1234229803085327,0.05440086871385574,0.2727503478527069,0.01953887566924095,0.5024394392967224,0.4965280592441559,0.5016616582870483,0.4958992004394531
2,283,5.66,1.1223326921463013,0.054719749838113785,0.27289965748786926,0.01942724920809269,0.5024899244308472,0.4965420365333557,0.5016832947731018,0.4959804117679596
2,284,5.68,1.121235966682434,0.055038101971149445,0.2730589509010315,0.019353678449988365,0.502535879611969,0.49654996395111084,0.5017043948173523,0.4960549473762512
2,285,5.7,1.1201326847076416,0.05535607412457466,0.2732270359992981,0.019318904727697372,0.5025771856307983,0.4965522289276123,0.5017247200012207,0.49612322449684143
2,286,5.72,1.1190234422683716,0.055673908442258835,0.2734028100967407,0.019323447719216347,0.5026137232780457,0.496549129486084,0.5017442107200623,0.4961852729320526
2,287,5.74,1.1179075241088867,0.05599169060587883,0.2735850512981415,0.019367573782801628,0.5026456713676453,0.496540904045105,0.5017629265785217,0.4962410032749176
2,288,5.76,1.1167851686477661,0.056309640407562256,0.2737729251384735,0.01945127546787262,0.502673327922821,0.496527761220932,0.501781165599823,0.4962902367115021
2,289,5.78,1.1156566143035889,0.05662783607840538,0.2739654779434204,0.019574280828237534,0.5026970505714417,0.49650999903678894,0.5017991065979004,0.4963327646255493
2,290,5.8,1.1145216226577759,0.05694666877388954,0.274161696434021,0.019735975190997124,0.502717137336731,0.4964880049228668,0.5018169283866882,0.4963684380054474
2,291,5.82,1.113379955291748,0.05726621672511101,0.27436086535453796,0.019935430958867073,0.5027338862419128,0.4964623749256134,0.5018348693847656,0.49639731645584106
2,292,5.84,1.1122318506240845,0.057586800307035446,0.27456191182136536,0.020171433687210083,0.5027473568916321,0.49643370509147644,0.5018528699874878,0.496419757604599
2,293,5.86,1.1110774278640747,0.057908497750759125,0.27476441860198975,0.020442472770810127,0.5027575492858887,0.4964028000831604,0.5018707513809204,0.4964362680912018
2,294,5.88,1.1099162101745605,0.05823143944144249,0.27496740221977234,0.0207467470318079,0.5027643442153931,0.4963705241680145,0.5018883347511292,0.4964476227760315
2,295,5.9,1.1087487936019897,0.05855568125844002,0.2751704156398773,0.021082216873764992,0.5027673840522766,0.4963377118110657,0.5019052624702454,0.49645480513572693
2,296,5.92,1.1075745820999146,0.058881159871816635,0.27537259459495544,0.0214465893805027,0.502766489982605,0.4963051974773407,0.5019209384918213,0.4964587688446045
2,297,5.94,1.1063940525054932,0.05920770391821861,0.2755737900733948,0.02183741331100464,0.5027613043785095,0.49627360701560974,0.5019350647926331,0.49646052718162537
2,298,5.96,1.1052066087722778,0.05953510105609894,0.2757732570171356,0.022252041846513748,0.5027517080307007,0.49624356627464294,0.5019472241401672,0.496460884809494
2,299,5.98,1.1040127277374268,0.05986330658197403,0.2759709656238556,0.022687729448080063,0.5027375221252441,0.49621546268463135,0.5019571781158447,0.4964604377746582
2,300,6.0,1.1028120517730713,0.06019207835197449,0.2761658728122711,0.023141659796237946,0.5027189254760742,0.49618953466415405,0.5019649267196655,0.4964596927165985
2,301,6.0200000000000005,1.10160493850708,0.06052115187048912,0.2763582170009613,0.023610945791006088,0.5026960372924805,0.496165931224823,0.5019703507423401,0.4964587986469269
2,302,6.04,1.100390911102295,0.060850273817777634,0.27654752135276794,0.02409271150827408,0.5026693940162659,0.49614477157592773,0.5019738078117371,0.4964578449726105
2,303,6.0600000000000005,1.099170207977295,0.06117924302816391,0.2767336070537567,0.024584097787737846,0.5026392936706543,0.4961261451244354,0.501975417137146,0.4964567720890045
2,304,6.08,1.0979431867599487,0.0615079328417778,0.27691635489463806,0.025082267820835114,0.5026062726974487,0.49611011147499084,0.501975417137146,0.4964555501937866
2,305,6.1000000000000005,1.0967093706130981,0.06183616816997528,0.27709561586380005,0.025584500283002853,0.5025706887245178,0.4960969090461731,0.5019741654396057,0.496454119682312
2,306,6.12,1.0954691171646118,0.062163740396499634,0.27727124094963074,0.02608812041580677,0.5025328993797302,0.4960867762565613,0.5019716620445251,0.496452659368515
2,307,6.140000000000001,1.094222068786621,0.06249043717980385,0.27744346857070923,0.026590563356876373,0.502493143081665,0.49608010053634644,0.5019680261611938,0.4964514672756195
2,308,6.16,1.0929685831069946,0.06281612813472748,0.2776121199131012,0.027089374139904976,0.502451479434967,0.4960772395133972,0.5019632577896118,0.4964510202407837
2,309,6.18,1.0917084217071533,0.06314051151275635,0.27777722477912903,0.027582179754972458,0.502407968044281,0.4960786700248718,0.5019570589065552,0.4964519143104553
2,310,6.2,1.0904419422149658,0.06346338987350464,0.2779388427734375,0.028066758066415787,0.5023624897003174,0.4960847496986389,0.5019493103027344,0.4964548945426941
2,311,6.22,1.0891690254211426,0.06378436088562012,0.278097003698349,0.028540974482893944,0.5023149251937866,0.4960957467556,0.5019397139549255,0.49646055698394775
2,312,6.24,1.0878894329071045,0.06410310417413712,0.2782520651817322,0.02900281548500061,0.502265214920044,0.4961119294166565,0.5019279718399048,0.49646952748298645
2,313,6.26,1.0866036415100098,0.06441926956176758,0.27840399742126465,0.029450416564941406,0.5022132992744446,0.49613329768180847,0.5019140243530273,0.496482253074646
2,314,6.28,1.0853114128112793,0.06473255902528763,0.2785531282424927,0.029882028698921204,0.5021592974662781,0.4961599111557007,0.5018977522850037,0.4964989721775055
2,315,6.3,1.0840131044387817,0.06504230201244354,0.2786995768547058,0.03029603511095047,0.5021033883094788,0.49619150161743164,0.5018792748451233,0.4965198338031769
2,316,6.32,1.082708477973938,0.06534845381975174,0.27884358167648315,0.030690962448716164,0.5020460486412048,0.49622783064842224,0.5018587112426758,0.4965446889400482
2,317,6.34,1.0813980102539062,0.0656505674123764,0.27898529171943665,0.031065475195646286,0.5019874572753906,0.496268630027771,0.5018362998962402,0.4965733289718628
2,318,6.36,1.0800814628601074,0.06594832241535187,0.27912506461143494,0.03141838312149048,0.5019280910491943,0.4963136315345764,0.5018123388290405,0.49660542607307434
2,319,6.38,1.0787590742111206,0.06624161452054977,0.2792630195617676,0.03174862265586853,0.501868486404419,0.4963625371456146,0.5017871856689453,0.49664071202278137
2,320,6.4,1.0774308443069458,0.06653014570474625,0.279399573802948,0.032055288553237915,0.5018088817596436,0.4964151680469513,0.5017610788345337,0.4966789186000824
2,321,6.42,1.076096773147583,0.06681374460458755,0.2795349657535553,0.032337576150894165,0.5017496347427368,0.4964714050292969,0.5017342567443848,0.4967198967933655
2,322,6.44,1.0747573375701904,0.06709201633930206,0.2796693444252014,0.03259482979774475,0.5016908645629883,0.49653130769729614,0.5017066597938538,0.4967636466026306
2,323,6.46,1.073412299156189,0.06736505031585693,0.2798030376434326,0.032826513051986694,0.5016326308250427,0.49659478664398193,0.501678466796875,0.49681025743484497
2,324,6.48,1.0720617771148682,0.0676325336098671,0.27993640303611755,0.03303220123052597,0.5015749335289001,0.496661901473999,0.5016494393348694,0.49685999751091003
2,325,6.5,1.0707062482833862,0.06789407879114151,0.2800694704055786,0.033211566507816315,0.5015175938606262,0.496732622385025,0.5016194581985474,0.4969131052494049
2,326,6.5200000000000005,1.0693455934524536,0.06814968585968018,0.280202716588974,0.033364392817020416,0.5014606714248657,0.49680691957473755,0.5015884637832642,0.4969698190689087
2,327,6.54,1.0679796934127808,0.06839901208877563,0.28033626079559326,0.03349056467413902,0.5014039278030396,0.49688461422920227,0.5015562772750854,0.4970303773880005
2,328,6.5600000000000005,1.0666090250015259,0.06864191591739655,0.2804702818393707,0.033590059727430344,0.5013474822044373,0.4969654977321625,0.5015228390693665,0.4970947206020355
2,329,6.58,1.065233588218689,0.06887809932231903,0.2806052267551422,0.03366296738386154,0.5012913346290588,0.4970492422580719,0.501488208770752,0.497162789106369
2,330,6.6000000000000005,1.0638535022735596,0.06910745799541473,0.28074103593826294,0.03370944783091545,0.5012355446815491,0.4971354305744171,0.5014525055885315,0.4972343444824219
2,331,6.62,1.0624686479568481,0.06932969391345978,0.2808780074119568,0.03372977674007416,0.5011805295944214,0.4972235858440399,0.5014158487319946,0.49730896949768066
2,332,6.640000000000001,1.061079978942871,0.06954489648342133,0.2810163199901581,0.03372430056333542,0.5011264085769653,0.49731332063674927,0.5013786554336548,0.49738621711730957
2,333,6.66,1.0596866607666016,0.06975279748439789,0.281156063079834,0.03369342163205147,0.5010735988616943,0.49740421772003174,0.5013411045074463,0.4974655508995056
2,334,6.68,1.0582894086837769,0.06995361298322678,0.28129738569259644,0.033637624233961105,0.5010222792625427,0.49749594926834106,0.501303493976593,0.497546523809433
2,335,6.7,1.0568883419036865,0.07014702260494232,0.2814406454563141,0.03355748951435089,0.5009726881980896,0.49758824706077576,0.5012659430503845,0.49762871861457825
2,336,6.72,1.0554834604263306,0.07033348828554153,0.28158557415008545,0.03345361351966858,0.5009248852729797,0.4976809024810791,0.5012287497520447,0.4977118670940399
2,337,6.74,1.0540748834609985,0.07051253318786621,0.28173255920410156,0.033326663076877594,0.5008789300918579,0.49777382612228394,0.5011917948722839,0.49779582023620605
2,338,6.76,1.05266273021698,0.07068438827991486,0.2818814814090729,0.03317734971642494,0.5008348226547241,0.49786698818206787,0.5011551976203918,0.4978805482387543
2,339,6.78,1.0512471199035645,0.07084925472736359,0.28203243017196655,0.03300638496875763,0.5007923245429993,0.49796029925346375,0.5011187791824341,0.4979660212993622
2,340,6.8,1.0498287677764893,0.07100706547498703,0.2821856439113617,0.03281455859541893,0.5007513165473938,0.498053640127182,0.5010824799537659,0.4980523884296417
2,341,6.82,1.0484068393707275,0.07115749269723892,0.2823408246040344,0.03260267525911331,0.5007115602493286,0.49814698100090027,0.5010461211204529,0.4981396794319153
2,342,6.84,1.0469821691513062,0.07130110263824463,0.2824981212615967,0.03237154334783554,0.5006730556488037,0.4982401132583618,0.5010097026824951,0.49822792410850525
2,343,6.86,1.045554757118225,0.07143758237361908,0.28265753388404846,0.03212200850248337,0.5006356239318848,0.4983328878879547,0.5009730458259583,0.49831700325012207
2,344,6.88,1.044124722480774,0.07156693190336227,0.2828191816806793,0.03185494244098663,0.5005993247032166,0.4984249472618103,0.5009363293647766,0.49840670824050903
2,345,6.9,1.0426921844482422,0.07168920338153839,0.28298258781433105,0.031571224331855774,0.5005641579627991,0.4985160231590271,0.5008995532989502,0.49849674105644226
2,346,6.92,1.0412571430206299,0.07180473953485489,0.2831479609012604,0.03127172589302063,0.5005302429199219,0.4986058175563812,0.5008629560470581,0.49858665466308594
2,347,6.94,1.0398198366165161,0.07191334664821625,0.2833150327205658,0.030957408249378204,0.5004977583885193,0.4986940026283264,0.5008267164230347,0.498676061630249
2,348,6.96,1.038380742073059,0.07201535999774933,0.2834840416908264,0.030629150569438934,0.5004668831825256,0.49878036975860596,0.500791072845459,0.4987644851207733
2,349,6.98,1.036939024925232,0.07211073487997055,0.2836545705795288,0.030287882313132286,0.5004376769065857,0.49886471033096313,0.5007561445236206,0.49885156750679016
2,350,7.0,1.0354962348937988,0.0721999928355217,0.2838265597820282,0.029934503138065338,0.500410258769989,0.4989469349384308,0.5007221102714539,0.49893707036972046
2,351,7.0200000000000005,1.0340509414672852,0.07228301465511322,0.28399989008903503,0.0295699555426836,0.5003845691680908,0.4990270435810089,0.5006889700889587,0.4990207254886627
2,352,7.04,1.0326048135757446,0.07236029207706451,0.2841742932796478,0.02919512800872326,0.5003605484962463,0.4991050362586975,0.50065678358078,0.4991025924682617
2,353,7.0600000000000005,1.0311568975448608,0.07243150472640991,0.2843499481678009,0.028810949996113777,0.5003380179405212,0.49918100237846375,0.5006254315376282,0.4991826117038727
2,354,7.08,1.0297070741653442,0.07249721884727478,0.28452640771865845,0.02841826155781746,0.500316858291626,0.4992550015449524,0.5005947947502136,0.49926093220710754
2,355,7.1000000000000005,1.0282566547393799,0.07255767285823822,0.2847033441066742,0.028017966076731682,0.5002967119216919,0.4993270933628082,0.5005647540092468,0.49933770298957825
2,356,7.12,1.0268049240112305,0.07261262089014053,0.28488099575042725,0.027610894292593002,0.500277578830719,0.499397337436676,0.5005351901054382,0.49941298365592957
2,357,7.140000000000001,1.0253527164459229,0.07266251742839813,0.28505900502204895,0.02719789929687977,0.5002591609954834,0.499465674161911,0.5005060434341431,0.49948686361312866
2,358,7.16,1.023899793624878,0.07270728051662445,0.28523677587509155,0.02677982859313488,0.5002414584159851,0.4995320737361908,0.5004771947860718,0.49955931305885315
2,359,7.18,1.0224459171295166,0.07274705916643143,0.2854141592979431,0.026357509195804596,0.5002243518829346,0.4995964467525482,0.5004487037658691,0.49963024258613586
2,360,7.2,1.020991325378418,0.07278195768594742,0.2855912446975708,0.025931764394044876,0.5002079606056213,0.49965861439704895,0.5004206299781799,0.4996994137763977
2,361,7.22,1.0195362567901611,0.07281216233968735,0.2857678234577179,0.025503432378172874,0.5001922845840454,0.49971845746040344,0.5003930926322937,0.4997665584087372
2,362,7.24,1.018080234527588,0.07283784449100494,0.285943865776062,0.02507328800857067,0.5001775026321411,0.4997759163379669,0.5003662705421448,0.4998314380645752
2,363,7.26,1.016623616218567,0.0728590115904808,0.2861192226409912,0.02464216947555542,0.5001636147499084,0.4998309016227722,0.5003402829170227,0.49989384412765503
2,364,7.28,1.0151665210723877,0.07287614792585373,0.28629380464553833,0.024210842326283455,0.500150740146637,0.4998834431171417,0.500315248966217,0.49995356798171997
2,365,7.3,1.0137083530426025,0.07288945466279984,0.2864665687084198,0.02378006838262081,0.5001388788223267,0.4999336302280426,0.5002912878990173,0.50001060962677
2,366,7.32,1.0122501850128174,0.07289903610944748,0.28663796186447144,0.023350603878498077,0.5001280307769775,0.4999815821647644,0.500268280506134,0.5000649094581604
2,367,7.34,1.0107922554016113,0.07290507853031158,0.28680768609046936,0.022923169657588005,0.5001179575920105,0.5000274777412415,0.5002462863922119,0.5001166462898254
2,368,7.36,1.0093344449996948,0.07290781289339066,0.28697556257247925,0.02249847538769245,0.5001084804534912,0.5000715851783752,0.5002251267433167,0.5001659989356995
2,369,7.38,1.007875919342041,0.07290731370449066,0.28714117407798767,0.02207721583545208,0.5000995397567749,0.5001139640808105,0.5002046227455139,0.5002131462097168
2,370,7.4,1.0064177513122559,0.07290347665548325,0.28730469942092896,0.02166007086634636,0.5000908374786377,0.5001548528671265,0.5001846551895142,0.5002583265304565
2,371,7.42,1.0049599409103394,0.07289662957191467,0.2874658405780792,0.02124767005443573,0.50008225440979,0.5001943707466125,0.5001651048660278,0.500301718711853
2,372,7.44,1.003501534461975,0.07288701832294464,0.28762421011924744,0.020840652287006378,0.5000737309455872,0.500232458114624,0.5001458525657654,0.5003435015678406
2,373,7.46,1.002044677734375,0.07287446409463882,0.287779837846756,0.020439626649022102,0.5000651478767395,0.5002692341804504,0.5001268982887268,0.500383734703064
2,374,7.48,1.0005868673324585,0.07285908609628677,0.2879326343536377,0.020045192912220955,0.5000565052032471,0.500304639339447,0.5001082420349121,0.5004223585128784
2,375,7.5,0.9991300702095032,0.0728411003947258,0.28808245062828064,0.019657935947179794,0.5000479221343994,0.500338613986969,0.5000899434089661,0.5004593729972839
2,376,7.5200000000000005,0.997673511505127,0.07282041013240814,0.2882290482521057,0.019278371706604958,0.5000394582748413,0.5003711581230164,0.500072181224823,0.5004945993423462
2,377,7.54,0.9962172508239746,0.07279721647500992,0.2883724272251129,0.01890704780817032,0.5000312328338623,0.5004022717475891,0.5000549554824829,0.5005279779434204
2,378,7.5600000000000005,0.9947612881660461,0.07277192920446396,0.2885124087333679,0.018544422462582588,0.5000233054161072,0.5004318952560425,0.5000385046005249,0.5005592703819275
2,379,7.58,0.9933066368103027,0.07274416834115982,0.288648784160614,0.01819097250699997,0.5000157952308655,0.5004602074623108,0.5000227689743042,0.5005885362625122
2,380,7.6000000000000005,0.9918515682220459,0.07271452993154526,0.28878170251846313,0.017847079783678055,0.5000085830688477,0.5004872679710388,0.5000078082084656,0.5006158351898193
2,381,7.62,0.9903978109359741,0.07268274575471878,0.2889109253883362,0.017513124272227287,0.5000016689300537,0.5005133152008057,0.49999356269836426,0.5006411671638489
2,382,7.640000000000001,0.988944411277771,0.07264915853738785,0.28903624415397644,0.017189403995871544,0.4999949634075165,0.5005384683609009,0.49997997283935547,0.5006648302078247
2,383,7.66,0.9874920845031738,0.07261359691619873,0.28915780782699585,0.01687620021402836,0.499988317489624,0.5005629658699036,0.49996691942214966,0.5006870031356812
2,384,7.68,0.9860402941703796,0.07257643342018127,0.289275586605072,0.016573719680309296,0.4999815821647644,0.5005868673324585,0.4999542832374573,0.5007079243659973
2,385,7.7,0.9845888018608093,0.0725373700261116,0.28938955068588257,0.016282139346003532,0.49997469782829285,0.5006102919578552,0.4999419152736664,0.5007278919219971
2,386,7.72,0.9831385016441345,0.07249660789966583,0.2894993722438812,0.01600155048072338,0.4999675154685974,0.5006334185600281,0.4999297261238098,0.5007471442222595
2,387,7.74,0.9816893339157104,0.07245425879955292,0.2896054685115814,0.015731999650597572,0.4999600052833557,0.5006561279296875,0.4999176561832428,0.5007658004760742
2,388,7.76,0.9802407622337341,0.07241033762693405,0.2897075116634369,0.015473521314561367,0.49995219707489014,0.5006784796714783,0.49990567564964294,0.5007838606834412
2,389,7.78,0.9787929654121399,0.07236482948064804,0.28980553150177,0.015226081013679504,0.49994412064552307,0.5007004737854004,0.4998938739299774,0.5008012652397156
2,390,7.8,0.9773461222648621,0.07231761515140533,0.28989970684051514,0.014989611692726612,0.4999358355998993,0.5007219910621643,0.4998822808265686,0.5008180141448975
2,391,7.82,0.9758999943733215,0.07226872444152832,0.2899898290634155,0.014763987623155117,0.49992749094963074,0.50074303150177,0.49987098574638367,0.5008339285850525
2,392,7.84,0.9744550585746765,0.0722183957695961,0.2900761067867279,0.014549056999385357,0.49991917610168457,0.5007635354995728,0.49986007809638977,0.5008490085601807
2,393,7.86,0.9730114340782166,0.07216652482748032,0.29015859961509705,0.014344620518386364,0.49991098046302795,0.5007835030555725,0.4998496472835541,0.5008630752563477
2,394,7.88,0.9715688824653625,0.07211332768201828,0.2902371287345886,0.014150427654385567,0.49990296363830566,0.5008029937744141,0.49983975291252136,0.5008761286735535
2,395,7.9,0.9701274633407593,0.07205870002508163,0.29031190276145935,0.013966198079288006,0.4998950958251953,0.5008220076560974,0.49983036518096924,0.5008883476257324
2,396,7.92,0.9686871767044067,0.07200267910957336,0.29038283228874207,0.013791629113256931,0.4998873770236969,0.5008407831192017,0.4998214542865753,0.5008996725082397
2,397,7.94,0.9672476053237915,0.07194552570581436,0.29045024514198303,0.013626365922391415,0.49987977743148804,0.500859260559082,0.4998129606246948,0.5009104609489441
2,398,7.96,0.9658090472221375,0.07188708335161209,0.290513813495636,0.013470033183693886,0.4998721480369568,0.5008776783943176,0.4998047649860382,0.5009207725524902
2,399,7.98,0.9643718600273132,0.0718274861574173,0.29057398438453674,0.013322269544005394,0.4998644292354584,0.5008959770202637,0.4997967779636383,0.5009308457374573
2,400,8.0,0.962935745716095,0.07176660001277924,0.2906305193901062,0.013182696886360645,0.49985653162002563,0.5009142756462097,0.49978893995285034,0.5009407997131348
2,401,8.02,0.9615008234977722,0.07170473784208298,0.29068389534950256,0.013050923123955727,0.49984845519065857,0.500932514667511,0.4997811019420624,0.500950813293457
2,402,8.040000000000001,0.9600671529769897,0.07164140045642853,0.2907337546348572,0.012926586903631687,0.4998401403427124,0.5009506940841675,0.4997733235359192,0.5009608864784241
2,403,8.06,0.9586348533630371,0.07157687842845917,0.29078033566474915,0.01280933152884245,0.4998316466808319,0.5009687542915344,0.4997655749320984,0.5009709596633911
2,404,8.08,0.9572038650512695,0.07151132822036743,0.29082390666007996,0.012698809616267681,0.49982303380966187,0.5009865164756775,0.49975788593292236,0.5009810328483582
2,405,8.1,0.9557744860649109,0.07144433259963989,0.29086434841156006,0.012594734318554401,0.4998144209384918,0.5010039210319519,0.49975037574768066,0.5009908676147461
2,406,8.120000000000001,0.9543462991714478,0.07137618958950043,0.2909018099308014,0.01249678898602724,0.49980592727661133,0.5010209083557129,0.49974310398101807,0.5010004639625549
2,407,8.14,0.9529194235801697,0.07130695134401321,0.2909364700317383,0.012404723092913628,0.49979761242866516,0.5010373592376709,0.4997361898422241,0.5010096430778503
2,408,8.16,0.951494038105011,0.07123676687479019,0.2909683585166931,0.012318282388150692,0.49978959560394287,0.5010533332824707,0.49972960352897644,0.5010183453559875
2,409,8.18,0.9500699639320374,0.07116539031267166,0.2909976840019226,0.012237277813255787,0.49978190660476685,0.5010687112808228,0.4997234642505646,0.5010265111923218
2,410,8.2,0.948647141456604,0.07109303027391434,0.29102423787117004,0.012161514721810818,0.4997744858264923,0.5010835528373718,0.4997177720069885,0.5010342001914978
2,411,8.22,0.9472260475158691,0.07101966440677643,0.2910485565662384,0.012090859934687614,0.49976739287376404,0.5010980367660522,0.49971240758895874,0.5010414719581604
2,412,8.24,0.9458062052726746,0.07094543427228928,0.29107046127319336,0.012025183066725731,0.4997605085372925,0.5011119842529297,0.4997074007987976,0.5010484457015991
2,413,8.26,0.9443878531455994,0.07087031751871109,0.2910897731781006,0.011964386329054832,0.49975380301475525,0.5011255145072937,0.4997026324272156,0.5010551810264587
2,414,8.28,0.9429709911346436,0.07079430669546127,0.2911068797111511,0.011908414773643017,0.4997471868991852,0.5011386871337891,0.4996980130672455,0.5010617971420288
2,415,8.3,0.9415555000305176,0.07071752101182938,0.2911224365234375,0.011857221834361553,0.4997406303882599,0.501151442527771,0.49969348311424255,0.5010684132575989
2,416,8.32,0.9401415586471558,0.07064000517129898,0.2911357879638672,0.011810808442533016,0.499734103679657,0.50116366147995,0.4996890723705292,0.501075029373169
2,417,8.34,0.938729465007782,0.07056165486574173,0.2911472022533417,0.011769176460802555,0.49972763657569885,0.5011754631996155,0.4996846616268158,0.501081645488739
2,418,8.36,0.9373194575309753,0.07048255950212479,0.2911568582057953,0.011732378043234348,0.4997212290763855,0.5011865496635437,0.49968039989471436,0.5010881423950195
2,419,8.38,0.9359109997749329,0.07040243595838547,0.2911648452281952,0.011700470931828022,0.4997149705886841,0.5011968612670898,0.4996762275695801,0.501094400882721
2,420,8.4,0.9345040321350098,0.07032180577516556,0.291171133518219,0.011673497036099434,0.49970901012420654,0.5012063980102539,0.4996723234653473,0.5011003017425537
2,421,8.42,0.9330984950065613,0.07024039328098297,0.29117581248283386,0.011651524342596531,0.4997033476829529,0.5012149810791016,0.4996687173843384,0.5011057257652283
2,422,8.44,0.931694507598877,0.0701584443449974,0.2911791503429413,0.011634624563157558,0.49969810247421265,0.5012226104736328,0.49966543912887573,0.5011105537414551
2,423,8.46,0.9302921295166016,0.07007601112127304,0.29118114709854126,0.01162286102771759,0.49969327449798584,0.5012292265892029,0.4996625781059265,0.5011146664619446
2,424,8.48,0.9288913607597351,0.06999330967664719,0.2911817133426666,0.011616279371082783,0.4996889531612396,0.5012348890304565,0.49966010451316833,0.5011180639266968
2,425,8.5,0.927492082118988,0.06991003453731537,0.2911810278892517,0.011614921502768993,0.49968504905700684,0.501239538192749,0.4996580481529236,0.5011208057403564
2,426,8.52,0.9260942935943604,0.06982649117708206,0.29117923974990845,0.011618801392614841,0.4996815323829651,0.5012432932853699,0.4996563196182251,0.5011228322982788
2,427,8.540000000000001,0.9246989488601685,0.06974279880523682,0.2911764681339264,0.011627922765910625,0.499678373336792,0.5012461543083191,0.4996549189090729,0.501124382019043
2,428,8.56,0.9233052730560303,0.06965884566307068,0.2911723852157593,0.011642259545624256,0.4996755123138428,0.5012481212615967,0.49965372681617737,0.5011253952980042
2,429,8.58,0.9219130873680115,0.06957489252090454,0.29116740822792053,0.011661756783723831,0.4996728301048279,0.5012491941452026,0.4996527135372162,0.5011259913444519
2,430,8.6,0.9205226302146912,0.06949084252119064,0.29116159677505493,0.011686346493661404,0.4996703565120697,0.5012494325637817,0.49965184926986694,0.5011261105537415
2,431,8.620000000000001,0.9191334843635559,0.06940657645463943,0.2911549210548401,0.011715928092598915,0.49966806173324585,0.5012487769126892,0.4996510446071625,0.5011259317398071
2,432,8.64,0.9177461862564087,0.06932228058576584,0.2911472022533417,0.011750367470085621,0.49966591596603394,0.5012471675872803,0.49965038895606995,0.5011252760887146
2,433,8.66,0.9163602590560913,0.06923800706863403,0.29113879799842834,0.01178950909525156,0.49966397881507874,0.5012444853782654,0.49964985251426697,0.5011240839958191
2,434,8.68,0.9149762988090515,0.06915386766195297,0.2911296486854553,0.011833170428872108,0.4996623396873474,0.5012407302856445,0.4996495544910431,0.5011222958564758
2,435,8.700000000000001,0.9135944247245789,0.06906989216804504,0.29111990332603455,0.011881121434271336,0.49966105818748474,0.501235842704773,0.4996494948863983,0.5011197924613953
2,436,8.72,0.9122142195701599,0.06898608803749084,0.29110923409461975,0.011933130212128162,0.49966010451316833,0.5012297630310059,0.4996497631072998,0.5011163949966431
2,437,8.74,0.9108354449272156,0.0689026340842247,0.29109805822372437,0.011988920159637928,0.49965962767601013,0.501222550868988,0.49965038895606995,0.5011121034622192
2,438,8.76,0.9094582796096802,0.06881970912218094,0.2910864055156708,0.012048201635479927,0.49965962767601013,0.5012141466140747,0.49965137243270874,0.5011069178581238
2,439,8.78,0.9080825448036194,0.06873708218336105,0.29107382893562317,0.012110666371881962,0.49966001510620117,0.5012046098709106,0.4996527433395386,0.5011007189750671
2,440,8.8,0.9067083597183228,0.06865516304969788,0.29106077551841736,0.01217598095536232,0.499660849571228,0.5011940002441406,0.49965447187423706,0.5010936260223389
2,441,8.82,0.9053358435630798,0.0685737133026123,0.29104727506637573,0.012243789620697498,0.49966198205947876,0.501182496547699,0.4996564984321594,0.501085638999939
2,442,8.84,0.9039656519889832,0.06849302351474762,0.2910330891609192,0.012313742190599442,0.49966341257095337,0.5011699795722961,0.4996587634086609,0.501076877117157
2,443,8.86,0.9025968909263611,0.06841321289539337,0.29101863503456116,0.01238546334207058,0.4996650516986847,0.5011566281318665,0.4996611773967743,0.5010674595832825
2,444,8.88,0.9012296199798584,0.06833425909280777,0.29100337624549866,0.012458588927984238,0.49966689944267273,0.5011424422264099,0.49966374039649963,0.5010574460029602
2,445,8.9,0.8998638987541199,0.06825627386569977,0.2909877300262451,0.012532735243439674,0.49966883659362793,0.5011274218559265,0.49966639280319214,0.5010468363761902
2,446,8.92,0.8984995484352112,0.06817888468503952,0.290971577167511,0.012607528828084469,0.4996708929538727,0.5011115670204163,0.4996691346168518,0.5010356903076172
2,447,8.94,0.8971366882324219,0.06810247898101807,0.2909548580646515,0.012682588770985603,0.49967309832572937,0.5010948777198792,0.49967193603515625,0.5010240077972412
2,448,8.96,0.8957751989364624,0.0680270567536354,0.2909378111362457,0.012757550925016403,0.4996754825115204,0.5010773539543152,0.49967488646507263,0.5010116100311279
2,449,8.98,0.8944150805473328,0.06795252859592438,0.290920227766037,0.012832055799663067,0.4996780455112457,0.5010589361190796,0.49967801570892334,0.5009985566139221
2,450,9.0,0.8930568099021912,0.06787916272878647,0.29090210795402527,0.012905753217637539,0.49968084692955017,0.5010396242141724,0.49968135356903076,0.5009846687316895
2,451,9.02,0.8917003870010376,0.06780680269002914,0.2908836305141449,0.012978305108845234,0.4996839761734009,0.5010194778442383,0.4996849298477173,0.5009699463844299
2,452,9.040000000000001,0.8903450965881348,0.06773590296506882,0.2908644676208496,0.013049379922449589,0.49968740344047546,0.5009984970092773,0.4996888041496277,0.5009543895721436
2,453,9.06,0.8889912366867065,0.06766612827777863,0.2908448874950409,0.013118680566549301,0.4996911883354187,0.5009768009185791,0.4996929466724396,0.5009379386901855
2,454,9.08,0.8876388072967529,0.0675978735089302,0.29082489013671875,0.01318592019379139,0.4996952414512634,0.5009543895721436,0.49969735741615295,0.5009207725524902
2,455,9.1,0.8862877488136292,0.06753087788820267,0.29080426692962646,0.013250824995338917,0.49969953298568726,0.5009313821792603,0.49970197677612305,0.5009027719497681
2,456,9.120000000000001,0.8849380612373352,0.06746528297662735,0.290783166885376,0.013313133269548416,0.499703973531723,0.5009078979492188,0.49970680475234985,0.5008842349052429
2,457,9.14,0.883589506149292,0.067401222884655,0.29076170921325684,0.013372624292969704,0.49970853328704834,0.5008839964866638,0.49971169233322144,0.5008650422096252
2,458,9.16,0.8822420239448547,0.06733841449022293,0.29073968529701233,0.013429083861410618,0.4997131824493408,0.5008596777915955,0.4997166693210602,0.5008454918861389
2,459,9.18,0.8808956742286682,0.06727704405784607,0.29071715474128723,0.01348231453448534,0.4997178316116333,0.5008350610733032,0.4997216463088989,0.5008256435394287
2,460,9.200000000000001,0.8795508146286011,0.06721724569797516,0.29069405794143677,0.01353214867413044,0.4997224807739258,0.5008102059364319,0.49972662329673767,0.5008054375648499
2,461,9.22,0.8782070875167847,0.06715928018093109,0.2906704246997833,0.013578441925346851,0.49972712993621826,0.5007849931716919,0.4997316300868988,0.5007849335670471
2,462,9.24,0.8768643140792847,0.06710289418697357,0.29064637422561646,0.013621061109006405,0.4997318387031555,0.5007596015930176,0.49973663687705994,0.5007641315460205
2,463,9.26,0.8755225539207458,0.06704779714345932,0.290621817111969,0.013659901916980743,0.4997365474700928,0.5007339119911194,0.49974167346954346,0.50074303150177
2,464,9.28,0.8741821646690369,0.06699425727128983,0.2905968129634857,0.013694877736270428,0.4997413456439972,0.5007079839706421,0.49974679946899414,0.5007215738296509
2,465,9.3,0.8728429079055786,0.06694241613149643,0.29057130217552185,0.013725918717682362,0.4997462332248688,0.5006818175315857,0.4997519850730896,0.5006997585296631
2,466,9.32,0.8715044260025024,0.06689223647117615,0.2905450761318207,0.013752991333603859,0.4997512996196747,0.500655472278595,0.4997573494911194,0.5006774067878723
2,467,9.34,0.8701669573783875,0.06684359163045883,0.29051828384399414,0.013776058331131935,0.49975651502609253,0.5006290078163147,0.49976280331611633,0.5006546974182129
2,468,9.36,0.8688309788703918,0.0667966976761818,0.29049116373062134,0.01379512157291174,0.4997618496417999,0.5006024837493896,0.4997684359550476,0.5006316304206848
2,469,9.38,0.8674955368041992,0.06675160676240921,0.2904634177684784,0.01381019875407219,0.4997673034667969,0.5005759000778198,0.49977415800094604,0.5006082653999329
2,470,9.4,0.8661608695983887,0.06670810282230377,0.29043546319007874,0.013821310363709927,0.4997728168964386,0.5005494952201843,0.49977996945381165,0.5005846619606018
2,471,9.42,0.8648276925086975,0.06666615605354309,0.2904066741466522,0.013828511349856853,0.4997783899307251,0.5005231499671936,0.49978578090667725,0.5005609393119812
2,472,9.44,0.8634949326515198,0.0666259303689003,0.2903774678707123,0.013831867836415768,0.4997839331626892,0.5004971027374268,0.49979159235954285,0.5005372762680054
2,473,9.46,0.8621633052825928,0.06658735126256943,0.29034772515296936,0.013831459917128086,0.49978944659233093,0.500471293926239,0.49979737401008606,0.5005137324333191
2,474,9.48,0.8608315587043762,0.0665505975484848,0.29031720757484436,0.013827379792928696,0.4997948408126831,0.5004457831382751,0.4998030364513397,0.5004902482032776
2,475,9.5,0.8595002889633179,0.06651544570922852,0.2902866005897522,0.013819723390042782,0.4998001456260681,0.5004205703735352,0.4998086094856262,0.50046706199646
2,476,9.52,0.8581706285476685,0.06648186594247818,0.2902551591396332,0.01380860898643732,0.49980536103248596,0.5003957152366638,0.49981406331062317,0.5004439949989319
2,477,9.540000000000001,0.856840968132019,0.06644992530345917,0.2902236878871918,0.01379416324198246,0.49981048703193665,0.5003712177276611,0.49981945753097534,0.5004211664199829
2,478,9.56,0.8555126786231995,0.06641963124275208,0.2901918292045593,0.013776525855064392,0.49981558322906494,0.5003470182418823,0.49982476234436035,0.5003983974456787
2,479,9.58,0.8541845679283142,0.06639072299003601,0.2901594638824463,0.013755840249359608,0.49982064962387085,0.5003231763839722,0.499830037355423,0.5003758072853088
2,480,9.6,0.8528574705123901,0.0663633942604065,0.2901268005371094,0.013732250779867172,0.49982571601867676,0.5002996921539307,0.499835342168808,0.5003532767295837
2,481,9.620000000000001,0.8515300154685974,0.0663377121090889,0.2900935411453247,0.013705928809940815,0.49983084201812744,0.5002765655517578,0.4998406767845154,0.5003308653831482
2,482,9.64,0.8502035140991211,0.06631355732679367,0.29005974531173706,0.013677042908966541,0.4998359978199005,0.5002537965774536,0.49984613060951233,0.5003085732460022
2,483,9.66,0.8488771915435791,0.06629088521003723,0.29002586007118225,0.013645770959556103,0.49984118342399597,0.5002314448356628,0.4998515546321869,0.5002864003181458
2,484,9.68,0.8475520610809326,0.06626974046230316,0.2899920344352722,0.013612279668450356,0.4998464286327362,0.500209629535675,0.49985700845718384,0.5002645254135132
2,485,9.700000000000001,0.8462266325950623,0.06625015288591385,0.28995802998542786,0.013576765544712543,0.49985170364379883,0.5001883506774902,0.499862402677536,0.5002428889274597
2,486,9.72,0.8449019193649292,0.06623198091983795,0.28992292284965515,0.013539415784180164,0.4998569190502167,0.5001676678657532,0.4998677670955658,0.5002217292785645
2,487,9.74,0.8435770273208618,0.06621524691581726,0.2898874282836914,0.013500417582690716,0.49986204504966736,0.5001477003097534,0.49987298250198364,0.5002010464668274
2,488,9.76,0.8422532677650452,0.06619976460933685,0.2898516058921814,0.01345995906740427,0.4998670220375061,0.5001283288002014,0.49987807869911194,0.5001807808876038
2,489,9.78,0.8409296870231628,0.06618575751781464,0.2898157835006714,0.013418230228126049,0.4998718202114105,0.5001096129417419,0.4998829960823059,0.5001610517501831
2,490,9.8,0.8396056294441223,0.06617309153079987,0.28977981209754944,0.013375416398048401,0.4998764991760254,0.5000914931297302,0.49988770484924316,0.5001418590545654
2,491,9.82,0.8382825255393982,0.06616165488958359,0.2897435426712036,0.013331707566976547,0.4998810291290283,0.5000739693641663,0.49989232420921326,0.500123143196106
2,492,9.84,0.836959183216095,0.06615141034126282,0.28970715403556824,0.01328726951032877,0.4998854994773865,0.50005704164505,0.4998968243598938,0.5001049637794495
2,493,9.86,0.8356364965438843,0.06614235788583755,0.2896706461906433,0.013242306187748909,0.49988996982574463,0.500040590763092,0.4999012351036072,0.5000872611999512
2,494,9.88,0.8343135714530945,0.066134512424469,0.28963419795036316,0.013196988962590694,0.4998944103717804,0.500024676322937,0.49990564584732056,0.5000700354576111
2,495,9.9,0.8329906463623047,0.06612765789031982,0.28959858417510986,0.01315149012953043,0.49989885091781616,0.500009298324585,0.49991002678871155,0.5000532269477844
2,496,9.92,0.8316686749458313,0.06612201035022736,0.28956279158592224,0.013105989433825016,0.4999034106731415,0.49999451637268066,0.4999144375324249,0.5000368356704712
2,497,9.94,0.8303461670875549,0.06611742824316025,0.2895267903804779,0.013060660101473331,0.4999080002307892,0.4999803304672241,0.4999188184738159,0.5000208616256714
2,498,9.96,0.8290234208106995,0.06611382961273193,0.2894904613494873,0.01301567442715168,0.4999125897884369,0.4999668002128601,0.4999232292175293,0.5000054240226746
2,499,9.98,0.8277016878128052,0.06611127406358719,0.28945401310920715,0.012971186079084873,0.49991708993911743,0.49995389580726624,0.4999275803565979,0.49999043345451355
2,500,10.0,0.8263792991638184,0.06610970944166183,0.2894183099269867,0.012927351519465446,0.4999214708805084,0.4999416768550873,0.49993178248405457,0.49997591972351074
2,501,10.02,0.8250568509101868,0.06610917299985886,0.2893826961517334,0.012884319759905338,0.4999257028102875,0.49993014335632324,0.4999358654022217,0.4999619424343109
2,502,10.040000000000001,0.8237348198890686,0.06610933691263199,0.2893470227718353,0.012842230498790741,0.49992984533309937,0.4999192953109741,0.4999397397041321,0.499948650598526
2,503,10.06,0.8224127888679504,0.06611035019159317,0.2893112897872925,0.0128012141212821,0.49993380904197693,0.49990904331207275,0.49994343519210815,0.49993598461151123
2,504,10.08,0.8210905194282532,0.06611228734254837,0.2892763018608093,0.012761401943862438,0.49993762373924255,0.49989938735961914,0.4999469816684723,0.49992403388023376
2,505,10.1,0.8197676539421082,0.06611498445272446,0.2892414927482605,0.012722907587885857,0.49994131922721863,0.4998902678489685,0.4999504089355469,0.49991273880004883
2,506,10.120000000000001,0.8184458613395691,0.06611838936805725,0.28920653462409973,0.012685852125287056,0.4999449849128723,0.49988165497779846,0.4999537169933319,0.49990203976631165
2,507,10.14,0.8171238303184509,0.06612233072519302,0.28917232155799866,0.012650336138904095,0.4999485909938812,0.4998735189437866,0.49995696544647217,0.49989190697669983
2,508,10.16,0.8158008456230164,0.0661269873380661,0.2891385555267334,0.01261646207422018,0.4999522566795349,0.4998658299446106,0.49996018409729004,0.4998822510242462
2,509,10.18,0.8144779205322266,0.0661323070526123,0.2891043722629547,0.012584318406879902,0.4999559223651886,0.499858558177948,0.4999634027481079,0.49987298250198364
2,510,10.200000000000001,0.8131559491157532,0.06613823026418686,0.28907155990600586,0.012553990818560123,0.4999596178531647,0.49985170364379883,0.4999665915966034,0.49986404180526733
2,511,10.22,0.8118329048156738,0.06614480912685394,0.2890385389328003,0.012525556609034538,0.49996331334114075,0.4998452961444855,0.49996984004974365,0.4998554587364197
2,512,10.24,0.8105098009109497,0.06615187972784042,0.28900599479675293,0.012499080039560795,0.4999670386314392,0.49983930587768555,0.4999730587005615,0.49984726309776306
2,513,10.26,0.8091861009597778,0.06615956127643585,0.28897416591644287,0.012474626302719116,0.4999706745147705,0.4998337924480438,0.4999762177467346,0.4998394250869751
2,514,10.28,0.8078634142875671,0.06616776436567307,0.2889425456523895,0.012452241033315659,0.4999743103981018,0.4998287260532379,0.49997931718826294,0.4998320937156677
2,515,10.3,0.8065403699874878,0.06617652624845505,0.2889116406440735,0.012431987561285496,0.49997779726982117,0.4998241364955902,0.4999823272228241,0.49982529878616333
2,516,10.32,0.8052162528038025,0.06618571281433105,0.28888118267059326,0.012413889169692993,0.499981164932251,0.4998199939727783,0.4999851882457733,0.4998190402984619
2,517,10.34,0.8038920164108276,0.06619525700807571,0.28885120153427124,0.012397983111441135,0.4999844431877136,0.49981629848480225,0.4999879002571106,0.499813437461853
2,518,10.36,0.802568256855011,0.06620524823665619,0.2888219654560089,0.012384290806949139,0.49998754262924194,0.4998129904270172,0.4999904930591583,0.49980834126472473
2,519,10.38,0.8012444376945496,0.06621571630239487,0.2887928783893585,0.01237281784415245,0.4999905824661255,0.49981003999710083,0.4999929666519165,0.4998037815093994
2,520,10.4,0.7999200820922852,0.06622621417045593,0.2887651026248932,0.012363577261567116,0.4999935030937195,0.4998073875904083,0.49999529123306274,0.4997996389865875
2,521,10.42,0.7985948324203491,0.06623723357915878,0.288737416267395,0.012356562539935112,0.4999963641166687,0.4998050034046173,0.4999975562095642,0.49979591369628906
2,522,10.44,0.7972697615623474,0.06624839454889297,0.28871023654937744,0.012351764366030693,0.49999919533729553,0.4998028576374054,0.4999998211860657,0.4997924566268921
2,523,10.46,0.7959450483322144,0.06625998020172119,0.28868409991264343,0.012349175289273262,0.5000020265579224,0.4998008608818054,0.5000020861625671,0.4997892677783966
2,524,10.48,0.7946200370788574,0.0662718340754509,0.28865817189216614,0.012348774820566177,0.5000048875808716,0.49979907274246216,0.5000042915344238,0.49978628754615784
2,525,10.5,0.7932943105697632,0.0662839412689209,0.28863370418548584,0.012350530363619328,0.5000077486038208,0.4997974932193756,0.5000065565109253,0.4997834861278534
2,526,10.52,0.7919681668281555,0.06629616767168045,0.28860896825790405,0.012354416772723198,0.50001060962677,0.499796062707901,0.5000088214874268,0.49978089332580566
2,527,10.540000000000001,0.7906418442726135,0.06630870699882507,0.28858521580696106,0.012360401451587677,0.5000134706497192,0.4997948706150055,0.500011146068573,0.49977850914001465
2,528,10.56,0.7893159985542297,0.06632157415151596,0.28856226801872253,0.012368433177471161,0.5000162720680237,0.4997938573360443,0.5000134110450745,0.4997764229774475
2,529,10.58,0.7879897952079773,0.06633476167917252,0.28853970766067505,0.01237846352159977,0.5000190138816833,0.499793142080307,0.5000155568122864,0.499774694442749
2,530,10.6,0.7866626381874084,0.0663481056690216,0.28851860761642456,0.012390443123877048,0.5000216364860535,0.49979260563850403,0.5000175833702087,0.4997732937335968
2,531,10.620000000000001,0.7853351831436157,0.06636141985654831,0.2884976863861084,0.012404311448335648,0.500024139881134,0.49979227781295776,0.5000195503234863,0.49977225065231323
2,532,10.64,0.7840075492858887,0.06637490540742874,0.28847751021385193,0.01241999864578247,0.5000264644622803,0.4997921586036682,0.5000213980674744,0.49977150559425354
2,533,10.66,0.7826805710792542,0.06638862937688828,0.2884577810764313,0.012437435798346996,0.500028669834137,0.4997921586036682,0.5000231862068176,0.4997710585594177
2,534,10.68,0.7813527584075928,0.06640233099460602,0.28843843936920166,0.012456557713449001,0.5000307559967041,0.4997922480106354,0.5000248551368713,0.4997708797454834
2,535,10.700000000000001,0.7800243496894836,0.06641630083322525,0.28842052817344666,0.012477281503379345,0.5000328421592712,0.4997924566268921,0.5000264048576355,0.4997709393501282
2,536,10.72,0.7786957621574402,0.06643034517765045,0.28840285539627075,0.012499529868364334,0.5000348091125488,0.4997927248477936,0.5000279545783997,0.4997711181640625
2,537,10.74,0.7773665189743042,0.06644433736801147,0.28838616609573364,0.012523222714662552,0.5000367760658264,0.49979299306869507,0.500029444694519,0.4997714161872864
2,538,10.76,0.7760382294654846,0.06645849347114563,0.2883703410625458,0.012548270635306835,0.500038743019104,0.49979332089424133,0.5000309348106384,0.49977177381515503
2,539,10.78,0.7747087478637695,0.06647265702486038,0.2883547246456146,0.012574595399200916,0.5000406503677368,0.49979367852211,0.5000324249267578,0.4997721314430237
2,540,10.8,0.773379385471344,0.06648709625005722,0.28834056854248047,0.012602110393345356,0.5000425577163696,0.49979400634765625,0.500033974647522,0.4997725486755371
2,541,10.82,0.7720489501953125,0.06650149077177048,0.28832679986953735,0.012630720622837543,0.5000444054603577,0.4997943639755249,0.5000355839729309,0.4997729957103729
2,542,10.84,0.770718514919281,0.06651584804058075,0.2883128523826599,0.012660338543355465,0.5000461935997009,0.49979478120803833,0.5000371336936951,0.49977347254753113
2,543,10.86,0.7693884968757629,0.06653047353029251,0.2883003056049347,0.01269087940454483,0.5000479817390442,0.49979522824287415,0.500038743019104,0.4997740685939789
2,544,10.88,0.7680579423904419,0.06654498726129532,0.2882879674434662,0.012722242623567581,0.5000497698783875,0.49979573488235474,0.5000401735305786,0.49977484345436096
2,545,10.9,0.766727089881897,0.06655959039926529,0.2882762551307678,0.012754346244037151,0.5000513792037964,0.4997963607311249,0.5000416040420532,0.49977579712867737
2,546,10.92,0.7653953433036804,0.0665743425488472,0.28826579451560974,0.012787089683115482,0.5000529289245605,0.4997970759868622,0.5000428557395935,0.4997769594192505
2,547,10.94,0.7640633583068848,0.06658897548913956,0.28825557231903076,0.01282038725912571,0.5000542998313904,0.49979788064956665,0.5000439882278442,0.49977827072143555
2,548,10.96,0.7627317309379578,0.06660346686840057,0.2882460653781891,0.01285414770245552,0.5000554919242859,0.4997987449169159,0.5000450611114502,0.49977967143058777
2,549,10.98,0.761400043964386,0.0666179433465004,0.2882375419139862,0.01288827694952488,0.5000565648078918,0.49979957938194275,0.5000460147857666,0.49978119134902954
2,550,11.0,0.7600672245025635,0.066632479429245,0.288228839635849,0.01292268093675375,0.500057578086853,0.4998004138469696,0.5000469088554382,0.4997827410697937
2,551,11.02,0.7587343454360962,0.06664711982011795,0.2882205843925476,0.01295727863907814,0.5000585913658142,0.4998012185096741,0.5000478029251099,0.49978429079055786
2,552,11.040000000000001,0.7574005722999573,0.06666184216737747,0.2882137596607208,0.012991981580853462,0.5000594854354858,0.4998019337654114,0.5000486969947815,0.49978581070899963
2,553,11.06,0.7560678720474243,0.06667616218328476,0.28820717334747314,0.01302670780569315,0.5000603795051575,0.4998025894165039,0.5000496506690979,0.499787300825119
2,554,11.08,0.7547343373298645,0.06669064611196518,0.288200706243515,0.013061375357210636,0.5000613331794739,0.49980324506759644,0.5000505447387695,0.49978873133659363
2,555,11.1,0.7534003257751465,0.06670510768890381,0.28819531202316284,0.013095896691083908,0.5000621676445007,0.4998038411140442,0.5000514984130859,0.49979010224342346
2,556,11.120000000000001,0.7520660758018494,0.06671964377164841,0.28819024562835693,0.013130206614732742,0.5000630617141724,0.49980443716049194,0.5000524520874023,0.4997914731502533
2,557,11.14,0.7507306933403015,0.0667342022061348,0.2881854176521301,0.01316422875970602,0.5000638961791992,0.4998050928115845,0.5000534057617188,0.4997928738594055
2,558,11.16,0.7493966817855835,0.06674862653017044,0.28818145394325256,0.013197884894907475,0.5000646114349365,0.4998057782649994,0.5000542998313904,0.49979427456855774
2,559,11.18,0.7480615377426147,0.06676311790943146,0.2881779074668884,0.01323111355304718,0.500065267086029,0.49980655312538147,0.5000550746917725,0.49979573488235474
2,560,11.200000000000001,0.7467262744903564,0.06677749007940292,0.2881746292114258,0.013263847678899765,0.500065803527832,0.49980735778808594,0.500055730342865,0.4997972846031189
2,561,11.22,0.7453901767730713,0.066791832447052,0.28817152976989746,0.013296013697981834,0.5000662207603455,0.49980825185775757,0.5000563263893127,0.4997989237308502
2,562,11.24,0.744053840637207,0.06680621206760406,0.2881695330142975,0.013327562250196934,0.5000664591789246,0.4998091459274292,0.5000568628311157,0.49980059266090393
2,563,11.26,0.7427180409431458,0.0668204128742218,0.2881677746772766,0.013358431868255138,0.5000666379928589,0.4998100996017456,0.5000572800636292,0.4998023808002472
2,564,11.28,0.7413816452026367,0.06683465838432312,0.2881661355495453,0.013388571329414845,0.5000667572021484,0.4998110234737396,0.5000576376914978,0.4998042583465576
2,565,11.3,0.740044891834259,0.06684880703687668,0.2881647050380707,0.013417927548289299,0.5000667572021484,0.49981197714805603,0.5000578761100769,0.49980610609054565
2,566,11.32,0.7387071847915649,0.06686298549175262,0.28816452622413635,0.013446446508169174,0.5000667572021484,0.49981290102005005,0.5000581741333008,0.4998079538345337
2,567,11.34,0.737369954586029,0.06687705218791962,0.28816407918930054,0.013474092818796635,0.5000666975975037,0.4998137950897217,0.5000584125518799,0.49980980157852173
2,568,11.36,0.7360323667526245,0.06689102947711945,0.28816381096839905,0.013500827364623547,0.5000666379928589,0.4998146593570709,0.5000587105751038,0.4998115599155426
2,569,11.38,0.7346947193145752,0.06690489500761032,0.28816407918930054,0.013526611030101776,0.5000665783882141,0.49981555342674255,0.5000589489936829,0.4998132586479187
2,570,11.4,0.7333561778068542,0.06691857427358627,0.2881650924682617,0.013551413081586361,0.5000665187835693,0.4998164772987366,0.500059187412262,0.49981486797332764
2,571,11.42,0.7320172786712646,0.06693234294652939,0.2881661057472229,0.013575203716754913,0.5000663995742798,0.4998174011707306,0.5000594854354858,0.4998164772987366
2,572,11.44,0.7306786775588989,0.06694608926773071,0.2881670296192169,0.01359795406460762,0.5000662803649902,0.4998183846473694,0.5000597238540649,0.4998181164264679
2,573,11.46,0.7293397784233093,0.06695961207151413,0.2881685197353363,0.013619641773402691,0.5000660419464111,0.49981945753097534,0.5000598430633545,0.49981972575187683
2,574,11.48,0.728000819683075,0.06697317957878113,0.2881706953048706,0.01364024356007576,0.5000656843185425,0.4998205602169037,0.500059962272644,0.49982142448425293
2,575,11.5,0.7266606688499451,0.066986583173275,0.2881729304790497,0.013659747317433357,0.5000653266906738,0.4998217821121216,0.500059962272644,0.4998232424259186
2,576,11.52,0.7253206372261047,0.06699997931718826,0.2881750464439392,0.013678139075636864,0.5000648498535156,0.49982312321662903,0.5000599026679993,0.499825119972229
2,577,11.540000000000001,0.7239807844161987,0.06701312214136124,0.2881772518157959,0.013695403933525085,0.5000642538070679,0.4998244643211365,0.5000597238540649,0.4998270571231842
2,578,11.56,0.7226406931877136,0.06702616810798645,0.2881806194782257,0.013711533509194851,0.5000635981559753,0.4998258650302887,0.5000594854354858,0.49982911348342896
2,579,11.58,0.7212998270988464,0.06703907996416092,0.2881838083267212,0.013726522214710712,0.500062882900238,0.4998273253440857,0.5000592470169067,0.4998311698436737
2,580,11.6,0.7199585437774658,0.06705184280872345,0.28818708658218384,0.013740369118750095,0.5000621676445007,0.4998288154602051,0.5000589489936829,0.49983325600624084
2,581,11.620000000000001,0.7186175584793091,0.06706445664167404,0.28819000720977783,0.013753076083958149,0.5000613927841187,0.49983033537864685,0.5000585913658142,0.499835342168808
2,582,11.64,0.7172763347625732,0.06707695871591568,0.288193941116333,0.013764644041657448,0.5000606775283813,0.4998318552970886,0.5000582337379456,0.49983736872673035
2,583,11.66,0.7159350514411926,0.06708938628435135,0.2881981432437897,0.013775083236396313,0.5000599026679993,0.49983343482017517,0.5000578761100769,0.4998393654823303
2,584,11.68,0.7145925164222717,0.06710172444581985,0.2882021963596344,0.013784402050077915,0.500059187412262,0.4998350441455841,0.5000575184822083,0.4998413622379303
2,585,11.700000000000001,0.7132502198219299,0.06711391359567642,0.2882062792778015,0.013792612589895725,0.5000584125518799,0.4998367428779602,0.5000571608543396,0.4998433291912079
2,586,11.72,0.7119081616401672,0.06712595373392105,0.2882100045681,0.013799721375107765,0.5000576376914978,0.4998384714126587,0.500056803226471,0.4998452961444855
2,587,11.74,0.7105656862258911,0.06713784486055374,0.2882150411605835,0.013805749826133251,0.500056803226471,0.49984028935432434,0.5000563859939575,0.49984729290008545
2,588,11.76,0.709222674369812,0.06714950501918793,0.28822001814842224,0.013810711912810802,0.5000559091567993,0.49984216690063477,0.5000559091567993,0.499849408864975
2,589,11.78,0.7078790068626404,0.06716112047433853,0.2882247269153595,0.013814633712172508,0.5000550150871277,0.49984419345855713,0.5000553727149963,0.49985161423683167
2,590,11.8,0.7065362930297852,0.06717263907194138,0.28822943568229675,0.013817527331411839,0.500054121017456,0.49984627962112427,0.5000547766685486,0.4998539090156555
2,591,11.82,0.7051926255226135,0.0671839788556099,0.2882339060306549,0.013819416984915733,0.5000531077384949,0.4998484253883362,0.500054121017456,0.49985629320144653
2,592,11.84,0.7038490176200867,0.06719517707824707,0.2882394790649414,0.01382033247500658,0.5000520348548889,0.49985063076019287,0.500053346157074,0.4998587369918823
2,593,11.86,0.7025043368339539,0.06720611453056335,0.28824514150619507,0.013820290565490723,0.500050961971283,0.4998529553413391,0.5000525712966919,0.4998611807823181
2,594,11.88,0.7011604309082031,0.06721683591604233,0.28825050592422485,0.013819324783980846,0.5000498294830322,0.49985527992248535,0.5000517964363098,0.4998636841773987
2,595,11.9,0.6998163461685181,0.06722737103700638,0.2882557511329651,0.013817453756928444,0.5000487565994263,0.49985769391059875,0.500050961971283,0.49986618757247925
2,596,11.92,0.6984714269638062,0.06723771244287491,0.28826093673706055,0.013814719393849373,0.5000476241111755,0.49986010789871216,0.5000501275062561,0.4998687505722046
2,597,11.94,0.6971265077590942,0.0672479197382927,0.28826645016670227,0.013811135664582253,0.5000465512275696,0.49986255168914795,0.5000492930412292,0.49987122416496277
2,598,11.96,0.6957813501358032,0.06725776195526123,0.28827258944511414,0.013806748203933239,0.5000454187393188,0.49986502528190613,0.5000484585762024,0.49987369775772095
2,599,11.98,0.6944364905357361,0.06726755946874619,0.2882786691188812,0.013801582157611847,0.5000443458557129,0.4998675286769867,0.5000476837158203,0.4998761713504791
2,600,12.0,0.6930909156799316,0.06727713346481323,0.28828439116477966,0.013795672915875912,0.5000433325767517,0.49987009167671204,0.5000468492507935,0.4998786747455597
2,601,12.02,0.6917446851730347,0.06728635728359222,0.2882900834083557,0.013789053075015545,0.5000423192977905,0.49987274408340454,0.5000460147857666,0.4998812675476074
2,602,12.040000000000001,0.6903995871543884,0.06729546189308167,0.28829559683799744,0.013781760819256306,0.5000413060188293,0.4998754560947418,0.5000451803207397,0.49988389015197754
2,603,12.06,0.6890534162521362,0.06730452924966812,0.2883014678955078,0.013773828744888306,0.5000402331352234,0.4998782277107239,0.5000442266464233,0.49988651275634766
2,604,12.08,0.687707245349884,0.06731323152780533,0.2883080542087555,0.013765286654233932,0.5000391006469727,0.4998810887336731,0.5000432729721069,0.49988919496536255
2,605,12.1,0.6863604187965393,0.06732182204723358,0.2883144021034241,0.013756169937551022,0.5000379681587219,0.4998839795589447,0.5000423192977905,0.4998919367790222
2,606,12.120000000000001,0.6850142478942871,0.06733020395040512,0.28832054138183594,0.013746514916419983,0.5000368356704712,0.49988695979118347,0.5000413060188293,0.49989479780197144
2,607,12.14,0.6836680769920349,0.06733834743499756,0.2883266806602478,0.013736353255808353,0.5000357031822205,0.499889999628067,0.5000402927398682,0.49989771842956543
2,608,12.16,0.6823205947875977,0.0673462301492691,0.288332462310791,0.013725725933909416,0.500034511089325,0.49989309906959534,0.5000391602516174,0.4999006986618042
2,609,12.18,0.6809736490249634,0.06735396385192871,0.28833815455436707,0.013714663684368134,0.5000332593917847,0.49989619851112366,0.5000380873680115,0.4999036490917206
2,610,12.200000000000001,0.6796267628669739,0.06736130267381668,0.28834426403045654,0.013703196309506893,0.5000320672988892,0.499899297952652,0.5000369548797607,0.49990659952163696
2,611,12.22,0.6782792806625366,0.06736839562654495,0.2883509397506714,0.013691366650164127,0.5000308752059937,0.4999023675918579,0.50003582239151,0.49990952014923096
2,612,12.24,0.6769319176673889,0.06737542152404785,0.28835761547088623,0.013679197058081627,0.5000297427177429,0.49990546703338623,0.5000346899032593,0.49991244077682495
2,613,12.26,0.6755841374397278,0.06738205254077911,0.2883639931678772,0.013666726648807526,0.5000287294387817,0.49990856647491455,0.5000336170196533,0.49991536140441895
2,614,12.280000000000001,0.6742367744445801,0.06738847494125366,0.2883703112602234,0.013653991743922234,0.5000277161598206,0.49991166591644287,0.5000326037406921,0.4999183118343353
2,615,12.3,0.6728887557983398,0.06739477068185806,0.28837651014328003,0.01364102028310299,0.5000267028808594,0.49991482496261597,0.500031590461731,0.4999212622642517
2,616,12.32,0.671540379524231,0.06740083545446396,0.2883824110031128,0.01362784393131733,0.500025749206543,0.49991798400878906,0.5000305771827698,0.4999242126941681
2,617,12.34,0.670193076133728,0.067406564950943,0.28838837146759033,0.013614499010145664,0.5000247359275818,0.49992117285728455,0.5000295639038086,0.4999271333217621
2,618,12.36,0.66884446144104,0.0674121081829071,0.2883939743041992,0.01360100694000721,0.5000236630439758,0.4999244213104248,0.5000284910202026,0.4999300241470337
2,619,12.38,0.6674957871437073,0.06741755455732346,0.28839990496635437,0.013587404042482376,0.5000225901603699,0.4999276399612427,0.5000274181365967,0.4999328851699829
2,620,12.4,0.6661480665206909,0.0674227848649025,0.28840669989585876,0.013573715463280678,0.5000215172767639,0.49993088841438293,0.500026285648346,0.4999357759952545
2,621,12.42,0.6647993326187134,0.06742767244577408,0.2884133458137512,0.013559977523982525,0.500020444393158,0.4999341070652008,0.5000251531600952,0.4999387264251709
2,622,12.44,0.6634505987167358,0.06743233650922775,0.2884199023246765,0.013546200469136238,0.5000194311141968,0.49993735551834106,0.5000240206718445,0.49994179606437683
2,623,12.46,0.6621019244194031,0.06743669509887695,0.2884262800216675,0.013532419688999653,0.5000184774398804,0.4999406039714813,0.5000229477882385,0.4999449551105499
2,624,12.48,0.6607531905174255,0.06744084507226944,0.28843262791633606,0.01351865753531456,0.5000174641609192,0.4999438524246216,0.5000218152999878,0.4999481439590454
2,625,12.5,0.659404456615448,0.0674448311328888,0.28843867778778076,0.013504941947758198,0.5000165104866028,0.49994713068008423,0.5000207424163818,0.4999513030052185
2,626,12.52,0.6580550670623779,0.06744853407144547,0.2884448170661926,0.013491292484104633,0.5000155568122864,0.4999504089355469,0.5000196695327759,0.4999544024467468
2,627,12.540000000000001,0.6567063331604004,0.06745186448097229,0.28845059871673584,0.013477735221385956,0.50001460313797,0.4999536871910095,0.5000185966491699,0.499957412481308
2,628,12.56,0.6553577184677124,0.06745510548353195,0.288456529378891,0.013464286923408508,0.5000135898590088,0.4999569356441498,0.500017523765564,0.4999603033065796
2,629,12.58,0.6540077328681946,0.06745803356170654,0.2884620428085327,0.013450976461172104,0.5000126361846924,0.49996012449264526,0.5000163912773132,0.49996310472488403
2,630,12.6,0.6526590585708618,0.0674607902765274,0.28846779465675354,0.013437817804515362,0.500011682510376,0.49996328353881836,0.5000153183937073,0.4999658465385437
2,631,12.620000000000001,0.6513100266456604,0.06746335327625275,0.28847309947013855,0.013424834236502647,0.5000107288360596,0.4999663531780243,0.5000142455101013,0.4999685287475586
2,632,12.64,0.6499599814414978,0.06746567040681839,0.2884785830974579,0.01341203786432743,0.5000098943710327,0.4999693036079407,0.5000131726264954,0.49997130036354065
2,633,12.66,0.6486111879348755,0.06746768951416016,0.28848370909690857,0.013399450108408928,0.5000090003013611,0.4999721944332123,0.500012218952179,0.4999740421772003
2,634,12.68,0.647261917591095,0.06746964901685715,0.2884890139102936,0.013387083075940609,0.5000082850456238,0.4999750554561615,0.5000112056732178,0.4999768137931824
2,635,12.700000000000001,0.6459118723869324,0.06747139245271683,0.28849390149116516,0.01337494421750307,0.5000075101852417,0.49997782707214355,0.5000103116035461,0.49997952580451965
2,636,12.72,0.6445629596710205,0.06747278571128845,0.28849899768829346,0.01336305495351553,0.5000067949295044,0.4999805688858032,0.5000094175338745,0.49998217821121216
2,637,12.74,0.6432135105133057,0.06747414171695709,0.2885037660598755,0.013351425528526306,0.5000061392784119,0.4999833106994629,0.5000085234642029,0.4999848008155823
2,638,12.76,0.6418635249137878,0.0674753338098526,0.2885086238384247,0.013340061530470848,0.5000054836273193,0.4999859929084778,0.5000076293945312,0.49998730421066284
2,639,12.780000000000001,0.6405145525932312,0.06747639179229736,0.28851330280303955,0.013328982517123222,0.500004768371582,0.4999886453151703,0.5000067949295044,0.49998974800109863
2,640,12.8,0.6391648650169373,0.06747733801603317,0.2885179817676544,0.013318194076418877,0.5000041127204895,0.4999912679195404,0.5000059008598328,0.49999210238456726
2,641,12.82,0.6378148198127747,0.06747813522815704,0.2885225713253021,0.013307704590260983,0.5000033378601074,0.49999386072158813,0.5000050067901611,0.4999943971633911
2,642,12.84,0.636465847492218,0.06747878342866898,0.2885270118713379,0.013297517783939838,0.5000026226043701,0.4999964237213135,0.5000041723251343,0.49999669194221497
2,643,12.86,0.6351162791252136,0.06747925281524658,0.2885316014289856,0.01328764483332634,0.500001847743988,0.49999895691871643,0.5000032782554626,0.4999990165233612
2,644,12.88,0.6337661147117615,0.06747954338788986,0.28853580355644226,0.013278085738420486,0.5000011324882507,0.5000014305114746,0.500002384185791,0.5000013113021851
2,645,12.9,0.6324172019958496,0.06747958064079285,0.288540244102478,0.0132688507437706,0.5000003576278687,0.5000038146972656,0.5000014901161194,0.5000036358833313
2,646,12.92,0.6310674548149109,0.06747939437627792,0.2885443866252899,0.013259937055408955,0.49999964237213135,0.5000061988830566,0.5000006556510925,0.5000059604644775
2,647,12.94,0.6297172904014587,0.06747902184724808,0.28854861855506897,0.013251350261271,0.49999892711639404,0.5000084638595581,0.4999998211860657,0.5000082850456238
2,648,12.96,0.6283684372901917,0.06747846305370331,0.28855279088020325,0.013243092224001884,0.4999982416629791,0.5000106692314148,0.4999990463256836,0.5000104904174805
2,649,12.98,0.6270187497138977,0.06747779250144958,0.2885568141937256,0.013235166668891907,0.49999764561653137,0.5000128149986267,0.4999982714653015,0.5000125765800476
2,650,13.0,0.6256686449050903,0.06747714430093765,0.28856101632118225,0.01322756614536047,0.4999970495700836,0.5000149011611938,0.4999975562095642,0.5000145435333252
2,651,13.02,0.624319851398468,0.06747622787952423,0.28856486082077026,0.013220307417213917,0.49999648332595825,0.5000169277191162,0.4999969005584717,0.5000163912773132
2,652,13.040000000000001,0.6229701042175293,0.06747523695230484,0.2885688543319702,0.01321337465196848,0.49999597668647766,0.5000189542770386,0.49999621510505676,0.5000182390213013
2,653,13.06,0.621620237827301,0.06747391819953918,0.2885727882385254,0.013206778094172478,0.4999954402446747,0.5000209212303162,0.4999955892562866,0.5000199675559998
2,654,13.08,0.6202713251113892,0.06747251749038696,0.288576602935791,0.013200510293245316,0.4999949336051941,0.5000228881835938,0.4999949336051941,0.5000216960906982
2,655,13.1,0.6189217567443848,0.06747105717658997,0.28858062624931335,0.013194568455219269,0.4999943971633911,0.5000247955322266,0.49999430775642395,0.5000234246253967
2,656,13.120000000000001,0.617572009563446,0.06746949255466461,0.28858426213264465,0.013188949786126614,0.49999383091926575,0.5000267624855042,0.49999362230300903,0.50002521276474
2,657,13.14,0.616223156452179,0.06746779382228851,0.2885880768299103,0.0131836524233222,0.4999932646751404,0.500028669834137,0.4999929368495941,0.5000270009040833
2,658,13.16,0.6148737072944641,0.06746600568294525,0.2885919511318207,0.013178667984902859,0.4999926686286926,0.5000305771827698,0.4999922513961792,0.5000288486480713
2,659,13.18,0.6135241985321045,0.06746397912502289,0.2885955572128296,0.013173989951610565,0.4999920427799225,0.5000324249267578,0.4999915361404419,0.5000306367874146
2,660,13.200000000000001,0.6121751070022583,0.0674617812037468,0.2885994017124176,0.013169613666832447,0.49999141693115234,0.5000342130661011,0.499990850687027,0.5000324249267578
2,661,13.22,0.6108258962631226,0.0674593597650528,0.2886030972003937,0.013165533542633057,0.4999907910823822,0.5000359416007996,0.49999019503593445,0.5000342130661011
2,662,13.24,0.6094767451286316,0.06745680421590805,0.2886067032814026,0.013161745853722095,0.49999022483825684,0.5000376105308533,0.4999895393848419,0.50003582239151
2,663,13.26,0.6081276535987854,0.06745419651269913,0.2886105477809906,0.013158240355551243,0.49998968839645386,0.5000391602516174,0.49998894333839417,0.500037431716919
2,664,13.280000000000001,0.606778621673584,0.06745138019323349,0.28861409425735474,0.013155010528862476,0.49998921155929565,0.5000407099723816,0.4999883770942688,0.5000388622283936
2,665,13.3,0.6054297089576721,0.06744857877492905,0.2886177599430084,0.013152048923075199,0.49998876452445984,0.500042200088501,0.4999879002571106,0.5000402331352234
2,666,13.32,0.6040805578231812,0.06744574010372162,0.28862157464027405,0.013149348087608814,0.4999883472919464,0.5000436305999756,0.4999874234199524,0.5000414848327637
2,667,13.34,0.6027319431304932,0.06744273751974106,0.288625031709671,0.01314689964056015,0.499987930059433,0.5000450611114502,0.4999869763851166,0.5000427961349487
2,668,13.36,0.6013832092285156,0.06743955612182617,0.2886287271976471,0.013144695200026035,0.49998754262924194,0.5000464916229248,0.49998652935028076,0.500044047832489
2,669,13.38,0.6000339984893799,0.0674363225698471,0.2886311113834381,0.013142721727490425,0.4999871253967285,0.5000479221343994,0.49998608231544495,0.5000453591346741
2,670,13.4,0.598685622215271,0.06743291020393372,0.28863319754600525,0.013140974566340446,0.4999866187572479,0.5000492930412292,0.49998560547828674,0.5000466108322144
2,671,13.42,0.5973372459411621,0.0674295425415039,0.2886355221271515,0.013139443472027779,0.49998608231544495,0.5000506043434143,0.49998506903648376,0.5000478029251099
2,672,13.44,0.5959879159927368,0.06742620468139648,0.2886378765106201,0.013138114474713802,0.4999854862689972,0.5000517964363098,0.4999845027923584,0.5000489950180054
2,673,13.46,0.5946400165557861,0.06742271780967712,0.28864002227783203,0.01313698198646307,0.4999849200248718,0.5000529289245605,0.49998393654823303,0.5000500679016113
2,674,13.48,0.5932919383049011,0.06741907447576523,0.28864237666130066,0.013136034831404686,0.49998441338539124,0.500053882598877,0.49998340010643005,0.5000510811805725
2,675,13.5,0.5919429659843445,0.06741536408662796,0.2886447310447693,0.013135259971022606,0.4999840259552002,0.5000547170639038,0.49998292326927185,0.5000520348548889
2,676,13.52,0.5905949473381042,0.06741147488355637,0.2886468768119812,0.013134651817381382,0.49998369812965393,0.5000554323196411,0.4999825060367584,0.5000529289245605
2,677,13.540000000000001,0.5892468094825745,0.06740768253803253,0.2886492908000946,0.013134196400642395,0.4999834895133972,0.5000560283660889,0.49998220801353455,0.5000537633895874
2,678,13.56,0.5878986716270447,0.06740378588438034,0.288651704788208,0.013133885338902473,0.4999833405017853,0.5000566244125366,0.49998199939727783,0.5000544786453247
2,679,13.58,0.5865505337715149,0.06739980727434158,0.2886539101600647,0.01313371118158102,0.4999832212924957,0.5000571608543396,0.4999818801879883,0.5000551342964172
2,680,13.6,0.5852023363113403,0.06739594787359238,0.2886563837528229,0.013133658096194267,0.4999831020832062,0.5000577569007874,0.49998176097869873,0.500055730342865
2,681,13.620000000000001,0.5838550329208374,0.0673917755484581,0.28865882754325867,0.013133717700839043,0.49998292326927185,0.5000583529472351,0.4999816119670868,0.5000562071800232
2,682,13.64,0.5825068354606628,0.06738772243261337,0.2886599600315094,0.013133883476257324,0.49998271465301514,0.5000590085983276,0.49998143315315247,0.5000567436218262
2,683,13.66,0.5811589360237122,0.06738355755805969,0.28866106271743774,0.013134142383933067,0.49998238682746887,0.5000597238540649,0.499981164932251,0.5000572204589844
2,684,13.68,0.5798119902610779,0.067379429936409,0.28866222500801086,0.013134489767253399,0.49998193979263306,0.5000603795051575,0.4999808371067047,0.5000576972961426
2,685,13.700000000000001,0.5784638524055481,0.0673752874135971,0.2886631488800049,0.013134906999766827,0.49998143315315247,0.50006103515625,0.4999803602695465,0.5000581741333008
2,686,13.72,0.5771163702011108,0.06737097352743149,0.288664311170578,0.0131353959441185,0.4999808967113495,0.5000615119934082,0.4999799132347107,0.5000587105751038
2,687,13.74,0.575769305229187,0.0673665702342987,0.2886655628681183,0.013135935179889202,0.4999803900718689,0.5000618696212769,0.4999794661998749,0.5000592470169067
2,688,13.76,0.574421763420105,0.06736218184232712,0.2886665165424347,0.013136523775756359,0.49998000264167786,0.5000619888305664,0.49997907876968384,0.5000597834587097
2,689,13.780000000000001,0.5730745792388916,0.06735765933990479,0.288667768239975,0.013137145899236202,0.49997976422309875,0.5000620484352112,0.49997878074645996,0.5000602006912231
2,690,13.8,0.571727454662323,0.0673532634973526,0.28866907954216003,0.013137795962393284,0.4999796152114868,0.5000619888305664,0.49997860193252563,0.5000605583190918
2,691,13.82,0.570380687713623,0.06734880805015564,0.2886701226234436,0.013138473965227604,0.49997958540916443,0.5000618696212769,0.49997857213020325,0.5000607967376709
2,692,13.84,0.5690335631370544,0.06734436750411987,0.2886714041233063,0.013139156624674797,0.4999796748161316,0.5000616908073425,0.4999786615371704,0.5000607967376709
2,693,13.86,0.5676863193511963,0.06733991205692291,0.28867286443710327,0.013139849528670311,0.49997976422309875,0.5000615119934082,0.49997878074645996,0.5000606775283813
2,694,13.88,0.5663400888442993,0.06733548641204834,0.28867289423942566,0.013140544295310974,0.49997982382774353,0.5000614523887634,0.4999789297580719,0.5000604391098022
2,695,13.9,0.5649934411048889,0.06733114272356033,0.2886728346347809,0.013141237199306488,0.49997982382774353,0.5000614523887634,0.49997901916503906,0.5000601410865784
2,696,13.92,0.5636463761329651,0.06732676178216934,0.2886730134487152,0.013141917064785957,0.4999796748161316,0.5000615119934082,0.4999789893627167,0.5000598430633545
2,697,13.94,0.5623002052307129,0.06732235848903656,0.2886728048324585,0.013142582029104233,0.4999794065952301,0.5000615119934082,0.49997884035110474,0.5000595450401306
2,698,13.96,0.5609540343284607,0.06731800734996796,0.2886728048324585,0.013143225573003292,0.49997904896736145,0.500061571598053,0.49997857213020325,0.5000594258308411
2,699,13.98,0.5596074461936951,0.06731360405683517,0.2886730134487152,0.013143841177225113,0.4999786913394928,0.5000615119934082,0.499978244304657,0.5000593662261963
2,700,14.0,0.5582612156867981,0.06730920076370239,0.2886729836463928,0.013144422322511673,0.49997830390930176,0.5000613927841187,0.49997788667678833,0.5000594258308411
2,701,14.02,0.5569149255752563,0.06730486452579498,0.2886730432510376,0.013144955970346928,0.4999779760837555,0.5000611543655396,0.49997758865356445,0.5000596046447754
2,702,14.040000000000001,0.5555694103240967,0.06730052083730698,0.2886732816696167,0.013145441189408302,0.4999777674674988,0.5000607371330261,0.49997738003730774,0.5000597834587097
2,703,14.06,0.5542230010032654,0.06729617714881897,0.28867340087890625,0.013145876117050648,0.499977707862854,0.5000602006912231,0.4999772608280182,0.5000598430633545
2,704,14.08,0.5528770089149475,0.06729177385568619,0.2886734902858734,0.013146257027983665,0.4999777376651764,0.5000596642494202,0.4999772906303406,0.5000597238540649
2,705,14.1,0.5515319108963013,0.06728734821081161,0.2886738181114197,0.013146582059562206,0.49997788667678833,0.5000590085983276,0.4999774694442749,0.5000593662261963
2,706,14.120000000000001,0.55018550157547,0.06728312373161316,0.28867384791374207,0.013146852143108845,0.49997806549072266,0.5000584125518799,0.499977707862854,0.5000587701797485
2,707,14.14,0.5488399863243103,0.06727879494428635,0.2886725962162018,0.013147065415978432,0.499978244304657,0.5000579357147217,0.4999779760837555,0.5000579357147217
2,708,14.16,0.547494649887085,0.06727442890405655,0.2886715531349182,0.013147221878170967,0.49997833371162415,0.5000573992729187,0.4999781847000122,0.5000571012496948
2,709,14.18,0.5461491942405701,0.06727034598588943,0.2886705994606018,0.013147315010428429,0.49997833371162415,0.5000569820404053,0.49997833371162415,0.5000562071800232
2,710,14.200000000000001,0.5448037981987,0.06726619601249695,0.2886694073677063,0.01314734760671854,0.49997827410697937,0.5000565052032471,0.4999783933162689,0.5000553727149963
2,711,14.22,0.5434583425521851,0.06726203858852386,0.2886684238910675,0.013147314079105854,0.49997812509536743,0.5000560879707336,0.49997830390930176,0.5000547170639038
2,712,14.24,0.5421136617660522,0.0672578364610672,0.2886676490306854,0.013147215358912945,0.4999779164791107,0.5000556111335754,0.4999781548976898,0.5000542998313904
2,713,14.26,0.5407683849334717,0.06725361943244934,0.2886664867401123,0.013147047720849514,0.4999777674674988,0.5000550746917725,0.4999779760837555,0.5000540614128113
2,714,14.280000000000001,0.5394227504730225,0.0672496110200882,0.2886655628681183,0.013146809302270412,0.49997764825820923,0.5000544786453247,0.49997782707214355,0.5000539422035217
2,715,14.3,0.5380783081054688,0.06724554300308228,0.288664847612381,0.013146499171853065,0.49997758865356445,0.5000537633895874,0.4999777674674988,0.500053882598877
2,716,14.32,0.5367336273193359,0.06724154949188232,0.2886638343334198,0.013146116398274899,0.49997764825820923,0.5000529885292053,0.4999777674674988,0.5000536441802979
2,717,14.34,0.5353883504867554,0.06723745912313461,0.2886629104614258,0.01314566284418106,0.4999777674674988,0.5000521540641785,0.49997788667678833,0.5000531673431396
2,718,14.36,0.5340438485145569,0.06723356246948242,0.28866225481033325,0.013145143166184425,0.4999779462814331,0.5000513195991516,0.49997806549072266,0.5000524520874023
2,719,14.38,0.5326992869377136,0.06722965836524963,0.2886613607406616,0.013144560158252716,0.4999781548976898,0.5000505447387695,0.49997836351394653,0.5000514984130859
2,720,14.4,0.5313547253608704,0.06722580641508102,0.28866052627563477,0.013143914751708508,0.4999783933162689,0.5000497698783875,0.4999786615371704,0.5000504851341248
2,721,14.42,0.530009925365448,0.0672219917178154,0.28865981101989746,0.013143213465809822,0.499978631734848,0.5000490546226501,0.4999789595603943,0.5000494122505188
2,722,14.44,0.5286655426025391,0.06721830368041992,0.28865766525268555,0.013142458163201809,0.49997881054878235,0.5000484585762024,0.499979168176651,0.5000483989715576
2,723,14.46,0.5273218750953674,0.06721462309360504,0.28865548968315125,0.01314164325594902,0.49997884035110474,0.5000478625297546,0.49997931718826294,0.500047504901886
2,724,14.48,0.5259769558906555,0.06721094250679016,0.28865349292755127,0.013140772469341755,0.4999787509441376,0.5000473260879517,0.4999793469905853,0.5000467896461487
2,725,14.5,0.5246328115463257,0.06720741093158722,0.2886515259742737,0.013139852322638035,0.49997860193252563,0.5000467896461487,0.49997928738594055,0.5000461935997009
2,726,14.52,0.5232893228530884,0.06720387190580368,0.2886493504047394,0.013138878159224987,0.4999784231185913,0.5000461339950562,0.499979168176651,0.5000457763671875
2,727,14.540000000000001,0.5219448804855347,0.06720031052827835,0.2886473834514618,0.013137849047780037,0.49997833371162415,0.5000454187393188,0.49997904896736145,0.5000453591346741
2,728,14.56,0.5206008553504944,0.06719674170017242,0.28864556550979614,0.013136772438883781,0.49997827410697937,0.5000445246696472,0.4999789595603943,0.5000449419021606
2,729,14.58,0.5192570686340332,0.06719328463077545,0.28864341974258423,0.013135647401213646,0.49997833371162415,0.5000435709953308,0.49997901916503906,0.5000444054603577
2,730,14.6,0.5179134607315063,0.06718979775905609,0.28864148259162903,0.013134477660059929,0.49997860193252563,0.5000424981117249,0.499979168176651,0.5000437498092651
2,731,14.620000000000001,0.5165693759918213,0.06718642264604568,0.28863975405693054,0.013133274391293526,0.4999789297580719,0.5000413656234741,0.4999794661998749,0.5000427961349487
2,732,14.64,0.5152255892753601,0.06718321889638901,0.2886376976966858,0.013132036663591862,0.4999793767929077,0.5000402927398682,0.4999798536300659,0.5000417232513428
2,733,14.66,0.5138823986053467,0.06717990338802338,0.288635790348053,0.013130774721503258,0.4999798834323883,0.5000392198562622,0.49998030066490173,0.5000404715538025
2,734,14.68,0.5125387907028198,0.06717683374881744,0.2886340916156769,0.013129490427672863,0.4999803304672241,0.5000382661819458,0.49998077750205994,0.5000391602516174
2,735,14.700000000000001,0.5111947655677795,0.06717381626367569,0.2886321544647217,0.013128185644745827,0.49998071789741516,0.500037431716919,0.499981164932251,0.5000379085540771
2,736,14.72,0.5098517537117004,0.06717079132795334,0.28863027691841125,0.013126869685947895,0.49998098611831665,0.5000367164611816,0.49998146295547485,0.5000367760658264
2,737,14.74,0.5085088014602661,0.06716787815093994,0.28862857818603516,0.01312553882598877,0.499981164932251,0.5000361204147339,0.4999816417694092,0.5000359416007996
2,738,14.76,0.5071647763252258,0.06716503947973251,0.2886267900466919,0.013124193996191025,0.499981164932251,0.5000356435775757,0.49998170137405396,0.5000353455543518
2,739,14.780000000000001,0.5058216452598572,0.06716212630271912,0.28862491250038147,0.013122839853167534,0.4999810755252838,0.5000351667404175,0.49998167157173157,0.5000349879264832
2,740,14.8,0.5044786930084229,0.06715923547744751,0.28862327337265015,0.013121477328240871,0.4999809265136719,0.5000346899032593,0.4999815821647644,0.5000348091125488
2,741,14.82,0.5031355619430542,0.06715643405914307,0.28862157464027405,0.013120103627443314,0.49998077750205994,0.5000342130661011,0.49998146295547485,0.5000346302986145
2,742,14.84,0.5017921924591064,0.06715362519025803,0.288619726896286,0.013118728064000607,0.4999806582927704,0.5000336170196533,0.4999813735485077,0.5000344514846802
2,743,14.86,0.5004491209983826,0.06715088337659836,0.2886180877685547,0.013117351569235325,0.4999806880950928,0.5000329613685608,0.4999813437461853,0.5000340938568115
2,744,14.88,0.4991067945957184,0.06714816391468048,0.28861650824546814,0.013115980662405491,0.49998077750205994,0.5000322461128235,0.49998146295547485,0.5000335574150085
2,745,14.9,0.49776333570480347,0.06714541465044022,0.2886146903038025,0.013114620000123978,0.49998098611831665,0.5000314712524414,0.49998167157173157,0.5000327229499817
2,746,14.92,0.4964202642440796,0.0671427771449089,0.28861212730407715,0.013113278895616531,0.4999813139438629,0.5000306367874146,0.49998196959495544,0.5000317692756653
2,747,14.94,0.49507802724838257,0.0671403557062149,0.2886092960834503,0.01311196107417345,0.49998170137405396,0.5000298023223877,0.4999823272228241,0.5000306367874146
2,748,14.96,0.4937349259853363,0.06713776290416718,0.28860607743263245,0.013110664673149586,0.4999820590019226,0.5000290274620056,0.49998268485069275,0.5000293850898743
2,749,14.98,0.49239206314086914,0.06713540852069855,0.2886030972003937,0.01310939621180296,0.49998241662979126,0.5000282526016235,0.499983012676239,0.5000281929969788
2,750,15.0,0.4910496771335602,0.06713294237852097,0.2886003255844116,0.013108162209391594,0.49998271465301514,0.5000274181365967,0.4999832808971405,0.500027060508728
2,751,15.02,0.48970720171928406,0.06713063269853592,0.2885971665382385,0.013106959871947765,0.4999829828739166,0.5000266432762146,0.4999835193157196,0.5000261068344116
2,752,15.040000000000001,0.48836439847946167,0.06712841242551804,0.28859418630599976,0.013105790130794048,0.49998319149017334,0.5000258684158325,0.49998366832733154,0.5000253319740295
2,753,15.06,0.48702168464660645,0.0671263039112091,0.2885914444923401,0.01310466043651104,0.49998345971107483,0.5000250935554504,0.4999837875366211,0.5000247955322266
2,754,15.08,0.48567959666252136,0.0671241357922554,0.28858840465545654,0.013103562407195568,0.49998366832733154,0.5000243186950684,0.49998390674591064,0.5000243186950684
2,755,15.1,0.4843370318412781,0.06712209433317184,0.28858548402786255,0.013102504424750805,0.49998387694358826,0.5000234842300415,0.4999840259552002,0.5000238418579102
2,756,15.120000000000001,0.4829941391944885,0.06711999326944351,0.2885827124118805,0.013101483695209026,0.49998411536216736,0.5000227093696594,0.4999842047691345,0.5000233054161072
2,757,15.14,0.4816521108150482,0.06711798906326294,0.2885797917842865,0.013100504875183105,0.49998435378074646,0.5000218152999878,0.49998441338539124,0.5000226497650146
2,758,15.16,0.4803101718425751,0.06711607426404953,0.2885768413543701,0.013099566102027893,0.49998465180397034,0.5000209212303162,0.4999846816062927,0.5000218749046326
2,759,15.18,0.4789671301841736,0.06711435317993164,0.28857412934303284,0.013098674826323986,0.4999849498271942,0.5000200867652893,0.4999849796295166,0.5000209212303162
2,760,15.200000000000001,0.4776250422000885,0.06711264699697495,0.288571298122406,0.013097827322781086,0.4999852478504181,0.5000191926956177,0.49998533725738525,0.500019907951355
2,761,15.22,0.4762832522392273,0.06711097061634064,0.2885683476924896,0.01309702917933464,0.49998557567596436,0.5000184178352356,0.4999856948852539,0.5000188946723938
2,762,15.24,0.4749407470226288,0.06710927933454514,0.28856563568115234,0.013096281327307224,0.49998587369918823,0.5000176429748535,0.49998605251312256,0.5000178813934326
2,763,15.26,0.47359833121299744,0.06710778921842575,0.2885628640651703,0.013095585629343987,0.4999861717224121,0.5000169277191162,0.49998635053634644,0.500016987323761
2,764,15.280000000000001,0.47225630283355713,0.06710624694824219,0.2885599434375763,0.013094944879412651,0.4999864101409912,0.5000162720680237,0.49998658895492554,0.5000162124633789
2,765,15.3,0.47091472148895264,0.06710486114025116,0.2885572612285614,0.013094358146190643,0.49998658895492554,0.5000156760215759,0.4999867379665375,0.5000156164169312
2,766,15.32,0.46957218647003174,0.06710342317819595,0.2885545790195465,0.013093824498355389,0.4999867379665375,0.5000150799751282,0.4999868869781494,0.500015139579773
2,767,15.34,0.46822991967201233,0.06710195541381836,0.2885516881942749,0.013093345798552036,0.4999868869781494,0.5000145435333252,0.4999869763851166,0.5000147223472595
2,768,15.36,0.4668886661529541,0.06710059940814972,0.28854900598526,0.013092921115458012,0.4999869763851166,0.5000140070915222,0.49998706579208374,0.5000143051147461
2,769,15.38,0.46554625034332275,0.06709930300712585,0.2885463833808899,0.01309255138039589,0.4999871253967285,0.5000134706497192,0.4999871551990509,0.5000138282775879
2,770,15.4,0.4642040431499481,0.0670979917049408,0.2885434925556183,0.013092243112623692,0.49998727440834045,0.5000128746032715,0.49998727440834045,0.5000132918357849
2,771,15.42,0.4628625214099884,0.06709674000740051,0.2885408401489258,0.01309199072420597,0.49998748302459717,0.500012218952179,0.4999874532222748,0.5000126957893372
2,772,15.44,0.46152058243751526,0.06709554046392441,0.28853824734687805,0.013091797940433025,0.49998772144317627,0.5000115633010864,0.4999876618385315,0.5000119209289551
2,773,15.46,0.4601783752441406,0.0670943483710289,0.2885354161262512,0.01309166755527258,0.49998798966407776,0.5000109076499939,0.49998795986175537,0.500011146068573
2,774,15.48,0.45883670449256897,0.06709340214729309,0.2885327637195587,0.01309159491211176,0.49998828768730164,0.5000102519989014,0.49998825788497925,0.5000103712081909
2,775,15.5,0.4574951231479645,0.06709227710962296,0.28853026032447815,0.013091588392853737,0.4999885857105255,0.5000096559524536,0.4999885559082031,0.5000095963478088
2,776,15.52,0.4561530649662018,0.06709133088588715,0.2885274291038513,0.013091642409563065,0.4999888837337494,0.5000090599060059,0.499988853931427,0.5000088810920715
2,777,15.540000000000001,0.45481106638908386,0.06709032505750656,0.2885248064994812,0.013091757893562317,0.49998918175697327,0.5000085234642029,0.4999891221523285,0.5000082850456238
2,778,15.56,0.45346951484680176,0.06708934903144836,0.288522332906723,0.013091932982206345,0.49998944997787476,0.5000081062316895,0.4999893307685852,0.5000077486038208
2,779,15.58,0.4521278738975525,0.0670885518193245,0.2885195314884186,0.013092165812849998,0.4999896287918091,0.500007688999176,0.49998950958251953,0.5000073313713074
2,780,15.6,0.45078563690185547,0.0670878142118454,0.28851693868637085,0.013092459179461002,0.499989777803421,0.5000072717666626,0.49998965859413147,0.5000069737434387
2,781,15.620000000000001,0.44944408535957336,0.06708693504333496,0.28851455450057983,0.013092806562781334,0.4999898672103882,0.500006914138794,0.49998974800109863,0.5000066161155701
2,782,15.64,0.4481029808521271,0.06708597391843796,0.2885117828845978,0.013093207031488419,0.49998995661735535,0.5000065565109253,0.4999898374080658,0.5000063180923462
2,783,15.66,0.4467603862285614,0.06708530336618423,0.28850919008255005,0.01309366337954998,0.4999900460243225,0.5000061392784119,0.49998992681503296,0.5000059604644775
2,784,15.68,0.4454188644886017,0.06708459556102753,0.2885068356990814,0.013094172812998295,0.49999019503593445,0.5000057816505432,0.4999900162220001,0.5000055432319641
2,785,15.700000000000001,0.44407761096954346,0.06708390265703201,0.28850412368774414,0.013094736263155937,0.4999903440475464,0.5000053644180298,0.4999901354312897,0.5000050663948059
2,786,15.72,0.4427356719970703,0.06708311289548874,0.2885015606880188,0.013095353730022907,0.4999905526638031,0.5000048875808716,0.499990314245224,0.5000045895576477
2,787,15.74,0.4413939118385315,0.06708252429962158,0.28849920630455017,0.013096023350954056,0.4999907612800598,0.5000044107437134,0.4999905228614807,0.5000041127204895
2,788,15.76,0.4400523602962494,0.06708196550607681,0.2884965240955353,0.01309674046933651,0.4999910295009613,0.5000038743019104,0.4999907910823822,0.5000035762786865
2,789,15.780000000000001,0.43871110677719116,0.06708139926195145,0.2884939908981323,0.01309750322252512,0.4999912977218628,0.500003457069397,0.4999910593032837,0.5000030994415283
2,790,15.8,0.43736904859542847,0.06708090752363205,0.28849169611930847,0.01309831440448761,0.4999915659427643,0.5000030398368835,0.4999912679195404,0.5000025629997253
2,791,15.82,0.43602725863456726,0.06708042323589325,0.28848907351493835,0.013099169358611107,0.4999918043613434,0.5000026226043701,0.4999915063381195,0.5000021457672119
2,792,15.84,0.4346863031387329,0.06707989424467087,0.2884865701198578,0.013100065290927887,0.4999920427799225,0.5000022649765015,0.4999917149543762,0.5000017285346985
2,793,15.860000000000001,0.43334445357322693,0.06707959622144699,0.2884843051433563,0.013101001270115376,0.4999922215938568,0.5000019669532776,0.49999189376831055,0.5000013709068298
2,794,15.88,0.43200236558914185,0.06707925349473953,0.2884816825389862,0.013101971708238125,0.49999234080314636,0.5000016689300537,0.4999920427799225,0.500001072883606
2,795,15.9,0.43066126108169556,0.06707892566919327,0.2884792387485504,0.01310297567397356,0.49999240040779114,0.5000014305114746,0.49999213218688965,0.5000008344650269
2,796,15.92,0.4293197989463806,0.06707850843667984,0.28847700357437134,0.013104007579386234,0.4999924600124359,0.5000011920928955,0.4999922215938568,0.5000005960464478
2,797,15.94,0.4279777705669403,0.0670781135559082,0.2884744107723236,0.013105065561830997,0.4999925494194031,0.5000008940696716,0.499992311000824,0.5000003576278687
2,798,15.96,0.42663636803627014,0.0670778825879097,0.2884719967842102,0.013106152415275574,0.49999263882637024,0.5000005960464478,0.4999924302101135,0.5000001192092896
2,799,15.98,0.4252951741218567,0.06707763671875,0.28846976161003113,0.013107266277074814,0.4999927580356598,0.5000002384185791,0.4999925196170807,0.49999988079071045
2,800,16.0,0.4239533245563507,0.06707742065191269,0.2884672284126282,0.013108405284583569,0.49999290704727173,0.49999991059303284,0.4999926686286926,0.4999995827674866
2,801,16.02,0.42261165380477905,0.0670771598815918,0.28846484422683716,0.013109560124576092,0.49999308586120605,0.4999995231628418,0.49999284744262695,0.4999992549419403
2,802,16.04,0.4212701618671417,0.0670769065618515,0.28846266865730286,0.013110733591020107,0.49999329447746277,0.49999916553497314,0.4999930262565613,0.49999889731407166
2,803,16.06,0.4199289381504059,0.06707687675952911,0.28846099972724915,0.013111927546560764,0.49999353289604187,0.4999987781047821,0.499993234872818,0.4999984800815582
2,804,16.080000000000002,0.41858696937561035,0.06707683205604553,0.28846004605293274,0.013113134540617466,0.49999380111694336,0.49999845027923584,0.4999934434890747,0.4999981224536896
2,805,16.1,0.4172455072402954,0.06707669794559479,0.28845927119255066,0.013114356435835361,0.49999403953552246,0.49999821186065674,0.4999936819076538,0.4999978542327881
2,806,16.12,0.4159046709537506,0.06707657873630524,0.2884581387042999,0.013115586712956429,0.49999430775642395,0.4999980926513672,0.4999938905239105,0.49999767541885376
2,807,16.14,0.4145623445510864,0.06707644462585449,0.2884572148323059,0.013116828165948391,0.4999944865703583,0.4999980628490448,0.49999409914016724,0.49999764561653137
2,808,16.16,0.4132207930088043,0.06707634776830673,0.2884564697742462,0.013118075206875801,0.4999946057796478,0.49999815225601196,0.4999942183494568,0.49999770522117615
2,809,16.18,0.41187968850135803,0.067076176404953,0.28845539689064026,0.013119326904416084,0.4999946057796478,0.4999983608722687,0.4999942481517792,0.4999978542327881
2,810,16.2,0.41053783893585205,0.06707611680030823,0.28845447301864624,0.01312058325856924,0.49999451637268066,0.49999862909317017,0.4999942183494568,0.4999980628490448
2,811,16.22,0.4091961979866028,0.06707602739334106,0.2884537875652313,0.013121836818754673,0.4999943673610687,0.49999892711639404,0.4999941289424896,0.4999983012676239
2,812,16.240000000000002,0.4078547954559326,0.06707586348056793,0.2884526550769806,0.013123086653649807,0.4999941289424896,0.4999992251396179,0.4999939501285553,0.499998539686203
2,813,16.26,0.4065137207508087,0.06707574427127838,0.28845179080963135,0.013124332763254642,0.4999939501285553,0.4999994933605194,0.49999377131462097,0.4999987483024597
2,814,16.28,0.40517187118530273,0.06707552075386047,0.2884511351585388,0.013125569559633732,0.49999380111694336,0.49999967217445374,0.49999362230300903,0.4999989867210388
2,815,16.3,0.4038301110267639,0.067075215280056,0.28845009207725525,0.01312679797410965,0.4999937117099762,0.4999997615814209,0.49999353289604187,0.49999919533729553
2,816,16.32,0.4024890661239624,0.0670749694108963,0.2884491980075836,0.013128014281392097,0.4999937117099762,0.4999997615814209,0.4999935030937195,0.49999934434890747
2,817,16.34,0.40114763379096985,0.06707476079463959,0.2884485125541687,0.013129215687513351,0.49999380111694336,0.4999997019767761,0.49999359250068665,0.49999940395355225
2,818,16.36,0.39980554580688477,0.0670744851231575,0.2884474992752075,0.013130400329828262,0.4999939799308777,0.49999964237213135,0.4999937415122986,0.49999940395355225
2,819,16.38,0.39846447110176086,0.06707438826560974,0.28844669461250305,0.013131571933627129,0.4999942183494568,0.4999995529651642,0.4999939203262329,0.4999992847442627
2,820,16.4,0.3971233367919922,0.0670742392539978,0.28844597935676575,0.013132724910974503,0.4999944865703583,0.4999995231628418,0.4999941289424896,0.49999916553497314
2,821,16.42,0.3957812488079071,0.06707406789064407,0.2884449362754822,0.013133857399225235,0.499994695186615,0.4999995231628418,0.49999433755874634,0.4999990165233612
2,822,16.44,0.39443981647491455,0.0670740157365799,0.2884441614151001,0.013134964741766453,0.49999484419822693,0.4999995827674866,0.49999451637268066,0.49999892711639404
2,823,16.46,0.3930986523628235,0.06707393378019333,0.2884434759616852,0.013136046938598156,0.4999949336051941,0.4999997317790985,0.4999946355819702,0.49999889731407166
2,824,16.48,0.391757071018219,0.06707382947206497,0.2884424328804016,0.013137103989720345,0.4999949634075165,0.4999999403953552,0.4999946355819702,0.4999989867210388
2,825,16.5,0.39041534066200256,0.0670737773180008,0.28844162821769714,0.01313813216984272,0.4999949038028717,0.5000001192092896,0.49999457597732544,0.4999992251396179
2,826,16.52,0.38907378911972046,0.06707362830638885,0.28844088315963745,0.013139125891029835,0.49999475479125977,0.5000003576278687,0.4999944567680359,0.4999995231628418
2,827,16.54,0.3877331018447876,0.0670735239982605,0.28843995928764343,0.01314008329063654,0.4999946057796478,0.5000005960464478,0.49999430775642395,0.49999991059303284
2,828,16.56,0.38639095425605774,0.06707330048084259,0.28843915462493896,0.013140997849404812,0.4999944567680359,0.5000007152557373,0.4999941289424896,0.5000003576278687
2,829,16.580000000000002,0.38504934310913086,0.06707306951284409,0.2884383797645569,0.013141874223947525,0.49999430775642395,0.5000008344650269,0.4999939799308777,0.5000006556510925
2,830,16.6,0.3837084472179413,0.06707287579774857,0.28843745589256287,0.013142706826329231,0.4999942481517792,0.5000008344650269,0.4999939501285553,0.5000009536743164
2,831,16.62,0.38236677646636963,0.06707257032394409,0.28843674063682556,0.013143494725227356,0.49999427795410156,0.5000007152557373,0.4999939501285553,0.500001072883606
2,832,16.64,0.3810250461101532,0.06707238405942917,0.2884358763694763,0.013144237920641899,0.4999943673610687,0.5000005960464478,0.49999403953552246,0.500001072883606
2,833,16.66,0.37968379259109497,0.06707224994897842,0.2884349226951599,0.013144934549927711,0.49999451637268066,0.5000004768371582,0.4999941885471344,0.5000008940696716
2,834,16.68,0.3783426582813263,0.06707195192575455,0.288434237241745,0.013145588338375092,0.4999947249889374,0.5000003576278687,0.4999943673610687,0.5000006556510925
2,835,16.7,0.37700095772743225,0.06707175076007843,0.288433313369751,0.01314619742333889,0.4999949038028717,0.5000002384185791,0.49999457597732544,0.5000004172325134
2,836,16.72,0.3756592571735382,0.06707176566123962,0.28843238949775696,0.013146757148206234,0.49999508261680603,0.5000001788139343,0.49999478459358215,0.5000002384185791
2,837,16.740000000000002,0.3743181824684143,0.06707166135311127,0.28843167424201965,0.013147271238267422,0.4999952018260956,0.5000001788139343,0.4999949038028717,0.5000001192092896
2,838,16.76,0.3729769289493561,0.06707163900136948,0.288430780172348,0.01314773689955473,0.49999523162841797,0.5000002384185791,0.49999499320983887,0.5000001192092896
2,839,16.78,0.3716348707675934,0.06707160174846649,0.2884298264980316,0.013148153200745583,0.4999952018260956,0.5000003576278687,0.4999949634075165,0.5000002384185791
2,840,16.8,0.37029367685317993,0.06707138568162918,0.2884291112422943,0.013148519210517406,0.49999508261680603,0.500000536441803,0.4999948740005493,0.5000004768371582
2,841,16.82,0.3689529597759247,0.06707113981246948,0.2884281575679779,0.013148835860192776,0.4999949038028717,0.5000006556510925,0.49999475479125977,0.5000007748603821
2,842,16.84,0.36761075258255005,0.0670708641409874,0.2884272336959839,0.013149098493158817,0.4999947249889374,0.5000008344650269,0.49999457597732544,0.500001072883606
2,843,16.86,0.3662693202495575,0.06707066297531128,0.2884264886379242,0.013149309903383255,0.49999457597732544,0.5000008940696716,0.4999944269657135,0.5000013709068298
2,844,16.88,0.3649282157421112,0.06707047671079636,0.288425475358963,0.01314946636557579,0.4999944567680359,0.5000008940696716,0.49999430775642395,0.5000015497207642
2,845,16.9,0.3635869026184082,0.06707019358873367,0.2884245216846466,0.01314957533031702,0.4999943971633911,0.5000008344650269,0.4999942183494568,0.5000016093254089
2,846,16.92,0.36224523186683655,0.06706997752189636,0.2884237468242645,0.01314963772892952,0.4999943971633911,0.5000007152557373,0.4999942481517792,0.5000016093254089
2,847,16.94,0.36090368032455444,0.06706974655389786,0.28842267394065857,0.013149650767445564,0.4999944865703583,0.5000005960464478,0.49999430775642395,0.5000014305114746
2,848,16.96,0.3595629930496216,0.06706947088241577,0.28842175006866455,0.013149616308510303,0.4999946057796478,0.5000004768371582,0.4999944269657135,0.5000011920928955
2,849,16.98,0.3582212030887604,0.06706928461790085,0.2884209454059601,0.013149544596672058,0.49999475479125977,0.5000002980232239,0.49999457597732544,0.5000009536743164
2,850,17.0,0.35687944293022156,0.06706906855106354,0.2884198725223541,0.013149422593414783,0.4999949038028717,0.5000001788139343,0.49999475479125977,0.5000007152557373
2,851,17.02,0.3555384874343872,0.0670689195394516,0.2884189188480377,0.01314926240593195,0.49999499320983887,0.5000001192092896,0.4999948740005493,0.5000005960464478
2,852,17.04,0.3541974425315857,0.06706874072551727,0.2884180247783661,0.013149063102900982,0.49999505281448364,0.5000001192092896,0.4999949634075165,0.5000004768371582
2,853,17.06,0.3528555929660797,0.0670686662197113,0.28841692209243774,0.013148827478289604,0.49999508261680603,0.5000002384185791,0.49999499320983887,0.5000004768371582
2,854,17.080000000000002,0.3515142798423767,0.06706846505403519,0.28841596841812134,0.013148550875484943,0.49999499320983887,0.5000002980232239,0.4999949336051941,0.5000005960464478
2,855,17.1,0.35017311573028564,0.06706815212965012,0.28841501474380493,0.013148236088454723,0.4999948740005493,0.5000004768371582,0.49999481439590454,0.5000007748603821
2,856,17.12,0.3488319516181946,0.0670679435133934,0.288413941860199,0.01314788032323122,0.4999947249889374,0.5000005960464478,0.499994695186615,0.5000009536743164
2,857,17.14,0.34749019145965576,0.06706777215003967,0.2884129285812378,0.013147485442459583,0.49999457597732544,0.5000006556510925,0.49999457597732544,0.5000011920928955
2,858,17.16,0.34614884853363037,0.06706751137971878,0.288411945104599,0.013147050514817238,0.4999944269657135,0.5000007152557373,0.4999944567680359,0.5000013113021851
2,859,17.18,0.3448083996772766,0.06706728041172028,0.28841084241867065,0.013146587647497654,0.49999433755874634,0.5000007152557373,0.4999943673610687,0.5000014305114746
2,860,17.2,0.3434661626815796,0.06706706434488297,0.2884098291397095,0.01314608845859766,0.4999942481517792,0.5000006556510925,0.49999430775642395,0.5000014901161194
2,861,17.22,0.3421247601509094,0.06706680357456207,0.2884088158607483,0.013145560398697853,0.4999942481517792,0.5000005960464478,0.49999433755874634,0.5000014305114746
2,862,17.240000000000002,0.3407838046550751,0.06706668436527252,0.28840765357017517,0.013145005330443382,0.49999430775642395,0.500000536441803,0.4999944269657135,0.5000012516975403
2,863,17.26,0.3394424319267273,0.06706640124320984,0.2884066104888916,0.013144426047801971,0.4999943673610687,0.5000004172325134,0.49999451637268066,0.5000011324882507
2,864,17.28,0.33810093998908997,0.06706620752811432,0.28840556740760803,0.01314382255077362,0.4999944567680359,0.5000003576278687,0.4999946355819702,0.5000009536743164
2,865,17.3,0.33675944805145264,0.06706599146127701,0.2884043753147125,0.013143198564648628,0.49999454617500305,0.5000003576278687,0.4999947249889374,0.5000007748603821
2,866,17.32,0.3354186415672302,0.06706574559211731,0.28840333223342896,0.013142554089426994,0.4999946355819702,0.5000003576278687,0.49999478459358215,0.5000006556510925
2,867,17.34,0.33407720923423767,0.06706549972295761,0.288402259349823,0.013141893781721592,0.4999946653842926,0.5000004172325134,0.49999481439590454,0.5000006556510925
2,868,17.36,0.3327353894710541,0.06706518679857254,0.2884010076522827,0.013141213916242123,0.4999946355819702,0.5000004768371582,0.49999481439590454,0.5000007152557373
2,869,17.38,0.3313945233821869,0.06706489622592926,0.28839996457099915,0.013140521012246609,0.49999454617500305,0.5000005960464478,0.49999475479125977,0.5000008344650269
2,870,17.400000000000002,0.33005380630493164,0.06706459820270538,0.2883988916873932,0.013139814138412476,0.4999944567680359,0.5000007152557373,0.499994695186615,0.5000009536743164
2,871,17.42,0.3287118375301361,0.06706437468528748,0.28839758038520813,0.013139095157384872,0.49999433755874634,0.5000008344650269,0.49999454617500305,0.5000011324882507
2,872,17.44,0.3273705840110779,0.06706412881612778,0.28839653730392456,0.013138365000486374,0.4999942183494568,0.5000009536743164,0.4999944567680359,0.5000013113021851
2,873,17.46,0.3260294497013092,0.0670638307929039,0.28839540481567383,0.01313762553036213,0.49999409914016724,0.5000010132789612,0.4999943673610687,0.5000013709068298
2,874,17.48,0.32468846440315247,0.0670635998249054,0.28839409351348877,0.013136877678334713,0.49999403953552246,0.5000010132789612,0.49999430775642395,0.5000014305114746
2,875,17.5,0.32334673404693604,0.06706344336271286,0.2883930206298828,0.013136126101016998,0.4999940097332001,0.500001072883606,0.49999427795410156,0.5000014901161194
2,876,17.52,0.3220052719116211,0.06706325709819794,0.2883918583393097,0.013135368004441261,0.4999940097332001,0.5000010132789612,0.49999427795410156,0.5000014901161194
2,877,17.54,0.32066473364830017,0.06706312298774719,0.28839054703712463,0.013134610839188099,0.49999403953552246,0.5000010132789612,0.49999430775642395,0.5000013709068298
2,878,17.56,0.3193231225013733,0.06706280261278152,0.2883894741535187,0.013133852742612362,0.49999406933784485,0.5000010132789612,0.4999943673610687,0.5000013113021851
2,879,17.580000000000002,0.3179815411567688,0.06706256419420242,0.28838828206062317,0.013133096508681774,0.499994158744812,0.5000010132789612,0.4999944269657135,0.5000012516975403
2,880,17.6,0.31664055585861206,0.0670623853802681,0.2883869707584381,0.013132342137396336,0.4999941885471344,0.5000010132789612,0.4999944865703583,0.5000011324882507
2,881,17.62,0.3152996897697449,0.06706211715936661,0.288385808467865,0.013131596148014069,0.4999942183494568,0.500001072883606,0.49999451637268066,0.5000011324882507
2,882,17.64,0.3139580488204956,0.06706191599369049,0.28838470578193665,0.013130862265825272,0.4999942183494568,0.5000011920928955,0.4999944865703583,0.5000011920928955
2,883,17.66,0.31261658668518066,0.06706163287162781,0.2883833646774292,0.013130136765539646,0.4999941885471344,0.5000013113021851,0.4999944567680359,0.5000012516975403
2,884,17.68,0.31127554178237915,0.06706134229898453,0.2883821427822113,0.01312941126525402,0.4999941289424896,0.5000013709068298,0.4999943971633911,0.5000013709068298
2,885,17.7,0.3099348247051239,0.0670611560344696,0.28838109970092773,0.013128693215548992,0.49999403953552246,0.5000014901161194,0.49999433755874634,0.5000014901161194
2,886,17.72,0.30859291553497314,0.06706090271472931,0.2883797287940979,0.01312798447906971,0.4999939501285553,0.5000016093254089,0.4999942481517792,0.5000016093254089
2,887,17.740000000000002,0.30725181102752686,0.06706054508686066,0.2883784770965576,0.013127286918461323,0.4999938905239105,0.5000017285346985,0.4999941885471344,0.5000017285346985
2,888,17.76,0.30591100454330444,0.06706024706363678,0.28837743401527405,0.013126601465046406,0.49999383091926575,0.5000017881393433,0.4999941289424896,0.500001847743988
2,889,17.78,0.30456966161727905,0.0670599490404129,0.2883760333061218,0.013125928118824959,0.49999377131462097,0.5000017881393433,0.49999409914016724,0.5000019073486328
2,890,17.8,0.3032282590866089,0.06705963611602783,0.28837478160858154,0.013125266879796982,0.49999380111694336,0.5000017881393433,0.49999409914016724,0.5000019669532776
2,891,17.82,0.30188703536987305,0.06705927848815918,0.288373738527298,0.013124622404575348,0.49999383091926575,0.5000017881393433,0.49999409914016724,0.5000019669532776
2,892,17.84,0.30054643750190735,0.06705887615680695,0.28837233781814575,0.013124000281095505,0.4999938905239105,0.5000017881393433,0.4999941289424896,0.5000019073486328
2,893,17.86,0.2992050051689148,0.06705853343009949,0.2883710563182831,0.013123390264809132,0.4999939501285553,0.5000017881393433,0.499994158744812,0.500001847743988
2,894,17.88,0.29786330461502075,0.06705814599990845,0.2883699834346771,0.01312279887497425,0.49999403953552246,0.5000017881393433,0.4999942183494568,0.5000017881393433
2,895,17.900000000000002,0.2965225577354431,0.06705775856971741,0.28836867213249207,0.01312223169952631,0.49999406933784485,0.500001847743988,0.49999427795410156,0.5000017285346985
2,896,17.92,0.2951819598674774,0.06705738604068756,0.288367360830307,0.013121679425239563,0.4999941289424896,0.5000019073486328,0.49999427795410156,0.5000016689300537
2,897,17.94,0.293840229511261,0.06705707311630249,0.2883662283420563,0.013121150434017181,0.499994158744812,0.5000019669532776,0.4999942481517792,0.5000016689300537
2,898,17.96,0.29249897599220276,0.06705670058727264,0.2883654832839966,0.013120641000568867,0.499994158744812,0.5000020861625671,0.4999942183494568,0.5000017285346985
2,899,17.98,0.29115787148475647,0.0670563131570816,0.28836557269096375,0.013120146468281746,0.4999941289424896,0.5000022053718567,0.4999941885471344,0.5000019073486328
2,900,18.0,0.2898172438144684,0.06705604493618011,0.2883657217025757,0.013119668699800968,0.4999941289424896,0.5000023245811462,0.4999941289424896,0.5000020861625671
2,901,18.02,0.2884756028652191,0.06705567240715027,0.2883659601211548,0.013119208626449108,0.49999409914016724,0.5000026226043701,0.49999409914016724,0.5000024437904358
2,902,18.04,0.2871343493461609,0.06705526262521744,0.2883659899234772,0.013118777424097061,0.49999409914016724,0.5000028610229492,0.49999409914016724,0.5000028610229492
2,903,18.06,0.28579381108283997,0.06705493479967117,0.2883661389350891,0.013118362985551357,0.49999403953552246,0.5000032186508179,0.49999403953552246,0.5000033378601074
2,904,18.080000000000002,0.28445255756378174,0.0670543983578682,0.28836649656295776,0.013117965310811996,0.4999939501285553,0.5000036358833313,0.4999939799308777,0.5000038146972656
2,905,18.1,0.2831111550331116,0.06705398112535477,0.28836649656295776,0.013117585331201553,0.49999380111694336,0.5000041127204895,0.4999939203262329,0.500004231929779
2,906,18.12,0.2817700505256653,0.06705349683761597,0.2883666157722473,0.013117222115397453,0.4999936521053314,0.5000046491622925,0.49999377131462097,0.5000045299530029
2,907,18.14,0.2804293930530548,0.06705301254987717,0.28836700320243835,0.013116877526044846,0.4999934434890747,0.5000051259994507,0.49999359250068665,0.5000048875808716
2,908,18.16,0.27908840775489807,0.06705248355865479,0.28836697340011597,0.013116550631821156,0.4999932050704956,0.5000056624412537,0.4999934136867523,0.5000051259994507
2,909,18.18,0.2777467668056488,0.06705188751220703,0.2883670926094055,0.013116241432726383,0.4999929666519165,0.5000061392784119,0.4999932050704956,0.5000054836273193
2,910,18.2,0.276405930519104,0.06705129146575928,0.2883674204349518,0.013115949928760529,0.4999927580356598,0.5000065565109253,0.49999305605888367,0.500005841255188
2,911,18.22,0.27506545186042786,0.06705069541931152,0.28836748003959656,0.01311566773802042,0.49999260902404785,0.5000069737434387,0.49999290704727173,0.5000061988830566
2,912,18.240000000000002,0.27372393012046814,0.06704997271299362,0.2883675992488861,0.013115405105054379,0.4999924898147583,0.5000072717666626,0.4999927580356598,0.5000066757202148
2,913,18.26,0.27238285541534424,0.0670492947101593,0.2883678674697876,0.013115155510604382,0.4999924302101135,0.5000076293945312,0.4999926686286926,0.5000070929527283
2,914,18.28,0.2710418999195099,0.06704853475093842,0.28836801648139954,0.01311491895467043,0.4999924600124359,0.5000079274177551,0.49999260902404785,0.5000075101852417
2,915,18.3,0.26970165967941284,0.06704778969287872,0.2883681058883667,0.01311469729989767,0.4999924898147583,0.5000081658363342,0.49999257922172546,0.5000078678131104
2,916,18.32,0.2683601677417755,0.06704705953598022,0.2883683145046234,0.013114487752318382,0.49999257922172546,0.5000084638595581,0.4999925494194031,0.5000081658363342
2,917,18.34,0.26701879501342773,0.06704628467559814,0.2883685827255249,0.013114290311932564,0.49999263882637024,0.500008761882782,0.4999925494194031,0.5000084042549133
2,918,18.36,0.2656782269477844,0.06704549491405487,0.2883686423301697,0.01311410404741764,0.49999263882637024,0.5000090599060059,0.49999257922172546,0.5000085830688477
2,919,18.38,0.26433780789375305,0.06704460829496384,0.288368821144104,0.013113929890096188,0.49999263882637024,0.5000094175338745,0.4999925494194031,0.500008761882782
2,920,18.400000000000002,0.26299649477005005,0.06704382598400116,0.28836917877197266,0.013113760389387608,0.49999263882637024,0.5000097751617432,0.4999924600124359,0.5000090003013611
2,921,18.42,0.26165542006492615,0.06704290211200714,0.28836914896965027,0.0131135955452919,0.49999257922172546,0.5000101327896118,0.49999240040779114,0.5000093579292297
2,922,18.44,0.26031458377838135,0.0670420229434967,0.2883692979812622,0.013113439083099365,0.4999924600124359,0.5000104904174805,0.4999922811985016,0.5000097155570984
2,923,18.46,0.25897467136383057,0.0670412927865982,0.28836968541145325,0.013113277964293957,0.499992311000824,0.5000108480453491,0.49999213218688965,0.5000101327896118
2,924,18.48,0.2576330900192261,0.06704036146402359,0.28836968541145325,0.013113118708133698,0.4999921917915344,0.5000112056732178,0.4999919533729553,0.50001060962677
2,925,18.5,0.2562921643257141,0.06703940778970718,0.2883698046207428,0.01311295386403799,0.4999920725822449,0.5000115036964417,0.4999918043613434,0.500011146068573
2,926,18.52,0.2549516260623932,0.06703847646713257,0.28837013244628906,0.01311278436332941,0.4999919533729553,0.5000117421150208,0.49999165534973145,0.5000115633010864
2,927,18.54,0.25361117720603943,0.06703752279281616,0.2883702218532562,0.01311260461807251,0.49999186396598816,0.5000119805335999,0.4999915659427643,0.5000119805335999
2,928,18.56,0.25227007269859314,0.06703642010688782,0.28836897015571594,0.013112416490912437,0.4999918043613434,0.500012218952179,0.4999914765357971,0.5000122785568237
2,929,18.580000000000002,0.25092899799346924,0.06703530251979828,0.2883678078651428,0.013112220913171768,0.4999917149543762,0.5000123381614685,0.49999141693115234,0.5000124573707581
2,930,18.6,0.24958856403827667,0.06703418493270874,0.2883666157722473,0.013112014159560204,0.49999165534973145,0.5000123381614685,0.49999138712882996,0.5000124573707581
2,931,18.62,0.24824851751327515,0.0670330673456192,0.28836527466773987,0.013111797161400318,0.49999159574508667,0.5000123381614685,0.49999135732650757,0.5000122785568237
2,932,18.64,0.24690698087215424,0.06703200936317444,0.28836408257484436,0.013111566193401814,0.49999162554740906,0.5000121593475342,0.49999135732650757,0.5000120401382446
2,933,18.66,0.2455664575099945,0.0670311227440834,0.288362979888916,0.01311132125556469,0.49999165534973145,0.5000119209289551,0.49999141693115234,0.5000117421150208
2,934,18.68,0.24422594904899597,0.0670301765203476,0.2883615493774414,0.013111063279211521,0.499991774559021,0.5000116229057312,0.4999915361404419,0.5000114440917969
2,935,18.7,0.24288606643676758,0.06702911108732224,0.2883603274822235,0.013110787607729435,0.4999919533729553,0.5000112652778625,0.49999165534973145,0.5000112652778625
2,936,18.72,0.2415449172258377,0.06702818721532822,0.28835925459861755,0.013110498897731304,0.49999216198921204,0.5000109076499939,0.4999918043613434,0.500011146068573
2,937,18.740000000000002,0.240203857421875,0.0670272707939148,0.28835779428482056,0.013110189698636532,0.49999234080314636,0.50001060962677,0.4999919533729553,0.5000110268592834
2,938,18.76,0.23886384069919586,0.06702649593353271,0.28835657238960266,0.013109860941767693,0.4999925196170807,0.5000103712081909,0.49999210238456726,0.5000109076499939
2,939,18.78,0.23752382397651672,0.06702566146850586,0.28835543990135193,0.01310951542109251,0.49999260902404785,0.5000101923942566,0.4999921917915344,0.5000107884407043
2,940,18.8,0.23618268966674805,0.06702478229999542,0.2883540391921997,0.013109149411320686,0.4999926686286926,0.5000100135803223,0.4999922215938568,0.5000106692314148
2,941,18.82,0.23484206199645996,0.06702397763729095,0.28835269808769226,0.01310876477509737,0.49999263882637024,0.5000098943710327,0.4999922215938568,0.5000104904174805
2,942,18.84,0.23350156843662262,0.06702308356761932,0.28835153579711914,0.013108364306390285,0.49999257922172546,0.5000098347663879,0.4999921917915344,0.5000103116035461
2,943,18.86,0.23216204345226288,0.06702229380607605,0.2883501946926117,0.013107945211231709,0.4999924302101135,0.5000097155570984,0.49999213218688965,0.5000101923942566
2,944,18.88,0.23082077503204346,0.06702147424221039,0.2883487641811371,0.013107509352266788,0.49999234080314636,0.5000095963478088,0.4999920427799225,0.5000100135803223
2,945,18.900000000000002,0.22948019206523895,0.06702066957950592,0.28834760189056396,0.013107053004205227,0.4999921917915344,0.5000094175338745,0.4999919533729553,0.5000098943710327
2,946,18.92,0.22814007103443146,0.06701995432376862,0.28834623098373413,0.013106582686305046,0.49999210238456726,0.5000092387199402,0.49999189376831055,0.5000098347663879
2,947,18.94,0.2268000692129135,0.06701909005641937,0.2883448302745819,0.013106096535921097,0.4999920427799225,0.5000090003013611,0.49999189376831055,0.5000097155570984
2,948,18.96,0.22545938193798065,0.06701832264661789,0.28834354877471924,0.013105593621730804,0.4999920427799225,0.500008761882782,0.49999192357063293,0.5000095963478088
2,949,18.98,0.22411863505840302,0.06701748818159103,0.28834229707717896,0.01310507208108902,0.4999920725822449,0.5000084638595581,0.4999919831752777,0.5000094771385193
2,950,19.0,0.2227785289287567,0.06701664626598358,0.28834083676338196,0.01310453936457634,0.49999213218688965,0.500008225440979,0.49999210238456726,0.5000092387199402
2,951,19.02,0.2214389145374298,0.06701581180095673,0.2883394658565521,0.013103998266160488,0.4999922513961792,0.5000079274177551,0.4999922215938568,0.5000090003013611
2,952,19.04,0.22009792923927307,0.06701507419347763,0.2883383333683014,0.013103448785841465,0.49999237060546875,0.5000077486038208,0.499992311000824,0.5000087022781372
2,953,19.06,0.21875756978988647,0.06701436638832092,0.28833672404289246,0.013102895580232143,0.4999924302101135,0.5000075697898865,0.4999924302101135,0.5000083446502686
2,954,19.080000000000002,0.21741731464862823,0.06701363623142242,0.2883353531360626,0.013102333061397076,0.4999924898147583,0.5000074505805969,0.4999924898147583,0.5000079870223999
2,955,19.1,0.21607773005962372,0.0670129656791687,0.28833410143852234,0.013101772405207157,0.4999924898147583,0.5000073909759521,0.4999925196170807,0.500007688999176
2,956,19.12,0.21473710238933563,0.06701232492923737,0.28833267092704773,0.013101212680339813,0.4999924302101135,0.5000073313713074,0.4999925196170807,0.5000074505805969
2,957,19.14,0.2133963704109192,0.06701164692640305,0.2883312404155731,0.013100652024149895,0.49999234080314636,0.5000073313713074,0.4999924898147583,0.5000073313713074
2,958,19.16,0.21205653250217438,0.06701093167066574,0.2883298993110657,0.013100093230605125,0.4999922513961792,0.5000072717666626,0.49999240040779114,0.5000073313713074
2,959,19.18,0.21071678400039673,0.06701019406318665,0.288328617811203,0.013099534437060356,0.49999213218688965,0.5000072717666626,0.499992311000824,0.5000073909759521
2,960,19.2,0.20937630534172058,0.06700944900512695,0.28832706809043884,0.013098977506160736,0.4999920129776001,0.5000072121620178,0.4999922215938568,0.5000075101852417
2,961,19.22,0.20803579688072205,0.06700881570577621,0.2883257269859314,0.013098420575261116,0.4999919533729553,0.500007152557373,0.49999213218688965,0.5000075697898865
2,962,19.240000000000002,0.2066955864429474,0.06700808554887772,0.2883245050907135,0.01309786457568407,0.49999189376831055,0.5000070333480835,0.49999210238456726,0.5000075697898865
2,963,19.26,0.20535613596439362,0.06700742989778519,0.28832292556762695,0.013097322545945644,0.49999189376831055,0.500006914138794,0.49999213218688965,0.5000074505805969
2,964,19.28,0.20401562750339508,0.0670066624879837,0.28832152485847473,0.013096783310174942,0.49999192357063293,0.5000067353248596,0.4999921917915344,0.5000072717666626
2,965,19.3,0.2026752084493637,0.06700597703456879,0.28832027316093445,0.013096255250275135,0.4999919831752777,0.5000066161155701,0.4999922811985016,0.5000069737434387
2,966,19.32,0.20133517682552338,0.06700536608695984,0.2883188724517822,0.013095741160213947,0.49999210238456726,0.5000064373016357,0.49999237060546875,0.5000066757202148
2,967,19.34,0.19999538362026215,0.06700471043586731,0.28831735253334045,0.01309523917734623,0.4999921917915344,0.500006377696991,0.4999924898147583,0.500006377696991
2,968,19.36,0.19865544140338898,0.06700406968593597,0.2883160710334778,0.01309475302696228,0.4999922513961792,0.5000063180923462,0.4999925494194031,0.5000061392784119
2,969,19.38,0.1973147839307785,0.067003533244133,0.2883147895336151,0.013094279915094376,0.499992311000824,0.5000063180923462,0.49999260902404785,0.5000059604644775
2,970,19.400000000000002,0.19597478210926056,0.06700292229652405,0.28831323981285095,0.013093824498355389,0.4999922811985016,0.5000063180923462,0.49999260902404785,0.5000059008598328
2,971,19.42,0.19463519752025604,0.06700240075588226,0.2883118987083435,0.013093385845422745,0.4999922513961792,0.5000063180923462,0.4999925494194031,0.5000059604644775
2,972,19.44,0.19329513609409332,0.06700186431407928,0.2883106470108032,0.013092964887619019,0.4999921917915344,0.5000064373016357,0.4999924600124359,0.5000060200691223
2,973,19.46,0.19195479154586792,0.06700112670660019,0.2883092164993286,0.01309255976229906,0.4999920725822449,0.5000064969062805,0.49999237060546875,0.5000061988830566
2,974,19.48,0.19061459600925446,0.06700048595666885,0.28830772638320923,0.013092165812849998,0.4999919831752777,0.5000065565109253,0.4999922811985016,0.5000063180923462
2,975,19.5,0.18927499651908875,0.06699978560209274,0.28830647468566895,0.013091790489852428,0.49999189376831055,0.5000065565109253,0.4999921917915344,0.500006377696991
2,976,19.52,0.1879352331161499,0.06699909269809723,0.2883051931858063,0.013091432861983776,0.49999186396598816,0.5000064969062805,0.49999216198921204,0.5000064373016357
2,977,19.54,0.18659469485282898,0.06699840724468231,0.2883037030696869,0.013091091066598892,0.49999186396598816,0.5000064373016357,0.4999921917915344,0.500006377696991
2,978,19.56,0.18525484204292297,0.0669977217912674,0.28830236196517944,0.0130907678976655,0.49999192357063293,0.5000063180923462,0.4999922215938568,0.5000062584877014
2,979,19.580000000000002,0.1839149296283722,0.06699711084365845,0.28830116987228394,0.013090466149151325,0.4999920129776001,0.5000062584877014,0.4999922811985016,0.5000060796737671
2,980,19.6,0.18257561326026917,0.0669964849948883,0.2882997393608093,0.013090181164443493,0.49999210238456726,0.5000061392784119,0.49999240040779114,0.5000059008598328
2,981,19.62,0.18123511970043182,0.06699590384960175,0.2882983088493347,0.013089918531477451,0.4999922513961792,0.5000060796737671,0.4999924898147583,0.5000056624412537
2,982,19.64,0.17989492416381836,0.0669952780008316,0.2882970869541168,0.013089671730995178,0.49999237060546875,0.5000060200691223,0.4999925494194031,0.5000056028366089
2,983,19.66,0.178555428981781,0.06699483096599579,0.2882958650588989,0.013089451007544994,0.4999924600124359,0.5000060200691223,0.49999260902404785,0.5000054836273193
2,984,19.68,0.17721599340438843,0.06699422001838684,0.28829440474510193,0.013089245185256004,0.4999924898147583,0.5000060796737671,0.49999260902404785,0.5000054836273193
2,985,19.7,0.17587575316429138,0.06699363887310028,0.28829312324523926,0.013089055195450783,0.4999924898147583,0.5000061392784119,0.49999257922172546,0.5000055432319641
2,986,19.72,0.1745355725288391,0.06699302792549133,0.28829196095466614,0.013088882900774479,0.49999240040779114,0.5000061988830566,0.4999925196170807,0.5000056624412537
2,987,19.740000000000002,0.17319582402706146,0.06699247658252716,0.2882906198501587,0.013088729232549667,0.499992311000824,0.5000063180923462,0.4999924600124359,0.5000057220458984
2,988,19.76,0.17185665667057037,0.06699192523956299,0.28828924894332886,0.013088592328131199,0.4999921917915344,0.5000063180923462,0.49999237060546875,0.500005841255188
2,989,19.78,0.1705162674188614,0.06699129939079285,0.28828805685043335,0.013088463805615902,0.49999213218688965,0.5000063180923462,0.499992311000824,0.5000059604644775
2,990,19.8,0.16917634010314941,0.06699076294898987,0.28828689455986023,0.013088355772197247,0.4999920725822449,0.5000063180923462,0.4999922811985016,0.5000060200691223
2,991,19.82,0.1678365021944046,0.06699016690254211,0.2882854640483856,0.013088257052004337,0.4999920725822449,0.5000062584877014,0.4999922811985016,0.5000060200691223
2,992,19.84,0.16649717092514038,0.0669894814491272,0.2882842719554901,0.013088175095617771,0.49999213218688965,0.5000061392784119,0.499992311000824,0.5000060200691223
2,993,19.86,0.16515742242336273,0.06698882579803467,0.2882831394672394,0.013088103383779526,0.4999922513961792,0.5000060796737671,0.49999237060546875,0.500005841255188
2,994,19.88,0.16381698846817017,0.0669882744550705,0.2882818281650543,0.013088044710457325,0.49999234080314636,0.5000059604644775,0.4999924600124359,0.5000057220458984
2,995,19.900000000000002,0.1624774932861328,0.06698767840862274,0.28828051686286926,0.013088000006973743,0.4999924600124359,0.5000059008598328,0.4999925494194031,0.5000055432319641
2,996,19.92,0.16113793849945068,0.0669870674610138,0.28827935457229614,0.013087967410683632,0.49999257922172546,0.5000057816505432,0.4999926686286926,0.5000054240226746
2,997,19.94,0.1597985327243805,0.06698650121688843,0.2882782816886902,0.013087951578199863,0.4999926686286926,0.5000057816505432,0.4999927282333374,0.500005304813385
2,998,19.96,0.15845827758312225,0.06698589026927948,0.28827688097953796,0.013087944127619267,0.4999927282333374,0.5000057220458984,0.4999927580356598,0.500005304813385
2,999,19.98,0.1571183055639267,0.06698532402515411,0.28827574849128723,0.013087944127619267,0.4999927878379822,0.5000057816505432,0.4999927878379822,0.5000053644180298
2,1000,20.0,0.15577912330627441,0.0669848769903183,0.2882746458053589,0.013087949715554714,0.4999927878379822,0.5000057816505432,0.4999927282333374,0.5000054240226746
42,1,0.02,1.4554520845413208,0.27640295028686523,0.8503637909889221,0.37847235798835754,0.37387993931770325,0.4960988759994507,0.5147280097007751,0.4488024115562439
42,2,0.04,1.449669599533081,0.29922330379486084,0.8486025333404541,0.3277439773082733,0.30667003989219666,0.5090547800064087,0.5263126492500305,0.4044724702835083
42,3,0.06,1.4434245824813843,0.3253365457057953,0.8474123477935791,0.27534371614456177,0.28277820348739624,0.49848753213882446,0.5371481776237488,0.3803103566169739
42,4,0.08,1.4366192817687988,0.3555639684200287,0.8467336893081665,0.22400623559951782,0.2902693748474121,0.471977174282074,0.5476138591766357,0.374702513217926
42,5,0.1,1.4291781187057495,0.3905945122241974,0.8465314507484436,0.1773533970117569,0.3248552083969116,0.43705761432647705,0.5600128769874573,0.3885818123817444
42,6,0.12,1.4210771322250366,0.4287225604057312,0.8467960953712463,0.1396685391664505,0.3833191990852356,0.40063029527664185,0.5739311575889587,0.41536420583724976
42,7,0.14,1.4123655557632446,0.4659338593482971,0.8475317358970642,0.11514662206172943,0.45666107535362244,0.3686233162879944,0.5880565047264099,0.44076937437057495
42,8,0.16,1.4031611680984497,0.4981254041194916,0.8487333655357361,0.10565194487571716,0.5290940403938293,0.3454975485801697,0.6017452478408813,0.4493275284767151
42,9,0.18,1.393613338470459,0.5231318473815918,0.8503681421279907,0.1080297902226448,0.5867220759391785,0.33386021852493286,0.6143009066581726,0.43285053968429565
42,10,0.2,1.3838672637939453,0.5413967967033386,0.8523699641227722,0.11624439805746078,0.624540388584137,0.33424246311187744,0.6242974400520325,0.3940316438674927
42,11,0.22,1.3740469217300415,0.5555120706558228,0.854649007320404,0.1258608102798462,0.6440615057945251,0.3449792265892029,0.6297517418861389,0.344989538192749
42,12,0.24,1.3642419576644897,0.56874018907547,0.8571039438247681,0.13506506383419037,0.6488964557647705,0.36252361536026,0.6284728050231934,0.3017394244670868
42,13,0.26,1.3544971942901611,0.5832071304321289,0.8596336245536804,0.1435796022415161,0.6435022354125977,0.3827207684516907,0.6188386082649231,0.276724249124527
42,14,0.28,1.3448150157928467,0.5989503264427185,0.8621432185173035,0.15164323151111603,0.6325157284736633,0.40220656991004944,0.6008128523826599,0.27603989839553833
42,15,0.3,1.335160732269287,0.6139851808547974,0.8645473122596741,0.1594870388507843,0.6191370487213135,0.41890770196914673,0.5762554407119751,0.3017458915710449
42,16,0.32,1.3254846334457397,0.6248689889907837,0.8667708039283752,0.16717614233493805,0.6044496893882751,0.4320117235183716,0.5483753681182861,0.35284459590911865
42,17,0.34,1.3157520294189453,0.627824604511261,0.8687487840652466,0.17472682893276215,0.5884895324707031,0.44180548191070557,0.5209241509437561,0.4220995604991913
42,18,0.36,1.305972695350647,0.6206207871437073,0.8704221844673157,0.18238773941993713,0.5719820857048035,0.44902485609054565,0.49760007858276367,0.4936492145061493
42,19,0.38,1.2961994409561157,0.6040716767311096,0.8717328310012817,0.1907873898744583,0.5572266578674316,0.4535723924636841,0.4815942347049713,0.5487327575683594
42,20,0.4,1.2864969968795776,0.581753134727478,0.8726217150688171,0.20075099170207977,0.5472909212112427,0.45386919379234314,0.474861741065979,0.5753467082977295
42,21,0.42,1.2769005298614502,0.5585665106773376,0.8730288743972778,0.21298488974571228,0.5442570447921753,0.4482506513595581,0.477369099855423,0.5711249113082886
42,22,0.44,1.2673932313919067,0.5394997000694275,0.8728947639465332,0.2279273420572281,0.5480614900588989,0.43710702657699585,0.4872482419013977,0.5404077768325806
42,23,0.46,1.2579026222229004,0.5287058353424072,0.8721634745597839,0.2458268404006958,0.5566601753234863,0.4230443835258484,0.5017982125282288,0.49173200130462646
42,24,0.48,1.2483185529708862,0.5285353660583496,0.8707844614982605,0.26687052845954895,0.5672276020050049,0.4089847803115845,0.5183448791503906,0.43640026450157166
42,25,0.5,1.2385218143463135,0.5388104915618896,0.8687140345573425,0.29118457436561584,0.5775502920150757,0.39657190442085266,0.5344895720481873,0.3860970735549927
42,26,0.52,1.228408932685852,0.5568844676017761,0.8659170866012573,0.3187258839607239,0.5867376327514648,0.38616952300071716,0.5481073260307312,0.3498285412788391
42,27,0.54,1.2179112434387207,0.5784295797348022,0.8623664975166321,0.34921345114707947,0.5949244499206543,0.3777529001235962,0.5575205683708191,0.3324437439441681
42,28,0.56,1.207000494003296,0.5984447598457336,0.8580431342124939,0.3821723461151123,0.6023422479629517,0.37165799736976624,0.5617969632148743,0.33522653579711914
42,29,0.58,1.1956911087036133,0.6122882962226868,0.8529354333877563,0.4170507490634918,0.6084399819374084,0.36883848905563354,0.5608857870101929,0.3566036820411682
42,30,0.6,1.1840375661849976,0.6168944835662842,0.8470391631126404,0.45334702730178833,0.6115292906761169,0.3706967830657959,0.5554786324501038,0.39152029156684875
42,31,0.62,1.1721210479736328,0.6120395064353943,0.8403556942939758,0.4906888008117676,0.6092064380645752,0.3784582018852234,0.5466556549072266,0.4307050108909607
42,32,0.64,1.160024881362915,0.6007674336433411,0.8328911662101746,0.5288142561912537,0.5995694398880005,0.392082154750824,0.5354620814323425,0.4626191556453705
42,33,0.66,1.1478098630905151,0.5882250666618347,0.8246533274650574,0.5674771070480347,0.5826148986816406,0.4093132019042969,0.5227125883102417,0.47817277908325195
42,34,0.68,1.1354966163635254,0.5794346332550049,0.8156507015228271,0.6063932776451111,0.5607322454452515,0.425980806350708,0.5092684626579285,0.4746166467666626
42,35,0.7000000000000001,1.123072862625122,0.577330470085144,0.8058915734291077,0.6452985405921936,0.5378394722938538,0.4377593398094177,0.49648317694664,0.45613154768943787
42,36,0.72,1.1105117797851562,0.581972599029541,0.7953841686248779,0.6840437650680542,0.517911434173584,0.44200634956359863,0.4861719012260437,0.43135762214660645
42,37,0.74,1.0977928638458252,0.5910701155662537,0.7841389179229736,0.722590446472168,0.5039443969726562,0.4383534789085388,0.4800150394439697,0.40926459431648254
42,38,0.76,1.084911823272705,0.601294219493866,0.7721714377403259,0.7609072327613831,0.4976065158843994,0.42821717262268066,0.4789120554924011,0.3957067131996155
42,39,0.78,1.0718820095062256,0.6096068620681763,0.7595042586326599,0.7988651394844055,0.4991699755191803,0.41406887769699097,0.48271504044532776,0.392313152551651
42,40,0.8,1.0587276220321655,0.6141778826713562,0.7461686730384827,0.8362219929695129,0.5074341893196106,0.39884376525878906,0.49035876989364624,0.397154837846756
42,41,0.8200000000000001,1.045473575592041,0.6147904992103577,0.7322038412094116,0.8726982474327087,0.5197819471359253,0.3854277729988098,0.5001801252365112,0.40599170327186584
42,42,0.84,1.0321358442306519,0.6127364635467529,0.717655599117279,0.9080839157104492,0.5326899886131287,0.37616854906082153,0.5102623701095581,0.41375014185905457
42,43,0.86,1.0187169313430786,0.6102690696716309,0.7025747895240784,0.9423062205314636,0.5427079200744629,0.3725042939186096,0.5187475085258484,0.41619184613227844
42,44,0.88,1.0052056312561035,0.6097790598869324,0.6870145201683044,0.9754253029823303,0.5474087595939636,0.3748132586479187,0.5241073369979858,0.4113522469997406
42,45,0.9,0.9915842413902283,0.6129772067070007,0.6710293292999268,1.0075773000717163,0.5457875728607178,0.3824797570705414,0.5253416895866394,0.40020492672920227
42,46,0.92,0.9778355360031128,0.6203587651252747,0.6546748876571655,1.0389028787612915,0.5381046533584595,0.39411529898643494,0.522063672542572,0.386304646730423
42,47,0.9400000000000001,0.9639567732810974,0.6311038136482239,0.6380091905593872,1.0694854259490967,0.525539755821228,0.40789127349853516,0.5144937634468079,0.3745291829109192
42,48,0.96,0.9499606490135193,0.643415093421936,0.6210945248603821,1.0993106365203857,0.5098968744277954,0.42192620038986206,0.5034390687942505,0.36943870782852173
42,49,0.98,0.9358793497085571,0.6551257371902466,0.604000449180603,1.1282447576522827,0.49333706498146057,0.434619277715683,0.49029168486595154,0.3739243149757385
42,50,1.0,0.9217529892921448,0.6643481254577637,0.586806058883667,1.156036138534546,0.47807571291923523,0.4448317587375641,0.4769827127456665,0.38842251896858215
42,51,1.02,0.9076233506202698,0.6700169444084167,0.5696026086807251,1.1823574304580688,0.46604034304618835,0.45192021131515503,0.46577027440071106,0.4105989933013916
42,52,1.04,0.8935262560844421,0.6721592545509338,0.5524934530258179,1.2068907022476196,0.45850497484207153,0.4557070732116699,0.45878881216049194,0.4356423318386078
42,53,1.06,0.8794850707054138,0.6718026399612427,0.5355944037437439,1.2294303178787231,0.45579105615615845,0.45646968483924866,0.4574429392814636,0.45755672454833984
42,54,1.08,0.8655097484588623,0.6705296635627747,0.5190313458442688,1.2499521970748901,0.4572274088859558,0.4549686014652252,0.46190059185028076,0.47120630741119385
42,55,1.1,0.8515920042991638,0.6698976159095764,0.5029391050338745,1.2686121463775635,0.46144747734069824,0.4524344801902771,0.47097983956336975,0.4740251302719116
42,56,1.12,0.8377145528793335,0.6709582805633545,0.4874592423439026,1.2856813669204712,0.4668610095977783,0.4503856301307678,0.48253440856933594,0.4665781557559967
42,57,1.1400000000000001,0.823852002620697,0.6740357279777527,0.47274094820022583,1.3014421463012695,0.4720618724822998,0.45026496052742004,0.4941248297691345,0.4520876705646515
42,58,1.16,0.8099860548973083,0.6787533164024353,0.4589402377605438,1.3160902261734009,0.47604426741600037,0.4530797600746155,0.5036117434501648,0.4353945255279541
42,59,1.18,0.7961040735244751,0.6842545866966248,0.44622060656547546,1.3296735286712646,0.47822827100753784,0.4592444598674774,0.5094708800315857,0.4216965436935425
42,60,1.2,0.7822021245956421,0.6894912123680115,0.43475109338760376,1.3420684337615967,0.4783596694469452,0.46865010261535645,0.5108945965766907,0.41536104679107666
42,61,1.22,0.7682870030403137,0.6935128569602966,0.42470282316207886,1.3530107736587524,0.4763791263103485,0.48081761598587036,0.5078249573707581,0.41906607151031494
42,62,1.24,0.7543706893920898,0.6956695318222046,0.41624224185943604,1.3621536493301392,0.4723574221134186,0.49498358368873596,0.500962495803833,0.4333045184612274
42,63,1.26,0.7404677271842957,0.6957128047943115,0.4095221161842346,1.3691598176956177,0.4665599763393402,0.5100856423377991,0.491695374250412,0.45618659257888794
42,64,1.28,0.7265937328338623,0.6937783360481262,0.40467095375061035,1.3737941980361938,0.4596046209335327,0.5247474908828735,0.4818800091743469,0.4837287366390228
42,65,1.3,0.7127624154090881,0.6902719736099243,0.40178266167640686,1.375988245010376,0.45255976915359497,0.5374265313148499,0.47347456216812134,0.5109443664550781
42,66,1.32,0.6989848017692566,0.6857132911682129,0.4009094834327698,1.3758221864700317,0.44680848717689514,0.5468032956123352,0.46810731291770935,0.5334782600402832
42,67,1.34,0.6852670907974243,0.6806095838546753,0.40205809473991394,1.3734616041183472,0.4436574876308441,0.5522695183753967,0.4667067229747772,0.5488563776016235
42,68,1.36,0.6716119647026062,0.6753575205802917,0.40519067645072937,1.369077444076538,0.4438832700252533,0.5542081594467163,0.4693112373352051,0.5567172765731812
42,69,1.3800000000000001,0.6580142974853516,0.6701927185058594,0.41022923588752747,1.3627952337265015,0.4474676251411438,0.5538699626922607,0.47511357069015503,0.558270275592804
42,70,1.4000000000000001,0.6444671750068665,0.6651757955551147,0.4170617163181305,1.35468327999115,0.4536346197128296,0.552934467792511,0.4827099144458771,0.555579662322998
42,71,1.42,0.630962610244751,0.6602287292480469,0.4255494773387909,1.3447593450546265,0.4611158072948456,0.5530011057853699,0.4904594421386719,0.5510129928588867
42,72,1.44,0.6174920201301575,0.6551842093467712,0.4355347156524658,1.3330007791519165,0.46848902106285095,0.5552071928977966,0.4968448877334595,0.5468708276748657
42,73,1.46,0.6040499806404114,0.6498532891273499,0.4468470513820648,1.3193598985671997,0.47447365522384644,0.5600447058677673,0.5007478594779968,0.5450984835624695
42,74,1.48,0.5906348824501038,0.6440697908401489,0.4593103229999542,1.3037761449813843,0.47814077138900757,0.5673514604568481,0.5016003847122192,0.5470266938209534
42,75,1.5,0.5772472023963928,0.6377165913581848,0.47274696826934814,1.2861939668655396,0.47904762625694275,0.5764206647872925,0.49941861629486084,0.5531741380691528
42,76,1.52,0.5638928413391113,0.6307460069656372,0.48698192834854126,1.2665770053863525,0.4773118793964386,0.5861809849739075,0.4947422444820404,0.5631853938102722
42,77,1.54,0.5505818724632263,0.6231771111488342,0.5018460154533386,1.2449212074279785,0.4736132025718689,0.595414936542511,0.4885040521621704,0.5759620070457458
42,78,1.56,0.5373286008834839,0.6151096224784851,0.5171781778335571,1.2212506532669067,0.4690868854522705,0.6029927730560303,0.4818466603755951,0.5899631977081299
42,79,1.58,0.524150550365448,0.6067318320274353,0.5328269600868225,1.1956106424331665,0.46508562564849854,0.6080870628356934,0.47591036558151245,0.6035732626914978
42,80,1.6,0.511065661907196,0.5983045101165771,0.5486513376235962,1.1680567264556885,0.46284791827201843,0.6103249192237854,0.4716245234012604,0.6154022812843323
42,81,1.62,0.49809399247169495,0.5901343822479248,0.5645211338996887,1.1386568546295166,0.4631763696670532,0.6098417043685913,0.46954548358917236,0.6244474649429321
42,82,1.6400000000000001,0.48525184392929077,0.5825201869010925,0.580316960811615,1.1075025796890259,0.4662385880947113,0.6072246432304382,0.46977418661117554,0.6301345825195312
42,83,1.6600000000000001,0.47255149483680725,0.5756902098655701,0.5959300994873047,1.0747236013412476,0.47155219316482544,0.6033632755279541,0.47196927666664124,0.6323059797286987
42,84,1.68,0.45999833941459656,0.5697646141052246,0.6112629175186157,1.0404990911483765,0.478141725063324,0.5992452502250671,0.4754483997821808,0.6312065124511719
42,85,1.7,0.44759225845336914,0.5647266507148743,0.626228392124176,1.00505530834198,0.4848018288612366,0.5957436561584473,0.4793508052825928,0.6274716258049011
42,86,1.72,0.4353262782096863,0.5604408383369446,0.6407501697540283,0.9686498641967773,0.4903826415538788,0.5934457778930664,0.4828208088874817,0.6220850944519043
42,87,1.74,0.4231889545917511,0.5566765069961548,0.6547625064849854,0.9315475821495056,0.494022399187088,0.5925612449645996,0.4851684868335724,0.6162666082382202
42,88,1.76,0.4111690819263458,0.5531508326530457,0.6682078242301941,0.8939974904060364,0.49528634548187256,0.5929252505302429,0.4859756827354431,0.6112733483314514
42,89,1.78,0.399259090423584,0.5495786070823669,0.6810375452041626,0.8562201261520386,0.4942065477371216,0.5940814018249512,0.48513543605804443,0.6081474423408508
42,90,1.8,0.3874571621417999,0.5457213521003723,0.6932088732719421,0.8184099197387695,0.4912370443344116,0.5954112410545349,0.48283395171165466,0.6074773073196411
42,91,1.82,0.3757707178592682,0.5414381623268127,0.7046847343444824,0.7807511687278748,0.4871472716331482,0.5962703824043274,0.4794911742210388,0.6092538833618164
42,92,1.84,0.3642154335975647,0.5367156267166138,0.7154316306114197,0.7434417009353638,0.48287010192871094,0.5961066484451294,0.475676029920578,0.6128733158111572
42,93,1.86,0.35281282663345337,0.5316797494888306,0.7254199981689453,0.7067181468009949,0.4793233573436737,0.5945467352867126,0.4720073938369751,0.6172849535942078
42,94,1.8800000000000001,0.34158676862716675,0.5265741944313049,0.7346241474151611,0.6708779335021973,0.477229505777359,0.5914500951766968,0.4690525531768799,0.6212372779846191
42,95,1.9000000000000001,0.3305591940879822,0.5217021703720093,0.7430223226547241,0.636290431022644,0.47696930170059204,0.5869281888008118,0.46723517775535583,0.6235470771789551
42,96,1.92,0.3197452127933502,0.5173532962799072,0.7505978941917419,0.6033983826637268,0.4785086214542389,0.5813247561454773,0.4667690694332123,0.6233276128768921
42,97,1.94,0.30915001034736633,0.5137287974357605,0.7573397159576416,0.5727054476737976,0.4814220666885376,0.5751553773880005,0.4676324725151062,0.6201393604278564
42,98,1.96,0.29876819252967834,0.5108903646469116,0.7632420659065247,0.5447491407394409,0.4850080609321594,0.5690110325813293,0.46958833932876587,0.6140586733818054
42,99,1.98,0.28858518600463867,0.5087378025054932,0.7683061361312866,0.5200592875480652,0.488460898399353,0.5634456872940063,0.4722442924976349,0.6056685447692871
42,100,2.0,0.2785792648792267,0.5070300102233887,0.7725386619567871,0.4991072714328766,0.49104976654052734,0.55887770652771,0.4751323461532593,0.5959703922271729
42,101,2.02,0.26872748136520386,0.5054343342781067,0.7759512662887573,0.48225638270378113,0.49225831031799316,0.5555299520492554,0.4777870178222656,0.5862137675285339
42,102,2.04,0.25900909304618835,0.503594160079956,0.7785605192184448,0.4697241187095642,0.49185943603515625,0.5534216165542603,0.47980543971061707,0.5776582360267639
42,103,2.06,0.2494099736213684,0.5012028217315674,0.7803842425346375,0.461565762758255,0.48992210626602173,0.5523996353149414,0.4808882772922516,0.5713112950325012
42,104,2.08,0.2399241030216217,0.49806657433509827,0.7814428210258484,0.4576830267906189,0.4867651164531708,0.5521913766860962,0.4808672070503235,0.5677103400230408
42,105,2.1,0.23055319488048553,0.49413979053497314,0.781756579875946,0.4578501582145691,0.48287978768348694,0.5524569749832153,0.47972390055656433,0.5668113827705383
42,106,2.12,0.22130507230758667,0.4895293116569519,0.781347393989563,0.4617474675178528,0.4788408875465393,0.5528342127799988,0.4775996208190918,0.568018913269043
42,107,2.14,0.2121896892786026,0.48446911573410034,0.7802372574806213,0.46899035573005676,0.4752179980278015,0.552978515625,0.474786639213562,0.57034832239151
42,108,2.16,0.20321625471115112,0.479265421628952,0.7784494757652283,0.47915118932724,0.47249045968055725,0.5526058673858643,0.47169339656829834,0.5726710557937622
42,109,2.18,0.19438782334327698,0.4742377698421478,0.7760101556777954,0.4917728900909424,0.47097113728523254,0.551538348197937,0.46878331899642944,0.5739712119102478
42,110,2.2,0.1857033520936966,0.46964630484580994,0.772947371006012,0.5063806176185608,0.4707508385181427,0.5497429370880127,0.46649622917175293,0.5735464692115784
42,111,2.22,0.17715288698673248,0.46564018726348877,0.7692923545837402,0.5224932432174683,0.4716806709766388,0.5473478436470032,0.4651690423488617,0.5711143612861633
42,112,2.24,0.16872288286685944,0.46223458647727966,0.7650793194770813,0.5396387577056885,0.4734032154083252,0.5446255803108215,0.464974045753479,0.5668230056762695
42,113,2.2600000000000002,0.16039574146270752,0.4593132734298706,0.7603448629379272,0.5573690533638,0.47542935609817505,0.5419424772262573,0.46588772535324097,0.5611861348152161
42,114,2.2800000000000002,0.15215376019477844,0.456661194562912,0.7551271319389343,0.5752735733985901,0.47724053263664246,0.5396894216537476,0.4676956236362457,0.554966151714325
42,115,2.3000000000000003,0.143981471657753,0.45401641726493835,0.7494654655456543,0.5929902195930481,0.47838836908340454,0.5382102131843567,0.47003069519996643,0.5490270853042603
42,116,2.32,0.13586696982383728,0.4511248469352722,0.7433993816375732,0.6102114319801331,0.47856831550598145,0.5377449989318848,0.47243732213974,0.5441772937774658
42,117,2.34,0.12780380249023438,0.4477856755256653,0.7369681000709534,0.6266872882843018,0.47765612602233887,0.5383941531181335,0.4744495153427124,0.5410240888595581
42,118,2.36,0.11978977918624878,0.443880170583725,0.7302097678184509,0.6422252655029297,0.4757094085216522,0.5401046872138977,0.47567054629325867,0.53986656665802
42,119,2.38,0.11182787269353867,0.43937772512435913,0.7231622934341431,0.6566854119300842,0.4729449152946472,0.5426763892173767,0.4758417308330536,0.5406485795974731
42,120,2.4,0.103923499584198,0.4343324899673462,0.7158616185188293,0.6699739098548889,0.4697018265724182,0.5457878708839417,0.47488799691200256,0.5429861545562744
42,121,2.42,0.09608321636915207,0.42886045575141907,0.7083441615104675,0.6820333003997803,0.46639466285705566,0.5490425229072571,0.472932368516922,0.5462629795074463
42,122,2.44,0.08831379562616348,0.42311587929725647,0.7006451487541199,0.69283127784729,0.4634558856487274,0.5520319938659668,0.4702757000923157,0.5497710704803467
42,123,2.46,0.08062057942152023,0.4172607362270355,0.6928005814552307,0.7023473978042603,0.4612681269645691,0.5544075965881348,0.467343807220459,0.5528573989868164
42,124,2.48,0.07300739735364914,0.4114423096179962,0.6848459243774414,0.7105642557144165,0.4600948989391327,0.5559447407722473,0.46461188793182373,0.555036723613739
42,125,2.5,0.06547518819570541,0.405769944190979,0.676817774772644,0.7174592018127441,0.4600258767604828,0.5565846562385559,0.46251949667930603,0.5560503602027893
42,126,2.52,0.058023788034915924,0.40030115842819214,0.6687511801719666,0.7230028510093689,0.4609549641609192,0.5564426183700562,0.4613924026489258,0.5558696389198303
42,127,2.54,0.050650667399168015,0.39503931999206543,0.6606813073158264,0.7271585464477539,0.4626001715660095,0.5557810068130493,0.4613867700099945,0.5546631217002869
42,128,2.56,0.043353114277124405,0.38994041085243225,0.652642011642456,0.7298875451087952,0.4645612835884094,0.5549545288085938,0.46246546506881714,0.5527457594871521
42,129,2.58,0.03612791374325752,0.3849251866340637,0.6446654200553894,0.7311531901359558,0.46640002727508545,0.5543408989906311,0.46441012620925903,0.550523579120636
42,130,2.6,0.028972972184419632,0.37990009784698486,0.6367818117141724,0.7309284806251526,0.46772265434265137,0.5542711019515991,0.4668651223182678,0.5484358072280884
42,131,2.62,0.021886590868234634,0.37477150559425354,0.6290194988250732,0.7292010188102722,0.46824678778648376,0.5549725890159607,0.46940359473228455,0.5468956828117371
42,132,2.64,0.014869428239762783,0.369461327791214,0.6214036345481873,0.7259767055511475,0.4678427577018738,0.5565336346626282,0.47160211205482483,0.5462306141853333
42,133,2.66,0.007923104800283909,0.3639170825481415,0.6139578223228455,0.7212820053100586,0.4665462076663971,0.5588923692703247,0.47311174869537354,0.5466304421424866
42,134,2.68,0.0010519132483750582,0.35811474919319153,0.6067025065422058,0.7151644825935364,0.4645448625087738,0.5618513226509094,0.4737135171890259,0.5481143593788147
42,135,2.7,-0.0057393708266317844,0.3520593047142029,0.5996554493904114,0.7076892852783203,0.4621450901031494,0.5651125907897949,0.47335147857666016,0.5505272150039673
42,136,2.72,-0.012444977648556232,0.34578022360801697,0.5928323268890381,0.6989352107048035,0.4597225487232208,0.5683292150497437,0.47213926911354065,0.5535680651664734
42,137,2.74,-0.01905857026576996,0.33932527899742126,0.5862464308738708,0.6889870166778564,0.4576621651649475,0.5711638927459717,0.4703386723995209,0.5568460822105408
42,138,2.7600000000000002,-0.025574037805199623,0.3327547609806061,0.5799084305763245,0.6779300570487976,0.45629438757896423,0.5733461380004883,0.46831315755844116,0.5599486827850342
42,139,2.7800000000000002,-0.031986404210329056,0.32613325119018555,0.5738266706466675,0.6658422350883484,0.4558369815349579,0.5747179388999939,0.46646302938461304,0.5625072717666626
42,140,2.8000000000000003,-0.038291022181510925,0.3195207417011261,0.5680079460144043,0.6527925133705139,0.4563541114330292,0.5752599835395813,0.46515291929244995,0.5642486214637756
42,141,2.82,-0.04448529705405235,0.31296733021736145,0.5624557733535767,0.6388375163078308,0.4577431082725525,0.575092613697052,0.4646449685096741,0.5650286078453064
42,142,2.84,-0.05056825280189514,0.30650582909584045,0.5571719408035278,0.6240254044532776,0.4597529172897339,0.5744520425796509,0.4650516211986542,0.5648491382598877
42,143,2.86,-0.05653950572013855,0.3001500070095062,0.5521559715270996,0.6083991527557373,0.46203184127807617,0.5736443996429443,0.46631675958633423,0.5638594627380371
42,144,2.88,-0.062399737536907196,0.293894499540329,0.547404944896698,0.5920010209083557,0.4641936123371124,0.5729878544807434,0.4682287573814392,0.5623409748077393
42,145,2.9,-0.06814920157194138,0.28771811723709106,0.5429137945175171,0.5748783946037292,0.4658873677253723,0.5727534294128418,0.4704623520374298,0.5606719255447388
42,146,2.92,-0.07378844171762466,0.2815901041030884,0.5386756062507629,0.557088315486908,0.46685755252838135,0.5731164813041687,0.4726395010948181,0.5592700839042664
42,147,2.94,-0.07931719720363617,0.2754749357700348,0.5346810221672058,0.538699209690094,0.46698278188705444,0.5741276741027832,0.4743979275226593,0.558519184589386
42,148,2.96,-0.08473406732082367,0.26934051513671875,0.5309192538261414,0.5197932720184326,0.4662906229496002,0.5757079124450684,0.47545483708381653,0.558692216873169
42,149,2.98,-0.09003707766532898,0.2631608545780182,0.5273779034614563,0.5004652738571167,0.4649474620819092,0.5776658654212952,0.47565582394599915,0.559889554977417
42,150,3.0,-0.09522292017936707,0.25691738724708557,0.5240433216094971,0.48082002997398376,0.46322858333587646,0.5797341465950012,0.4750012755393982,0.5620108246803284
42,151,3.02,-0.10028859227895737,0.25060340762138367,0.520901083946228,0.46096864342689514,0.4614720940589905,0.5816174745559692,0.4736455976963043,0.5647698044776917
42,152,3.04,-0.10523095726966858,0.24422332644462585,0.5179358720779419,0.4410218894481659,0.46002256870269775,0.5830451846122742,0.4718680679798126,0.5677499771118164
42,153,3.06,-0.11004669964313507,0.23779253661632538,0.5151326060295105,0.42108607292175293,0.4591713845729828,0.5838199853897095,0.4700191020965576,0.5704864263534546
42,154,3.08,-0.11473388224840164,0.23133574426174164,0.5124756693840027,0.4012584984302521,0.4591031074523926,0.583855152130127,0.4684516489505768,0.5725533366203308
42,155,3.1,-0.11929112672805786,0.22488228976726532,0.5099505186080933,0.3816257119178772,0.45985984802246094,0.5831909775733948,0.4674513339996338,0.5736407041549683
42,156,3.12,-0.12371785938739777,0.2184637188911438,0.5075424909591675,0.36226505041122437,0.4613323509693146,0.5819871425628662,0.4671807885169983,0.5736069083213806
42,157,3.14,-0.12801435589790344,0.21210533380508423,0.5052378177642822,0.3432481288909912,0.4632815718650818,0.5804903507232666,0.46765005588531494,0.5725036263465881
42,158,3.16,-0.13218152523040771,0.20582392811775208,0.5030233860015869,0.3246457576751709,0.4653868079185486,0.5789833664894104,0.4687194228172302,0.570570707321167
42,159,3.18,-0.1362202763557434,0.19962508976459503,0.5008864402770996,0.3065340518951416,0.46730920672416687,0.5777274370193481,0.4701322317123413,0.568199872970581
42,160,3.2,-0.14013177156448364,0.19350288808345795,0.4988146126270294,0.28899961709976196,0.4687560498714447,0.5769098997116089,0.47157010436058044,0.565869152545929
42,161,3.22,-0.14391635358333588,0.18744318187236786,0.49679628014564514,0.27214425802230835,0.4695327579975128,0.5766101479530334,0.4727180600166321,0.5640529990196228
42,162,3.24,-0.1475743055343628,0.18142466247081757,0.4948202669620514,0.25608623027801514,0.46957406401634216,0.5767877101898193,0.47332707047462463,0.5631250143051147
42,163,3.2600000000000002,-0.15110568702220917,0.17542436718940735,0.4928750693798065,0.2409595251083374,0.4689512848854065,0.577295184135437,0.4732624590396881,0.5632738471031189
42,164,3.2800000000000002,-0.15451017022132874,0.16942113637924194,0.4909501075744629,0.22690923511981964,0.4678565263748169,0.5779097676277161,0.4725293517112732,0.5644555687904358
42,165,3.3000000000000003,-0.1577877551317215,0.16339971125125885,0.48903506994247437,0.21408213675022125,0.4665675461292267,0.5783768892288208,0.4712703227996826,0.5663977265357971
42,166,3.3200000000000003,-0.16093799471855164,0.15735657513141632,0.48712074756622314,0.2026151418685913,0.4653979539871216,0.5784593820571899,0.46973496675491333,0.5686559081077576
42,167,3.34,-0.1639615297317505,0.1513013243675232,0.4851985573768616,0.1926213651895523,0.4646395146846771,0.577983021736145,0.46822723746299744,0.5707085132598877
42,168,3.36,-0.1668590009212494,0.1452576220035553,0.4832617938518524,0.18417730927467346,0.4645061492919922,0.5768707394599915,0.4670412540435791,0.5720654129981995
42,169,3.38,-0.16963203251361847,0.13926160335540771,0.4813045263290405,0.1773136705160141,0.46509188413619995,0.5751585364341736,0.46639981865882874,0.572365939617157
42,170,3.4,-0.17228254675865173,0.13335399329662323,0.47932225465774536,0.17201155424118042,0.4663529098033905,0.5729877948760986,0.46641018986701965,0.5714467167854309
42,171,3.42,-0.17481373250484467,0.12757515907287598,0.47731202840805054,0.16820523142814636,0.46811914443969727,0.5705744028091431,0.46704599261283875,0.5693708658218384
42,172,3.44,-0.177228644490242,0.12195654958486557,0.47527191042900085,0.16579091548919678,0.4701327383518219,0.5681619644165039,0.46815869212150574,0.5664157867431641
42,173,3.46,-0.17953093349933624,0.11651469022035599,0.4732002019882202,0.16463908553123474,0.47210317850112915,0.5659698247909546,0.46951404213905334,0.5630220174789429
42,174,3.48,-0.18172377347946167,0.11124850809574127,0.47109606862068176,0.16460703313350677,0.47376614809036255,0.5641485452651978,0.47084468603134155,0.5597094893455505
42,175,3.5,-0.18381069600582123,0.10613816976547241,0.46895864605903625,0.1655488908290863,0.4749326705932617,0.562752902507782,0.4719069004058838,0.5569725632667542
42,176,3.52,-0.1857946366071701,0.10114902257919312,0.46678653359413147,0.16732099652290344,0.47552046179771423,0.5617366433143616,0.4725303053855896,0.5551754236221313
42,177,3.54,-0.18767765164375305,0.09623878449201584,0.46457862854003906,0.1697830855846405,0.47556376457214355,0.560967206954956,0.47265106439590454,0.5544701814651489
42,178,3.56,-0.18946175277233124,0.09136731922626495,0.4623325765132904,0.1727963536977768,0.4752025008201599,0.5602558851242065,0.47232210636138916,0.554760217666626
42,179,3.58,-0.19114841520786285,0.08650680631399155,0.46004679799079895,0.17622143030166626,0.474653422832489,0.5593965649604797,0.4716990888118744,0.5557208061218262
42,180,3.6,-0.19273889064788818,0.08165085315704346,0.45771917700767517,0.17991866171360016,0.4741680920124054,0.5582064986228943,0.4710046052932739,0.5568724870681763
42,181,3.62,-0.19423478841781616,0.076817087829113,0.45534855127334595,0.18375074863433838,0.47398364543914795,0.5565624237060547,0.47047868371009827,0.5576896071434021
42,182,3.64,-0.1956380158662796,0.07204807549715042,0.45293429493904114,0.1875883936882019,0.4742753207683563,0.554425835609436,0.47032657265663147,0.5577149391174316
42,183,3.66,-0.19695134460926056,0.06740281730890274,0.4504770040512085,0.19131644070148468,0.47512125968933105,0.5518506765365601,0.47067561745643616,0.5566548705101013
42,184,3.68,-0.19817811250686646,0.06294579803943634,0.4479781687259674,0.19484040141105652,0.47648823261260986,0.5489722490310669,0.4715508818626404,0.554436206817627
42,185,3.7,-0.19932281970977783,0.058734528720378876,0.44543954730033875,0.19809100031852722,0.478241890668869,0.5459771156311035,0.47287365794181824,0.5512158274650574
42,186,3.72,-0.20039056241512299,0.05480732396245003,0.44286397099494934,0.2010263204574585,0.48017844557762146,0.5430628061294556,0.4744821786880493,0.5473455786705017
42,187,3.74,-0.2013869732618332,0.05117487534880638,0.44025442004203796,0.20363126695156097,0.48206907510757446,0.5403976440429688,0.4761682152748108,0.5432984828948975
42,188,3.7600000000000002,-0.20231741666793823,0.04781758040189743,0.43761277198791504,0.20591385662555695,0.4837054908275604,0.5380886197090149,0.47772103548049927,0.5395714044570923
42,189,3.7800000000000002,-0.20318646728992462,0.04468889534473419,0.43494096398353577,0.20789900422096252,0.48493754863739014,0.5361655354499817,0.4789695739746094,0.5365810990333557
42,190,3.8000000000000003,-0.20399793982505798,0.04172474518418312,0.4322395622730255,0.20961947739124298,0.48569658398628235,0.5345812439918518,0.4798144996166229,0.5345758199691772
42,191,3.8200000000000003,-0.20475460588932037,0.03885737434029579,0.4295085072517395,0.21110670268535614,0.48600244522094727,0.5332260727882385,0.48024505376815796,0.5335833430290222
42,192,3.84,-0.20545798540115356,0.03602985292673111,0.42674753069877625,0.21238219738006592,0.48595568537712097,0.531951904296875,0.4803372621536255,0.5334082841873169
42,193,3.86,-0.20610876381397247,0.033208686858415604,0.42395517230033875,0.21345260739326477,0.48571670055389404,0.5306012034416199,0.480234831571579,0.533680260181427
42,194,3.88,-0.20670746266841888,0.030391300097107887,0.421130895614624,0.21430818736553192,0.48547476530075073,0.5290377140045166,0.48011714220046997,0.5339419841766357
42,195,3.9,-0.20725464820861816,0.02760612778365612,0.4182746708393097,0.21492674946784973,0.48541128635406494,0.5271721482276917,0.48016098141670227,0.5337532758712769
42,196,3.92,-0.2077513486146927,0.024905942380428314,0.41538727283477783,0.2152804285287857,0.48566436767578125,0.5249804258346558,0.48050445318222046,0.5327866077423096
42,197,3.94,-0.20820000767707825,0.022356117144227028,0.4124704599380493,0.2153446525335312,0.48630207777023315,0.5225080847740173,0.48122045397758484,0.5308919548988342
42,198,3.96,-0.20860382914543152,0.020020058378577232,0.4095270037651062,0.2151060551404953,0.487310528755188,0.5198606252670288,0.4823046624660492,0.5281198024749756
42,199,3.98,-0.2089671641588211,0.017945723608136177,0.4065597653388977,0.21456827223300934,0.48860040307044983,0.517180860042572,0.48367950320243835,0.5247007608413696
42,200,4.0,-0.20929481089115143,0.016155600547790527,0.40357205271720886,0.213754341006279,0.4900282025337219,0.514619767665863,0.48521217703819275,0.520990788936615
42,201,4.0200000000000005,-0.20959199965000153,0.014642281457781792,0.4005666673183441,0.21270470321178436,0.4914267957210541,0.5123075246810913,0.48674237728118896,0.5173934102058411
42,202,4.04,-0.20986346900463104,0.013370431959629059,0.39754626154899597,0.21147195994853973,0.49263787269592285,0.5103312730789185,0.488113671541214,0.5142761468887329
42,203,4.0600000000000005,-0.2101130336523056,0.012284296564757824,0.39451223611831665,0.21011237800121307,0.4935392439365387,0.508722186088562,0.48920267820358276,0.511897623538971
42,204,4.08,-0.2103436142206192,0.011319185607135296,0.39146536588668823,0.2086765319108963,0.4940641224384308,0.5074537992477417,0.4899405539035797,0.5103586316108704
42,205,4.1,-0.21055682003498077,0.01041399221867323,0.3884064555168152,0.2072007954120636,0.4942099452018738,0.5064494013786316,0.49032363295555115,0.5095891952514648
42,206,4.12,-0.21075330674648285,0.009522701613605022,0.38533449172973633,0.20570175349712372,0.49403706192970276,0.5055974125862122,0.49041128158569336,0.5093716979026794
42,207,4.14,-0.21093308925628662,0.008621963672339916,0.38225021958351135,0.20417487621307373,0.49365729093551636,0.5047715306282043,0.490312397480011,0.5093957185745239
42,208,4.16,-0.21109545230865479,0.007713761180639267,0.3791545629501343,0.20259809494018555,0.4932136535644531,0.5038540959358215,0.4901629090309143,0.5093293190002441
42,209,4.18,-0.21124061942100525,0.006822520401328802,0.3760490119457245,0.20093899965286255,0.49285373091697693,0.5027580261230469,0.49009960889816284,0.5088908076286316
42,210,4.2,-0.21136923134326935,0.0059881918132305145,0.37293627858161926,0.1991649717092514,0.4927016794681549,0.501443088054657,0.49023449420928955,0.5079028010368347
42,211,4.22,-0.21148307621479034,0.005256494507193565,0.36981961131095886,0.19725176692008972,0.492835134267807,0.4999234676361084,0.49063509702682495,0.5063197612762451
42,212,4.24,-0.21158413589000702,0.0046689752489328384,0.3667026460170746,0.1951901763677597,0.4932713806629181,0.49826374650001526,0.4913133680820465,0.5042252540588379
42,213,4.26,-0.21167592704296112,0.004254557657986879,0.36358973383903503,0.1929885298013687,0.49396663904190063,0.4965653121471405,0.4922257363796234,0.5018038749694824
42,214,4.28,-0.21176138520240784,0.004024310037493706,0.36048415303230286,0.19067086279392242,0.49482738971710205,0.4949457347393036,0.4932829737663269,0.49929675459861755
42,215,4.3,-0.2118442952632904,0.003969862125813961,0.3573897182941437,0.18827199935913086,0.4957300126552582,0.4935164749622345,0.4943682551383972,0.4969516694545746
42,216,4.32,-0.21192742884159088,0.004065579269081354,0.3543093800544739,0.18583044409751892,0.4965449869632721,0.49236273765563965,0.4953595697879791,0.49497658014297485
42,217,4.34,-0.21201403439044952,0.004273584112524986,0.35124513506889343,0.1833803951740265,0.49715983867645264,0.49152910709381104,0.4961521029472351,0.4935050904750824
42,218,4.36,-0.21210525929927826,0.00455066654831171,0.3481990694999695,0.18094554543495178,0.497498482465744,0.49101316928863525,0.49667656421661377,0.4925784170627594
42,219,4.38,-0.21220239996910095,0.004855522885918617,0.3451726734638214,0.17853491008281708,0.49753326177597046,0.49076688289642334,0.4969103932380676,0.49214592576026917
42,220,4.4,-0.21230548620224,0.00515523087233305,0.3421674072742462,0.17614170908927917,0.49728912115097046,0.4907059669494629,0.4968802034854889,0.4920824468135834
42,221,4.42,-0.21241456270217896,0.005429720040410757,0.33918532729148865,0.17374621331691742,0.49683839082717896,0.490725040435791,0.4966556131839752,0.49221789836883545
42,222,4.44,-0.21252870559692383,0.005673817824572325,0.336228609085083,0.171320378780365,0.4962877929210663,0.49071675539016724,0.49633559584617615,0.49237215518951416
42,223,4.46,-0.21264757215976715,0.0058964877389371395,0.33330005407333374,0.1688346415758133,0.49575841426849365,0.4905909597873688,0.496030330657959,0.4923878014087677
42,224,4.48,-0.21277059614658356,0.006117765326052904,0.3304028809070587,0.166264146566391,0.4953635334968567,0.4902905821800232,0.49584144353866577,0.492154598236084
42,225,4.5,-0.21289795637130737,0.006363995373249054,0.32754045724868774,0.16359370946884155,0.4951876699924469,0.4898012578487396,0.49584445357322693,0.49162229895591736
42,226,4.5200000000000005,-0.21303096413612366,0.006662413943558931,0.32471656799316406,0.16082008183002472,0.49527183175086975,0.4891524016857147,0.4960761070251465,0.4908016324043274
42,227,4.54,-0.21317103505134583,0.007035831455141306,0.3219345808029175,0.15795138478279114,0.49560749530792236,0.4884100556373596,0.49652913212776184,0.48975569009780884
42,228,4.5600000000000005,-0.2133195698261261,0.0074985274113714695,0.3191981613636017,0.1550048589706421,0.49614015221595764,0.4876629412174225,0.49715495109558105,0.4885850250720978
42,229,4.58,-0.21347858011722565,0.008053752593696117,0.31650999188423157,0.1520029902458191,0.49678170680999756,0.4870052933692932,0.4978736340999603,0.48740941286087036
42,230,4.6000000000000005,-0.2136496752500534,0.008693190291523933,0.31387194991111755,0.14896944165229797,0.49742749333381653,0.4865190386772156,0.49858906865119934,0.48634955286979675
42,231,4.62,-0.2138344794511795,0.009398385882377625,0.3112868368625641,0.14592531323432922,0.49797582626342773,0.48625946044921875,0.4992066025733948,0.4855096638202667
42,232,4.64,-0.21403391659259796,0.010143870487809181,0.30875682830810547,0.14288653433322906,0.4983457326889038,0.4862459897994995,0.49964961409568787,0.4849632978439331
42,233,4.66,-0.21424812078475952,0.010901239700615406,0.30628371238708496,0.13986267149448395,0.4984901547431946,0.4864599108695984,0.4998723864555359,0.4847433865070343
42,234,4.68,-0.21447713673114777,0.011643663048744202,0.3038681745529175,0.13685686886310577,0.49840298295021057,0.48684823513031006,0.49986743927001953,0.48483774065971375
42,235,4.7,-0.2147209495306015,0.01235009916126728,0.3015119433403015,0.1338668316602707,0.49811914563179016,0.48733359575271606,0.4996657967567444,0.4851910471916199
42,236,4.72,-0.2149784117937088,0.01300828717648983,0.29921621084213257,0.1308867633342743,0.4977075755596161,0.4878278970718384,0.4993308186531067,0.4857133626937866
42,237,4.74,-0.21524851024150848,0.013616473414003849,0.2969825267791748,0.12790977954864502,0.49725857377052307,0.4882473647594452,0.498946875333786,0.486293762922287
42,238,4.76,-0.21552996337413788,0.014182950370013714,0.2948123514652252,0.12493009865283966,0.49686768651008606,0.4885268211364746,0.4986041486263275,0.4868178367614746
42,239,4.78,-0.21582238376140594,0.014724387787282467,0.29270753264427185,0.12194525450468063,0.4966185390949249,0.4886302947998047,0.4983830153942108,0.48718541860580444
42,240,4.8,-0.21612541377544403,0.015262355096638203,0.29066938161849976,0.11895749717950821,0.49656814336776733,0.4885563850402832,0.498339980840683,0.4873267114162445
42,241,4.82,-0.21643966436386108,0.015819266438484192,0.28869953751564026,0.1159743145108223,0.496737539768219,0.4883371591567993,0.49849840998649597,0.487213671207428
42,242,4.84,-0.21676483750343323,0.016414375975728035,0.28679952025413513,0.11300832778215408,0.49710890650749207,0.4880313575267792,0.4988448917865753,0.4868646562099457
42,243,4.86,-0.21710260212421417,0.017060309648513794,0.28497040271759033,0.11007647961378098,0.49763017892837524,0.4877127707004547,0.49933239817619324,0.4863419234752655
42,244,4.88,-0.21745380759239197,0.01776079460978508,0.28321295976638794,0.10719865560531616,0.49822548031806946,0.48745641112327576,0.4998895525932312,0.48574167490005493
42,245,4.9,-0.21781936287879944,0.01851014979183674,0.2815279960632324,0.10439621657133102,0.49880924820899963,0.487324982881546,0.500433623790741,0.4851779043674469
42,246,4.92,-0.2181997448205948,0.01929449662566185,0.2799157202243805,0.10169006139039993,0.49930140376091003,0.48735806345939636,0.5008856058120728,0.4847623109817505
42,247,4.94,-0.2185956984758377,0.020093990489840508,0.27837613224983215,0.09909888356924057,0.4996407628059387,0.48756587505340576,0.5011840462684631,0.48458409309387207
42,248,4.96,-0.2190072387456894,0.020886460319161415,0.2769089341163635,0.0966373011469841,0.4997948110103607,0.4879280626773834,0.5012956261634827,0.4846928119659424
42,249,4.98,-0.21943432092666626,0.021651439368724823,0.27551382780075073,0.09431462734937668,0.49976450204849243,0.4883977770805359,0.5012202858924866,0.4850883483886719
42,250,5.0,-0.21987546980381012,0.022373411804437637,0.27418994903564453,0.09213408827781677,0.49958324432373047,0.4889101982116699,0.5009908676147461,0.48571985960006714
42,251,5.0200000000000005,-0.2203301191329956,0.023044690489768982,0.2729366421699524,0.09009319543838501,0.4993106722831726,0.48939380049705505,0.5006664395332336,0.4864947199821472
42,252,5.04,-0.22079749405384064,0.02366652898490429,0.27175310254096985,0.08818476647138596,0.4990219175815582,0.4897826611995697,0.5003218054771423,0.4872954189777374
42,253,5.0600000000000005,-0.22127649188041687,0.0242488831281662,0.27063873410224915,0.08639887720346451,0.498794287443161,0.49002769589424133,0.5000336766242981,0.4880014955997467
42,254,5.08,-0.22176647186279297,0.02480839565396309,0.26959237456321716,0.08472514152526855,0.4986933767795563,0.49010494351387024,0.49986720085144043,0.48851174116134644
42,255,5.1000000000000005,-0.22226734459400177,0.02536541223526001,0.2686140537261963,0.08315502107143402,0.49876147508621216,0.49001944065093994,0.4998641908168793,0.48876243829727173
42,256,5.12,-0.22277924418449402,0.02594033256173134,0.2677026689052582,0.08168311417102814,0.49901020526885986,0.48980358242988586,0.5000364780426025,0.4887382984161377
42,257,5.14,-0.22330299019813538,0.0265500470995903,0.2668575644493103,0.08030788600444794,0.499419242143631,0.4895106256008148,0.5003642439842224,0.48847419023513794
42,258,5.16,-0.22383926808834076,0.02720506861805916,0.2660779058933258,0.07903120666742325,0.4999406933784485,0.48920467495918274,0.5008002519607544,0.48804783821105957
42,259,5.18,-0.22438913583755493,0.027907712385058403,0.26536253094673157,0.07785680145025253,0.5005084276199341,0.488948792219162,0.5012789964675903,0.4875645935535431
42,260,5.2,-0.22495295107364655,0.028652193024754524,0.26471012830734253,0.076788529753685,0.5010501146316528,0.48879382014274597,0.5017293095588684,0.4871377944946289
42,261,5.22,-0.2255319356918335,0.029425764456391335,0.26411911845207214,0.07582800835371017,0.5015000700950623,0.4887697398662567,0.5020866990089417,0.4868678152561188
42,262,5.24,-0.22612611949443817,0.030210942029953003,0.26358774304389954,0.07497261464595795,0.5018104910850525,0.4888811409473419,0.5023048520088196,0.48682358860969543
42,263,5.26,-0.22673609852790833,0.030989373102784157,0.26311400532722473,0.07421448081731796,0.5019588470458984,0.4891071617603302,0.5023635625839233,0.48703041672706604
42,264,5.28,-0.22736132144927979,0.03174453601241112,0.2626956105232239,0.07353993505239487,0.501951277256012,0.48940566182136536,0.502271294593811,0.48746612668037415
42,265,5.3,-0.22800137102603912,0.032465070486068726,0.26233023405075073,0.07293038815259933,0.5018208026885986,0.4897213578224182,0.5020630955696106,0.4880658984184265
42,266,5.32,-0.2286553829908371,0.03314666077494621,0.2620157301425934,0.07236415147781372,0.5016212463378906,0.48999547958374023,0.5017936825752258,0.4887356162071228
42,267,5.34,-0.2293226271867752,0.033792804926633835,0.26174983382225037,0.07181861251592636,0.5014172196388245,0.49017655849456787,0.501526951789856,0.48936986923217773
42,268,5.36,-0.23000264167785645,0.03441385179758072,0.2615305781364441,0.07127249985933304,0.5012722611427307,0.4902293384075165,0.5013248324394226,0.4898718595504761
42,269,5.38,-0.23069509863853455,0.03502533957362175,0.2613559067249298,0.07070813328027725,0.501237690448761,0.4901408553123474,0.5012360215187073,0.49017053842544556
42,270,5.4,-0.23139996826648712,0.03564505651593208,0.26122379302978516,0.07011266052722931,0.5013430714607239,0.489922434091568,0.5012874007225037,0.4902326762676239
42,271,5.42,-0.23211760818958282,0.03628971055150032,0.2611325681209564,0.06947830319404602,0.5015917420387268,0.4896073341369629,0.501480221748352,0.49006715416908264
42,272,5.44,-0.23284855484962463,0.03697242960333824,0.2610803246498108,0.0688021183013916,0.5019604563713074,0.48924410343170166,0.5017902255058289,0.48972174525260925
42,273,5.46,-0.2335936725139618,0.037699948996305466,0.26106518507003784,0.06808455288410187,0.5024046897888184,0.4888875484466553,0.5021729469299316,0.48927339911460876
42,274,5.48,-0.2343539446592331,0.03847239166498184,0.2610850930213928,0.06732792407274246,0.5028671026229858,0.4885890781879425,0.5025720596313477,0.48881348967552185
42,275,5.5,-0.2351302057504654,0.03928270563483238,0.261137992143631,0.06653469055891037,0.5032879114151001,0.4883875250816345,0.5029298067092896,0.4884313642978668
42,276,5.5200000000000005,-0.23592299222946167,0.04011870548129082,0.2612215280532837,0.06570614129304886,0.5036157965660095,0.4883030652999878,0.5031971335411072,0.4881986975669861
42,277,5.54,-0.23673278093338013,0.04096480831503868,0.261333703994751,0.0648413747549057,0.5038161873817444,0.4883344769477844,0.5033421516418457,0.4881574809551239
42,278,5.5600000000000005,-0.23755955696105957,0.0418054424226284,0.26147153973579407,0.06393701583147049,0.5038767457008362,0.4884600043296814,0.5033552050590515,0.48831334710121155
42,279,5.58,-0.23840342462062836,0.04262727499008179,0.2616335153579712,0.06298761069774628,0.5038090348243713,0.48864200711250305,0.5032495856285095,0.48863595724105835
42,280,5.6000000000000005,-0.2392636388540268,0.043421801179647446,0.2618167996406555,0.061986442655324936,0.5036457180976868,0.48883411288261414,0.503058910369873,0.48906564712524414
42,281,5.62,-0.24013954401016235,0.04418642818927765,0.2620183229446411,0.060926709324121475,0.5034345984458923,0.48898953199386597,0.5028302073478699,0.48952510952949524
42,282,5.64,-0.24103063344955444,0.04492496699094772,0.262237012386322,0.05980290099978447,0.503229558467865,0.4890696406364441,0.5026154518127441,0.48993390798568726
42,283,5.66,-0.24193628132343292,0.0456467904150486,0.262471079826355,0.05861187353730202,0.5030807852745056,0.48905065655708313,0.5024622678756714,0.4902229309082031
42,284,5.68,-0.2428564578294754,0.04636462405323982,0.2627175748348236,0.05735364556312561,0.5030261874198914,0.4889277219772339,0.50240558385849,0.49034640192985535
42,285,5.7,-0.24379104375839233,0.0470925010740757,0.2629762589931488,0.05603162571787834,0.5030845403671265,0.4887152910232544,0.5024616122245789,0.4902888238430023
42,286,5.72,-0.2447405755519867,0.04784312844276428,0.26324528455734253,0.054652437567710876,0.5032526254653931,0.4884444773197174,0.5026258826255798,0.49006667733192444
42,287,5.74,-0.24570590257644653,0.04862542822957039,0.2635231018066406,0.05322510749101639,0.5035067200660706,0.488156795501709,0.5028743147850037,0.4897245168685913
42,288,5.76,-0.24668726325035095,0.04944302886724472,0.2638092637062073,0.051760103553533554,0.5038073658943176,0.48789680004119873,0.5031680464744568,0.4893263876438141
42,289,5.78,-0.2476854771375656,0.050293829292058945,0.26410171389579773,0.050268176943063736,0.5041070580482483,0.4877040982246399,0.5034607648849487,0.48894432187080383
42,290,5.8,-0.24870118498802185,0.051170412451028824,0.26439887285232544,0.04875940456986427,0.5043585896492004,0.48760661482810974,0.5037071704864502,0.4886457324028015
42,291,5.82,-0.24973449110984802,0.05206120014190674,0.26469963788986206,0.0472424291074276,0.5045236349105835,0.4876163601875305,0.5038706064224243,0.48848196864128113
42,292,5.84,-0.25078538060188293,0.05295281484723091,0.2650030553340912,0.04572421312332153,0.5045789480209351,0.48772767186164856,0.5039293766021729,0.4884798228740692
42,293,5.86,-0.2518537938594818,0.053832147270441055,0.26530784368515015,0.04421016201376915,0.5045199990272522,0.48791900277137756,0.5038801431655884,0.4886377155780792
42,294,5.88,-0.2529395818710327,0.054688382893800735,0.26561224460601807,0.04270467907190323,0.5043615102767944,0.4881571829319,0.5037376880645752,0.4889267385005951
42,295,5.9,-0.2540421783924103,0.0555151142179966,0.26591557264328003,0.04121197760105133,0.5041339993476868,0.48840340971946716,0.5035322308540344,0.48929664492607117
42,296,5.92,-0.25516095757484436,0.05631077289581299,0.26621684432029724,0.0397370271384716,0.5038784742355347,0.4886203706264496,0.5033033490180969,0.4896852970123291
42,297,5.94,-0.25629541277885437,0.05707907676696777,0.26651546359062195,0.03828641027212143,0.5036389231681824,0.4887787401676178,0.5030931830406189,0.49003005027770996
42,298,5.96,-0.25744497776031494,0.05782788619399071,0.26681071519851685,0.03686892241239548,0.5034542679786682,0.48886215686798096,0.5029386878013611,0.4902789890766144
42,299,5.98,-0.25860917568206787,0.05856771394610405,0.26710236072540283,0.03549569845199585,0.5033518075942993,0.4888699948787689,0.5028654932975769,0.4903995990753174
42,300,6.0,-0.25978824496269226,0.05930938944220543,0.26739001274108887,0.03417999669909477,0.5033425092697144,0.4888170659542084,0.5028835535049438,0.49038389325141907
42,301,6.0200000000000005,-0.2609821856021881,0.06006229668855667,0.26767364144325256,0.0329364575445652,0.5034195780754089,0.48873043060302734,0.5029858946800232,0.4902491569519043
42,302,6.04,-0.26219189167022705,0.06083241477608681,0.2679530680179596,0.031779997050762177,0.5035603046417236,0.4886445999145508,0.5031502842903137,0.49003416299819946
42,303,6.0600000000000005,-0.26341694593429565,0.06162131577730179,0.268228143453598,0.030724555253982544,0.5037304162979126,0.48859483003616333,0.503343403339386,0.4897920489311218
42,304,6.08,-0.2646579444408417,0.06242625042796135,0.2684987485408783,0.029781898483633995,0.5038909316062927,0.488611102104187,0.5035272836685181,0.4895806610584259
42,305,6.1000000000000005,-0.2659149467945099,0.06323976814746857,0.26876533031463623,0.028960732743144035,0.5040048360824585,0.4887129068374634,0.5036659836769104,0.4894525706768036
42,306,6.12,-0.26718834042549133,0.06405185163021088,0.2690275311470032,0.02826627716422081,0.504043698310852,0.4889060854911804,0.5037317872047424,0.48944592475891113
42,307,6.140000000000001,-0.2684777081012726,0.06485117971897125,0.2692855894565582,0.027700437232851982,0.5039924383163452,0.48918214440345764,0.5037098526954651,0.4895780384540558
42,308,6.16,-0.26978281140327454,0.0656268373131752,0.26953935623168945,0.027262333780527115,0.5038517117500305,0.4895201027393341,0.5036007165908813,0.48984295129776
42,309,6.18,-0.271103173494339,0.06637130677700043,0.2697890102863312,0.026949191465973854,0.503637433052063,0.4898904263973236,0.5034195780754089,0.4902127683162689
42,310,6.2,-0.2724379897117615,0.06707961112260818,0.270034521818161,0.026757141575217247,0.5033774375915527,0.4902602434158325,0.5031933188438416,0.49064338207244873
42,311,6.22,-0.2737865447998047,0.06775178015232086,0.27027612924575806,0.026681724935770035,0.5031068325042725,0.49059927463531494,0.5029557943344116,0.49108240008354187
42,312,6.24,-0.2751482129096985,0.06839196383953094,0.27051427960395813,0.026718061417341232,0.5028613805770874,0.4908848702907562,0.5027413964271545,0.491478830575943
42,313,6.26,-0.27652236819267273,0.06900716572999954,0.27074921131134033,0.026860570535063744,0.5026710629463196,0.49110591411590576,0.5025792717933655,0.4917919337749481
42,314,6.28,-0.2779085636138916,0.06960639357566833,0.2709815502166748,0.02710249461233616,0.5025551915168762,0.4912645220756531,0.502488374710083,0.49199798703193665
42,315,6.3,-0.2793067395687103,0.07019846141338348,0.27121174335479736,0.027435414493083954,0.502518892288208,0.4913751184940338,0.5024740099906921,0.4920941889286041
42,316,6.32,-0.2807166278362274,0.07079076766967773,0.2714405953884125,0.027848921716213226,0.5025527477264404,0.49146151542663574,0.5025275945663452,0.492098331451416
42,317,6.34,-0.282138466835022,0.07138741761445999,0.271668404340744,0.028330696746706963,0.5026350617408752,0.49155256152153015,0.5026285648345947,0.49204516410827637
42,318,6.36,-0.283572256565094,0.071989044547081,0.27189597487449646,0.028866883367300034,0.5027357935905457,0.4916764497756958,0.5027479529380798,0.4919798970222473
42,319,6.38,-0.2850181460380554,0.07259248197078705,0.2721237242221832,0.02944296784698963,0.5028223991394043,0.49185582995414734,0.5028541684150696,0.49195003509521484
42,320,6.4,-0.2864760458469391,0.07319119572639465,0.27235233783721924,0.03004470467567444,0.502865731716156,0.49210384488105774,0.5029183626174927,0.49199679493904114
42,321,6.42,-0.28794586658477783,0.07377659529447556,0.2725818455219269,0.030659109354019165,0.5028448700904846,0.49242180585861206,0.5029197335243225,0.4921480417251587
42,322,6.44,-0.2894271910190582,0.07433977723121643,0.27281299233436584,0.03127523139119148,0.5027508735656738,0.49279943108558655,0.5028486847877502,0.49241340160369873
42,323,6.46,-0.29091930389404297,0.07487303763628006,0.27304577827453613,0.03188469260931015,0.5025880336761475,0.4932166039943695,0.5027086138725281,0.49278298020362854
42,324,6.48,-0.29242178797721863,0.07537039369344711,0.2732805907726288,0.03248181194067001,0.5023728013038635,0.49364715814590454,0.5025147795677185,0.493229478597641
42,325,6.5,-0.29393404722213745,0.07582984119653702,0.27351754903793335,0.0330633707344532,0.5021306276321411,0.4940635561943054,0.5022915005683899,0.4937131702899933
42,326,6.5200000000000005,-0.29545509815216064,0.07625303417444229,0.2737574577331543,0.03362802416086197,0.5018913149833679,0.49444156885147095,0.5020675659179688,0.49418941140174866
42,327,6.54,-0.29698416590690613,0.0766439363360405,0.274000346660614,0.034175533801317215,0.5016836524009705,0.49476462602615356,0.5018711686134338,0.4946165084838867
42,328,6.5600000000000005,-0.29852065443992615,0.0770099088549614,0.2742465138435364,0.03470594808459282,0.5015302300453186,0.4950263202190399,0.501724898815155,0.4949630796909332
42,329,6.58,-0.30006444454193115,0.07735878229141235,0.27449649572372437,0.03521891310811043,0.5014435648918152,0.4952313303947449,0.5016417503356934,0.49521318078041077
42,330,6.6000000000000005,-0.30161499977111816,0.07769784331321716,0.27475064992904663,0.03571319580078125,0.5014241337776184,0.4953942596912384,0.5016232132911682,0.49536871910095215
42,331,6.62,-0.3031725287437439,0.07803291827440262,0.2750091552734375,0.036186378449201584,0.5014605522155762,0.4955366551876068,0.5016592741012573,0.495448499917984
42,332,6.640000000000001,-0.3047367334365845,0.07836688309907913,0.27527251839637756,0.036635082215070724,0.5015318393707275,0.49568280577659607,0.5017303824424744,0.49548447132110596
42,333,6.66,-0.3063075542449951,0.0786997452378273,0.27554070949554443,0.03705524653196335,0.5016116499900818,0.4958554208278656,0.5018112659454346,0.49551573395729065
42,334,6.68,-0.30788496136665344,0.07902819663286209,0.27581435441970825,0.0374426431953907,0.50167316198349,0.49607130885124207,0.5018756985664368,0.49558132886886597
42,335,6.7,-0.3094688355922699,0.07934700697660446,0.27609342336654663,0.037793535739183426,0.501693606376648,0.4963386058807373,0.5019009709358215,0.49571332335472107
42,336,6.72,-0.31105896830558777,0.07964925467967987,0.27637776732444763,0.038105178624391556,0.5016584396362305,0.4966554641723633,0.5018720030784607,0.49593108892440796
42,337,6.74,-0.3126550316810608,0.07992814481258392,0.27666720747947693,0.03837627172470093,0.5015636682510376,0.4970104694366455,0.5017839670181274,0.4962380826473236
42,338,6.76,-0.3142561614513397,0.08017819374799728,0.27696195244789124,0.03860706463456154,0.5014164447784424,0.49738508462905884,0.5016425251960754,0.49662137031555176
42,339,6.78,-0.3158620595932007,0.08039594441652298,0.27726149559020996,0.03879943862557411,0.5012331008911133,0.4977567791938782,0.5014629364013672,0.4970543086528778
42,340,6.8,-0.31747201085090637,0.08058095723390579,0.27756577730178833,0.038956351578235626,0.5010365843772888,0.49810323119163513,0.5012670755386353,0.4975016415119171
42,341,6.82,-0.3190852403640747,0.08073566854000092,0.27787506580352783,0.03908151760697365,0.5008519291877747,0.49840620160102844,0.5010791420936584,0.4979257583618164
42,342,6.84,-0.32070136070251465,0.08086495101451874,0.27818864583969116,0.03917866572737694,0.5007016062736511,0.49865472316741943,0.5009215474128723,0.49829357862472534
42,343,6.86,-0.3223198354244232,0.08097508549690247,0.27850666642189026,0.03925110399723053,0.5006018280982971,0.49884676933288574,0.500810980796814,0.49858224391937256
42,344,6.88,-0.32394036650657654,0.08107291162014008,0.2788289189338684,0.03930109739303589,0.5005595088005066,0.49898943305015564,0.5007553100585938,0.4987829923629761
42,345,6.9,-0.32556283473968506,0.08116493374109268,0.2791554629802704,0.03932967036962509,0.5005713105201721,0.49909743666648865,0.5007525682449341,0.4989021122455597
42,346,6.92,-0.32718706130981445,0.08125519752502441,0.27948567271232605,0.03933671489357948,0.5006245970726013,0.4991900622844696,0.500791609287262,0.49895960092544556
42,347,6.94,-0.32881319522857666,0.0813460499048233,0.27982017397880554,0.03932088986039162,0.5006998181343079,0.49928781390190125,0.5008542537689209,0.4989851415157318
42,348,6.96,-0.33044105768203735,0.08143645524978638,0.28015822172164917,0.03928035870194435,0.5007743239402771,0.499408483505249,0.5009187459945679,0.4990125298500061
42,349,6.98,-0.3320706784725189,0.08152332156896591,0.28049904108047485,0.03921302780508995,0.5008264183998108,0.499563992023468,0.5009637475013733,0.4990735948085785
42,350,7.0,-0.3337019681930542,0.08160218596458435,0.280843049287796,0.03911718353629112,0.5008392333984375,0.4997585415840149,0.5009720921516418,0.49919238686561584
42,351,7.0200000000000005,-0.3353346884250641,0.08166743814945221,0.28118935227394104,0.03899187594652176,0.5008037090301514,0.49998795986175537,0.5009340643882751,0.49938109517097473
42,352,7.04,-0.3369685411453247,0.08171388506889343,0.28153765201568604,0.03883729875087738,0.5007198452949524,0.5002407431602478,0.5008483529090881,0.4996379017829895
42,353,7.0600000000000005,-0.33860304951667786,0.0817377120256424,0.2818875014781952,0.03865477815270424,0.5005965232849121,0.5005001425743103,0.5007226467132568,0.4999479055404663
42,354,7.08,-0.3402377665042877,0.08173736929893494,0.28223833441734314,0.03844676539301872,0.5004497170448303,0.5007475018501282,0.5005717873573303,0.500285804271698
42,355,7.1000000000000005,-0.34187227487564087,0.08171338587999344,0.28258979320526123,0.03821641579270363,0.5002994537353516,0.5009654760360718,0.5004148483276367,0.5006207823753357
42,356,7.12,-0.34350600838661194,0.08166880160570145,0.2829413414001465,0.037967219948768616,0.5001661777496338,0.5011413097381592,0.5002718567848206,0.5009222626686096
42,357,7.140000000000001,-0.3451387584209442,0.08160808682441711,0.28329262137413025,0.03770251199603081,0.500066876411438,0.501268744468689,0.5001598596572876,0.5011652708053589
42,358,7.16,-0.34677013754844666,0.08153673261404037,0.28364327549934387,0.03742498159408569,0.5000121593475342,0.5013493299484253,0.5000902414321899,0.5013349056243896
42,359,7.18,-0.34840014576911926,0.08146074414253235,0.2839928865432739,0.03713639825582504,0.5000046491622925,0.5013917088508606,0.5000666975975037,0.5014286637306213
42,360,7.2,-0.35002854466438293,0.08138511329889297,0.28434115648269653,0.03683742880821228,0.5000383257865906,0.5014100670814514,0.5000845789909363,0.501456618309021
42,361,7.22,-0.35165542364120483,0.08131276071071625,0.2846878468990326,0.03652770072221756,0.500100314617157,0.501421332359314,0.5001323223114014,0.5014393329620361
42,362,7.24,-0.3532809317111969,0.081244558095932,0.2850324511528015,0.036206092685461044,0.5001729726791382,0.5014421939849854,0.5001934170722961,0.5014036297798157
42,363,7.26,-0.3549051582813263,0.08117935806512833,0.2853747010231018,0.035871006548404694,0.5002374649047852,0.50148606300354,0.5002495646476746,0.5013781785964966
42,364,7.28,-0.35652807354927063,0.08111339807510376,0.2857140600681305,0.03552087023854256,0.5002769827842712,0.501560628414154,0.5002841353416443,0.5013877153396606
42,365,7.3,-0.35814955830574036,0.08104287087917328,0.28605034947395325,0.03515451401472092,0.5002798438072205,0.5016670823097229,0.5002849102020264,0.5014492273330688
42,366,7.32,-0.3597695529460907,0.0809633731842041,0.2863833010196686,0.03477151691913605,0.5002414584159851,0.5017995238304138,0.5002463459968567,0.501568615436554
42,367,7.34,-0.3613879084587097,0.08087088167667389,0.28671202063560486,0.034372396767139435,0.5001646876335144,0.5019469261169434,0.5001702308654785,0.5017402172088623
42,368,7.36,-0.36300423741340637,0.08076264709234238,0.2870359420776367,0.03395864740014076,0.5000595450401306,0.5020946860313416,0.500065267086029,0.5019480586051941
42,369,7.38,-0.3646181523799896,0.08063824474811554,0.2873549461364746,0.03353258967399597,0.49994075298309326,0.5022276639938354,0.4999453127384186,0.5021688938140869
42,370,7.4,-0.36622944474220276,0.08049890398979187,0.2876688241958618,0.0330970473587513,0.4998254179954529,0.5023329257965088,0.4998266398906708,0.502376914024353
42,371,7.42,-0.3678378462791443,0.08034750074148178,0.28797683119773865,0.03265497088432312,0.49972957372665405,0.502402126789093,0.4997251331806183,0.502548098564148
42,372,7.44,-0.3694431781768799,0.08018836379051208,0.2882789373397827,0.032209016382694244,0.49966543912887573,0.5024327039718628,0.49965327978134155,0.5026649832725525
42,373,7.46,-0.37104520201683044,0.08002596348524094,0.2885749042034149,0.03176131471991539,0.49963927268981934,0.502428412437439,0.4996180832386017,0.5027192234992981
42,374,7.48,-0.3726440966129303,0.07986505329608917,0.28886452317237854,0.03131307661533356,0.49965041875839233,0.5023984909057617,0.49961990118026733,0.5027133226394653
42,375,7.5,-0.3742397725582123,0.0797090232372284,0.2891475260257721,0.030864665284752846,0.49969151616096497,0.5023558735847473,0.4996526539325714,0.5026594400405884
42,376,7.5200000000000005,-0.3758324086666107,0.07955934852361679,0.2894239127635956,0.030415698885917664,0.49975013732910156,0.5023149251937866,0.49970483779907227,0.5025773644447327
42,377,7.54,-0.3774220943450928,0.07941603660583496,0.28969335556030273,0.029965171590447426,0.49981096386909485,0.5022884607315063,0.4997621476650238,0.5024906992912292
42,378,7.5600000000000005,-0.3790089786052704,0.0792771428823471,0.28995585441589355,0.029511883854866028,0.4998589754104614,0.5022859573364258,0.4998096525669098,0.5024223327636719
42,379,7.58,-0.38059306144714355,0.0791395828127861,0.2902110815048218,0.029054751619696617,0.499881774187088,0.5023118257522583,0.4998348355293274,0.5023906230926514
42,380,7.6000000000000005,-0.38217443227767944,0.07899994403123856,0.290459007024765,0.02859310433268547,0.4998718798160553,0.5023646950721741,0.4998296797275543,0.5024062991142273
42,381,7.62,-0.38375288248062134,0.07885422557592392,0.29069918394088745,0.028126997873187065,0.4998280107975006,0.5024378895759583,0.4997918903827667,0.5024703741073608
42,382,7.640000000000001,-0.38532835245132446,0.07869945466518402,0.2909316420555115,0.027657270431518555,0.49975499510765076,0.5025209784507751,0.49972525238990784,0.5025745034217834
42,383,7.66,-0.38690057396888733,0.07853405922651291,0.29115617275238037,0.02718542143702507,0.49966293573379517,0.5026014447212219,0.49963876605033875,0.5027029514312744
42,384,7.68,-0.3884694576263428,0.07835796475410461,0.2913725674152374,0.026713578030467033,0.499565064907074,0.5026674270629883,0.4995448887348175,0.5028351545333862
42,385,7.7,-0.39003467559814453,0.07817256450653076,0.2915807068347931,0.026244068518280983,0.4994753897190094,0.5027094483375549,0.49945715069770813,0.502950131893158
42,386,7.72,-0.3915960192680359,0.07798109203577042,0.29178059101104736,0.025779131799936295,0.49940618872642517,0.502722442150116,0.4993877708911896,0.5030299425125122
42,387,7.74,-0.39315366744995117,0.07778681069612503,0.29197224974632263,0.025320637971162796,0.4993656873703003,0.5027064085006714,0.4993453919887543,0.5030630230903625
42,388,7.76,-0.39470741152763367,0.07759331166744232,0.2921557128429413,0.024869857355952263,0.49935686588287354,0.5026662945747375,0.4993337094783783,0.5030460953712463
42,389,7.78,-0.3962572515010834,0.07740411162376404,0.2923310697078705,0.024427233263850212,0.49937695264816284,0.5026110410690308,0.4993509352207184,0.5029847025871277
42,390,7.8,-0.3978033661842346,0.07722128182649612,0.29249829053878784,0.023992562666535378,0.4994180202484131,0.5025519132614136,0.4993900954723358,0.5028917193412781
42,391,7.82,-0.3993458151817322,0.07704568654298782,0.29265761375427246,0.023564964532852173,0.49946868419647217,0.5025003552436829,0.4994406998157501,0.5027849674224854
42,392,7.84,-0.4008849263191223,0.07687640935182571,0.2928090989589691,0.02314325049519539,0.49951615929603577,0.5024660229682922,0.4994904696941376,0.5026841759681702
42,393,7.86,-0.4024207592010498,0.07671129703521729,0.2929528057575226,0.02272614650428295,0.4995487630367279,0.5024551153182983,0.4995276629924774,0.5026070475578308
42,394,7.88,-0.4039532244205475,0.07654765248298645,0.29308873414993286,0.022312570363283157,0.4995577335357666,0.5024692416191101,0.49954333901405334,0.5025662183761597
42,395,7.9,-0.40548238158226013,0.07638227939605713,0.2932170033454895,0.021901875734329224,0.49953892827033997,0.5025054216384888,0.4995325803756714,0.5025673508644104
42,396,7.92,-0.40700823068618774,0.07621194422245026,0.29333755373954773,0.02149401605129242,0.4994933605194092,0.5025566220283508,0.4994955360889435,0.5026081800460815
42,397,7.94,-0.40853050351142883,0.07603483647108078,0.2934505045413971,0.021089518442749977,0.49942684173583984,0.5026133060455322,0.4994371831417084,0.5026790499687195
42,398,7.96,-0.4100492000579834,0.07584954053163528,0.29355588555336,0.020689405500888824,0.4993489980697632,0.502665102481842,0.4993661642074585,0.5027649402618408
42,399,7.98,-0.4115641415119171,0.07565690577030182,0.29365384578704834,0.020294969901442528,0.4992712736129761,0.5027025938034058,0.49929338693618774,0.5028485059738159
42,400,8.0,-0.41307497024536133,0.07545853406190872,0.2937445044517517,0.01990753784775734,0.4992048442363739,0.5027194023132324,0.4992297887802124,0.5029129981994629
42,401,8.02,-0.4145820140838623,0.07525677978992462,0.29382801055908203,0.019528189674019814,0.49915874004364014,0.5027126669883728,0.4991845190525055,0.5029454231262207
42,402,8.040000000000001,-0.4160849153995514,0.07505501061677933,0.293904572725296,0.019157590344548225,0.49913811683654785,0.5026840567588806,0.4991631507873535,0.5029389262199402
42,403,8.06,-0.4175839126110077,0.0748559907078743,0.29397428035736084,0.018795844167470932,0.49914345145225525,0.5026389360427856,0.4991670250892639,0.5028935670852661
42,404,8.08,-0.4190789461135864,0.07466181367635727,0.29403752088546753,0.018442494794726372,0.49917078018188477,0.5025855898857117,0.49919286370277405,0.5028164982795715
42,405,8.1,-0.42057013511657715,0.07447418570518494,0.29409438371658325,0.0180965643376112,0.49921220541000366,0.5025334358215332,0.4992336630821228,0.502720057964325
42,406,8.120000000000001,-0.4220576584339142,0.07429303228855133,0.29414522647857666,0.017756763845682144,0.4992576837539673,0.5024914741516113,0.49928000569343567,0.5026199221611023
42,407,8.14,-0.4235416054725647,0.07411706447601318,0.2941901981830597,0.017421726137399673,0.49929681420326233,0.5024664998054504,0.49932166934013367,0.5025318264961243
42,408,8.16,-0.42502206563949585,0.0739443376660347,0.2942294180393219,0.01709020510315895,0.49932071566581726,0.5024620890617371,0.49934980273246765,0.5024688243865967
42,409,8.18,-0.4264990985393524,0.07377225905656815,0.29426309466362,0.01676124334335327,0.4993235766887665,0.5024780035018921,0.499358206987381,0.5024392604827881
42,410,8.2,-0.4279726445674896,0.07359813898801804,0.29429134726524353,0.01643437147140503,0.4993036389350891,0.5025101900100708,0.4993444085121155,0.5024449825286865
42,411,8.22,-0.42944276332855225,0.07341982424259186,0.29431435465812683,0.016109595075249672,0.4992634057998657,0.5025519132614136,0.4993102252483368,0.5024815201759338
42,412,8.24,-0.430909126996994,0.07323570549488068,0.29433226585388184,0.015787338837981224,0.49920907616615295,0.5025946497917175,0.49926111102104187,0.5025389790534973
42,413,8.26,-0.43237173557281494,0.07304587215185165,0.29434478282928467,0.015468346886336803,0.4991493225097656,0.5026298761367798,0.499205082654953,0.5026036500930786
42,414,8.28,-0.43383052945137024,0.07285089045763016,0.2943528890609741,0.015153479762375355,0.49909380078315735,0.5026507377624512,0.49915140867233276,0.5026611685752869
42,415,8.3,-0.43528538942337036,0.07265244424343109,0.29435625672340393,0.014843517914414406,0.49905118346214294,0.5026529431343079,0.49910861253738403,0.5026986002922058
42,416,8.32,-0.43673625588417053,0.07245320081710815,0.29435497522354126,0.014539049938321114,0.49902769923210144,0.5026355385780334,0.4990832805633545,0.5027070045471191
42,417,8.34,-0.4381832778453827,0.0722552239894867,0.29434946179389954,0.014240329153835773,0.4990261495113373,0.502601146697998,0.4990786910057068,0.5026828646659851
42,418,8.36,-0.4396263062953949,0.07206109911203384,0.2943400740623474,0.01394727360457182,0.49904537200927734,0.502555251121521,0.4990943670272827,0.50262850522995
42,419,8.38,-0.44106554985046387,0.07187218964099884,0.29432669281959534,0.013659504242241383,0.49908071756362915,0.5025051832199097,0.49912628531455994,0.5025517344474792
42,420,8.4,-0.4425009787082672,0.07168915122747421,0.2943097651004791,0.013376432470977306,0.4991247057914734,0.5024587512016296,0.49916771054267883,0.5024639368057251
42,421,8.42,-0.4439329206943512,0.07151198387145996,0.29428955912590027,0.013097451068460941,0.4991688132286072,0.5024226307868958,0.4992104768753052,0.5023783445358276
42,422,8.44,-0.44536134600639343,0.07133930176496506,0.29426586627960205,0.012822063639760017,0.49920472502708435,0.5024015307426453,0.49924638867378235,0.5023072957992554
42,423,8.46,-0.4467863142490387,0.071169413626194,0.2942391633987427,0.01255002710968256,0.4992259740829468,0.5023970603942871,0.49926888942718506,0.5022602081298828
42,424,8.48,-0.44820788502693176,0.07099977135658264,0.2942095100879669,0.01228143461048603,0.49922898411750793,0.5024077892303467,0.49927398562431335,0.5022417902946472
42,425,8.5,-0.449626088142395,0.0708284005522728,0.29417696595191956,0.012016728520393372,0.4992137849330902,0.5024293065071106,0.49926114082336426,0.5022515058517456
42,426,8.52,-0.4510408043861389,0.07065372169017792,0.2941414713859558,0.011756672523915768,0.49918365478515625,0.5024552941322327,0.49923303723335266,0.5022835731506348
42,427,8.540000000000001,-0.4524519741535187,0.07047518342733383,0.29410332441329956,0.011502256616950035,0.49914470314979553,0.5024786591529846,0.4991951584815979,0.5023283362388611
42,428,8.56,-0.4538595378398895,0.07029298692941666,0.29406264424324036,0.011254586279392242,0.4991045296192169,0.5024926662445068,0.4991547167301178,0.502373993396759
42,429,8.58,-0.45526349544525146,0.07010802626609802,0.294019490480423,0.011014746502041817,0.4990708827972412,0.5024924278259277,0.49911928176879883,0.5024088025093079
42,430,8.6,-0.4566636383533478,0.06992156058549881,0.2939739525318146,0.01078370213508606,0.4990502595901489,0.5024755597114563,0.4990953803062439,0.5024232268333435
42,431,8.620000000000001,-0.4580601155757904,0.06973616778850555,0.2939262390136719,0.010562226176261902,0.49904680252075195,0.5024423599243164,0.4990874230861664,0.5024114847183228
42,432,8.64,-0.45945295691490173,0.06955385208129883,0.29387637972831726,0.010350900702178478,0.4990614354610443,0.5023961067199707,0.4990968704223633,0.502372682094574
42,433,8.66,-0.4608421325683594,0.06937621533870697,0.29382458329200745,0.010150144807994366,0.4990920424461365,0.5023420453071594,0.49912214279174805,0.5023105144500732
42,434,8.68,-0.46222782135009766,0.06920445710420609,0.2937709093093872,0.00996028445661068,0.49913373589515686,0.5022865533828735,0.49915891885757446,0.5022329092025757
42,435,8.700000000000001,-0.4636101722717285,0.06903891265392303,0.2937156856060028,0.009781638160347939,0.49917978048324585,0.5022358298301697,0.4992009699344635,0.5021501183509827
42,436,8.72,-0.4649893045425415,0.06887892633676529,0.2936587631702423,0.009614597074687481,0.4992230534553528,0.502194881439209,0.4992413818836212,0.5020730495452881
42,437,8.74,-0.4663652181625366,0.06872314214706421,0.2936004400253296,0.00945965200662613,0.4992571771144867,0.502166748046875,0.49927377700805664,0.5020110607147217
42,438,8.76,-0.4677380621433258,0.06857006996870041,0.29354071617126465,0.00931741762906313,0.49927765130996704,0.5021517276763916,0.4992934763431549,0.5019705295562744
42,439,8.78,-0.4691079258918762,0.06841783225536346,0.2934795618057251,0.009188592433929443,0.4992826282978058,0.5021475553512573,0.4992983639240265,0.5019536018371582
42,440,8.8,-0.47047463059425354,0.06826469302177429,0.2934170663356781,0.009073879569768906,0.4992732107639313,0.5021499991416931,0.49928903579711914,0.5019581317901611
42,441,8.82,-0.4718383252620697,0.0681096538901329,0.2933533489704132,0.008973914198577404,0.49925312399864197,0.5021534562110901,0.4992687404155731,0.5019778609275818
42,442,8.84,-0.473198801279068,0.0679527297616005,0.2932882010936737,0.008889177814126015,0.49922800064086914,0.5021520853042603,0.4992426931858063,0.5020038485527039
42,443,8.86,-0.47455620765686035,0.06779417395591736,0.2932218015193939,0.008819923736155033,0.4992043077945709,0.5021408796310425,0.49921709299087524,0.5020262598991394
42,444,8.88,-0.4759104251861572,0.06763512641191483,0.29315415024757385,0.008766165934503078,0.4991881251335144,0.5021166205406189,0.49919793009757996,0.5020358562469482
42,445,8.9,-0.4772614538669586,0.06747736036777496,0.2930855453014374,0.008727694861590862,0.49918416142463684,0.5020782947540283,0.49919000267982483,0.5020259022712708
42,446,8.92,-0.4786093235015869,0.06732230633497238,0.29301580786705017,0.008704116567969322,0.49919480085372925,0.5020272135734558,0.49919599294662476,0.5019932389259338
42,447,8.94,-0.47995421290397644,0.06717133522033691,0.2929450273513794,0.008694947697222233,0.4992198050022125,0.5019668340682983,0.49921607971191406,0.5019388198852539
42,448,8.96,-0.4812960922718048,0.0670260563492775,0.29287344217300415,0.008699658326804638,0.4992564022541046,0.5019019842147827,0.4992479383945465,0.5018672347068787
42,449,8.98,-0.48263511061668396,0.06688707321882248,0.2928009629249573,0.008717741817235947,0.49929988384246826,0.5018380284309387,0.4992872476577759,0.501785933971405
42,450,9.0,-0.4839714765548706,0.06675436347723007,0.29272767901420593,0.008748713880777359,0.49934449791908264,0.5017799139022827,0.4993285536766052,0.5017039179801941
42,451,9.02,-0.48530521988868713,0.06662702560424805,0.2926538288593292,0.008792100474238396,0.4993843734264374,0.5017311573028564,0.4993661940097809,0.5016298294067383
42,452,9.040000000000001,-0.4866364598274231,0.06650403887033463,0.29257911443710327,0.00884738378226757,0.4994147717952728,0.5016934275627136,0.4993954002857208,0.5015705823898315
42,453,9.06,-0.4879652261734009,0.06638393551111221,0.29250386357307434,0.008913964033126831,0.49943283200263977,0.5016661286354065,0.49941307306289673,0.501530110836029
42,454,9.08,-0.4892916977405548,0.06626513600349426,0.29242780804634094,0.008991102688014507,0.49943795800209045,0.5016468167304993,0.49941837787628174,0.5015088319778442
42,455,9.1,-0.49061569571495056,0.06614690274000168,0.292351096868515,0.009077904745936394,0.4994319677352905,0.5016314387321472,0.4994126856327057,0.5015034079551697
42,456,9.120000000000001,-0.49193739891052246,0.06602819263935089,0.29227375984191895,0.009173301048576832,0.49941858649253845,0.5016152262687683,0.49939942359924316,0.5015078186988831
42,457,9.14,-0.49325668811798096,0.06590921431779861,0.2921956479549408,0.009276095777750015,0.49940288066864014,0.5015935897827148,0.4993833303451538,0.5015142560005188
42,458,9.16,-0.4945736825466156,0.0657901018857956,0.29211685061454773,0.009385046549141407,0.4993901252746582,0.5015630722045898,0.4993695020675659,0.5015146136283875
42,459,9.18,-0.4958881437778473,0.06567230075597763,0.29203739762306213,0.009498920291662216,0.4993850290775299,0.5015215873718262,0.4993625581264496,0.5015020370483398
42,460,9.200000000000001,-0.4972003996372223,0.06555676460266113,0.29195743799209595,0.009616601280868053,0.49939078092575073,0.5014691352844238,0.4993658661842346,0.5014721751213074
42,461,9.22,-0.4985102713108063,0.06544502824544907,0.29187703132629395,0.009737146086990833,0.499408483505249,0.5014075636863708,0.4993807375431061,0.501423716545105
42,462,9.24,-0.4998180568218231,0.06533895432949066,0.2917960286140442,0.009859836660325527,0.4994371831417084,0.5013402700424194,0.4994065761566162,0.5013587474822998
42,463,9.26,-0.5011237859725952,0.06523875147104263,0.2917146682739258,0.009984136559069157,0.49947383999824524,0.5012716054916382,0.49944067001342773,0.5012822151184082
42,464,9.28,-0.5024275183677673,0.06514456123113632,0.29163283109664917,0.010109691880643368,0.4995141327381134,0.5012058615684509,0.4994790256023407,0.5012008547782898
42,465,9.3,-0.503729522228241,0.06505639851093292,0.2915508449077606,0.010236251167953014,0.49955320358276367,0.5011467337608337,0.49951696395874023,0.5011221170425415
42,466,9.32,-0.5050297379493713,0.06497321277856827,0.2914683520793915,0.01036358904093504,0.4995864927768707,0.5010967254638672,0.4995500445365906,0.5010527968406677
42,467,9.34,-0.5063283443450928,0.06489410251379013,0.29138559103012085,0.010491441935300827,0.49961066246032715,0.5010563731193542,0.49957478046417236,0.5009976029396057
42,468,9.36,-0.50762540102005,0.06481777876615524,0.2913026809692383,0.010619462467730045,0.49962398409843445,0.5010246634483337,0.49958935379981995,0.5009587407112122
42,469,9.38,-0.5089210271835327,0.06474278122186661,0.291219562292099,0.010747149586677551,0.49962684512138367,0.5009989738464355,0.4995937943458557,0.5009353160858154
42,470,9.4,-0.5102150440216064,0.06466871500015259,0.2911359369754791,0.010873901657760143,0.49962133169174194,0.5009756088256836,0.4995899498462677,0.500923752784729
42,471,9.42,-0.5115076303482056,0.06459464132785797,0.29105207324028015,0.010999027639627457,0.49961110949516296,0.5009507536888123,0.49958115816116333,0.5009182095527649
42,472,9.44,-0.5127987265586853,0.06452112644910812,0.29096803069114685,0.011121820658445358,0.49960047006607056,0.500920832157135,0.4995715022087097,0.5009121298789978
42,473,9.46,-0.5140883326530457,0.06444884836673737,0.2908838093280792,0.011241626925766468,0.49959367513656616,0.5008833408355713,0.4995651841163635,0.5008992552757263
42,474,9.48,-0.5153765678405762,0.0643787831068039,0.29079943895339966,0.01135787833482027,0.49959424138069153,0.5008373260498047,0.49956557154655457,0.5008745193481445
42,475,9.5,-0.5166634321212769,0.06431177258491516,0.29071488976478577,0.01147020049393177,0.49960407614707947,0.500783383846283,0.49957484006881714,0.5008353590965271
42,476,9.52,-0.5179490447044373,0.06424879282712936,0.2906300723552704,0.011578407138586044,0.49962347745895386,0.500723659992218,0.49959346652030945,0.5007818341255188
42,477,9.540000000000001,-0.5192334055900574,0.06419076025485992,0.29054543375968933,0.011682494543492794,0.4996509552001953,0.5006611943244934,0.4996202290058136,0.5007166266441345
42,478,9.56,-0.520516574382782,0.0641382485628128,0.2904610335826874,0.011782612651586533,0.49968355894088745,0.5005996823310852,0.4996523857116699,0.5006445050239563
42,479,9.58,-0.5217989087104797,0.0640910267829895,0.29037633538246155,0.011879014782607555,0.49971750378608704,0.5005425214767456,0.4996863901615143,0.5005713701248169
42,480,9.6,-0.5230802893638611,0.06404879689216614,0.29029226303100586,0.011971971020102501,0.4997488260269165,0.5004924535751343,0.4997183680534363,0.5005031824111938
42,481,9.620000000000001,-0.5243607759475708,0.06401092559099197,0.2902078330516815,0.012061705812811852,0.4997740685939789,0.5004507899284363,0.4997449815273285,0.5004450678825378
42,482,9.64,-0.5256406664848328,0.06397607177495956,0.29012393951416016,0.012148352339863777,0.4997909665107727,0.5004175901412964,0.4997637867927551,0.500400185585022
42,483,9.66,-0.5269198417663574,0.06394360214471817,0.29004043340682983,0.01223190501332283,0.4997987747192383,0.5003913044929504,0.49977388978004456,0.5003692507743835
42,484,9.68,-0.5281983613967896,0.06391235440969467,0.28995653986930847,0.012312233448028564,0.49979835748672485,0.5003695487976074,0.4997759461402893,0.5003506541252136
42,485,9.700000000000001,-0.5294762849807739,0.06388157606124878,0.289873331785202,0.012389102950692177,0.4997920095920563,0.5003491044044495,0.49977198243141174,0.5003405809402466
42,486,9.72,-0.5307535529136658,0.06385102868080139,0.28979063034057617,0.012462220154702663,0.4997829794883728,0.5003268122673035,0.4997650384902954,0.5003340244293213
42,487,9.74,-0.5320302844047546,0.06382112950086594,0.28970867395401,0.012531298212707043,0.49977490305900574,0.5003000497817993,0.49975860118865967,0.5003254413604736
42,488,9.76,-0.533306360244751,0.06379236280918121,0.28962576389312744,0.012596115469932556,0.4997711479663849,0.5002671480178833,0.4997559189796448,0.5003100633621216
42,489,9.78,-0.5345819592475891,0.06376539170742035,0.2895432412624359,0.01265654619783163,0.49977409839630127,0.5002277493476868,0.4997595250606537,0.5002844333648682
42,490,9.8,-0.5358570218086243,0.06374147534370422,0.28946152329444885,0.01271260716021061,0.4997848570346832,0.5001828670501709,0.4997705817222595,0.5002471804618835
42,491,9.82,-0.537131667137146,0.0637211948633194,0.28938010334968567,0.012764456681907177,0.4998031258583069,0.5001345872879028,0.49978893995285034,0.5001992583274841
42,492,9.84,-0.5384058952331543,0.063705213367939,0.28929978609085083,0.012812383472919464,0.49982720613479614,0.5000855326652527,0.49981316924095154,0.5001434683799744
42,493,9.86,-0.5396798849105835,0.06369354575872421,0.2892203629016876,0.012856760062277317,0.49985435605049133,0.5000388622283936,0.499840646982193,0.5000842213630676
42,494,9.88,-0.5409536957740784,0.06368619948625565,0.28914177417755127,0.012897984124720097,0.499881386756897,0.499997079372406,0.49986833333969116,0.5000266432762146
42,495,9.9,-0.5422273278236389,0.06368260085582733,0.28906354308128357,0.012936449609696865,0.4999050796031952,0.49996209144592285,0.4998931884765625,0.4999752640724182
42,496,9.92,-0.5435009598731995,0.06368185579776764,0.2889859974384308,0.012972455471754074,0.4999229609966278,0.499934583902359,0.4999125897884369,0.49993380904197693
42,497,9.94,-0.54477459192276,0.06368312239646912,0.28890982270240784,0.013006199151277542,0.49993348121643066,0.4999140799045563,0.4999251067638397,0.499904066324234
42,498,9.96,-0.5460483431816101,0.06368549168109894,0.2888339161872864,0.013037754222750664,0.49993661046028137,0.4998989701271057,0.49993041157722473,0.4998858571052551
42,499,9.98,-0.5473220348358154,0.06368847191333771,0.2887588143348694,0.013067084364593029,0.49993351101875305,0.4998869299888611,0.4999295175075531,0.49987712502479553
42,500,10.0,-0.5485958456993103,0.06369143724441528,0.2886849343776703,0.013094085268676281,0.49992644786834717,0.4998752474784851,0.4999244511127472,0.4998742938041687
42,501,10.02,-0.54986971616745,0.06369462609291077,0.28861135244369507,0.013118618167936802,0.49991825222969055,0.4998614192008972,0.4999178946018219,0.49987298250198364
42,502,10.040000000000001,-0.5511435866355896,0.06369775533676147,0.28853943943977356,0.013140586204826832,0.499911904335022,0.4998435378074646,0.49991270899772644,0.4998687505722046
42,503,10.06,-0.5524176359176636,0.06370192021131516,0.2884678244590759,0.013159933499991894,0.4999099373817444,0.4998205900192261,0.49991142749786377,0.499858021736145
42,504,10.08,-0.5536916851997375,0.06370764225721359,0.2883979380130768,0.013176703825592995,0.4999139606952667,0.4997926950454712,0.4999157190322876,0.49983859062194824
42,505,10.1,-0.5549659729003906,0.06371571868658066,0.2883286476135254,0.013191046193242073,0.49992451071739197,0.4997609853744507,0.49992623925209045,0.49980998039245605
42,506,10.120000000000001,-0.556240439414978,0.06372649222612381,0.2882607579231262,0.013203215785324574,0.4999408423900604,0.49972736835479736,0.4999423921108246,0.4997735619544983
42,507,10.14,-0.5575150847434998,0.06374066323041916,0.2881939113140106,0.013213526457548141,0.4999611973762512,0.4996943175792694,0.49996262788772583,0.4997321665287018
42,508,10.16,-0.5587900280952454,0.06375772505998611,0.28812772035598755,0.013222329318523407,0.4999831020832062,0.4996640980243683,0.49998462200164795,0.49968963861465454
42,509,10.18,-0.5600654482841492,0.06377773731946945,0.28806284070014954,0.013229964300990105,0.5000038743019104,0.49963873624801636,0.5000057220458984,0.4996500313282013
42,510,10.200000000000001,-0.5613412261009216,0.06379999965429306,0.2879994511604309,0.013236713595688343,0.5000211000442505,0.49961933493614197,0.5000235438346863,0.49961695075035095
42,511,10.22,-0.5626174807548523,0.06382427364587784,0.2879372835159302,0.013242789544165134,0.500032901763916,0.4996061325073242,0.5000362992286682,0.4995928406715393
42,512,10.24,-0.5638942718505859,0.06384947150945663,0.2878763973712921,0.013248302042484283,0.5000386238098145,0.49959832429885864,0.5000430345535278,0.49957865476608276
42,513,10.26,-0.5651715397834778,0.06387478858232498,0.28781697154045105,0.013253280892968178,0.5000383853912354,0.4995943307876587,0.500044047832489,0.499573677778244
42,514,10.28,-0.5664492845535278,0.06390007585287094,0.28775882720947266,0.013257673010230064,0.5000336766242981,0.4995920658111572,0.5000404715538025,0.4995756149291992
42,515,10.3,-0.5677275061607361,0.06392506510019302,0.2877016067504883,0.013261394575238228,0.500026524066925,0.49958929419517517,0.5000342130661011,0.4995812177658081
42,516,10.32,-0.5690062642097473,0.06394972652196884,0.28764575719833374,0.013264358974993229,0.500019371509552,0.49958404898643494,0.5000277161598206,0.4995867908000946
42,517,10.34,-0.5702855587005615,0.06397392600774765,0.28759121894836426,0.01326651033014059,0.5000145435333252,0.49957504868507385,0.5000231266021729,0.49958884716033936
42,518,10.36,-0.5715653300285339,0.06399878114461899,0.28753820061683655,0.01326783373951912,0.5000139474868774,0.49956175684928894,0.5000223517417908,0.49958470463752747
42,519,10.38,-0.5728455185890198,0.06402451545000076,0.28748664259910583,0.013268407434225082,0.5000185370445251,0.499544620513916,0.5000264644622803,0.49957308173179626
42,520,10.4,-0.5741263628005981,0.06405184417963028,0.2874360680580139,0.013268372975289822,0.5000283718109131,0.4995248019695282,0.5000356435775757,0.4995541572570801
42,521,10.42,-0.5754076838493347,0.06408119946718216,0.2873869836330414,0.01326791662722826,0.5000424981117249,0.49950408935546875,0.5000489950180054,0.49952948093414307
42,522,10.44,-0.5766896605491638,0.06411286443471909,0.2873395085334778,0.013267275877296925,0.5000593066215515,0.49948450922966003,0.5000650882720947,0.4995017945766449
42,523,10.46,-0.5779722929000854,0.0641467347741127,0.2872934639453888,0.013266686350107193,0.5000765919685364,0.4994678497314453,0.5000818371772766,0.4994744062423706
42,524,10.48,-0.5792555809020996,0.0641823336482048,0.28724849224090576,0.013266327790915966,0.500092089176178,0.4994555115699768,0.5000970363616943,0.4994505047798157
42,525,10.5,-0.5805395841598511,0.06421925872564316,0.28720512986183167,0.01326635293662548,0.5001039505004883,0.49944818019866943,0.5001089572906494,0.49943289160728455
42,526,10.52,-0.5818243622779846,0.06425695866346359,0.2871633470058441,0.013266826048493385,0.5001110434532166,0.49944570660591125,0.5001162886619568,0.4994230568408966
42,527,10.540000000000001,-0.5831099152565002,0.06429480761289597,0.2871229350566864,0.013267763890326023,0.5001130700111389,0.49944719672203064,0.5001187324523926,0.49942126870155334
42,528,10.56,-0.584396243095398,0.06433232873678207,0.28708362579345703,0.013269095681607723,0.5001105666160583,0.4994511306285858,0.5001165866851807,0.4994264543056488
42,529,10.58,-0.5856832265853882,0.06436911970376968,0.28704601526260376,0.013270742259919643,0.5001049041748047,0.49945566058158875,0.5001112222671509,0.4994363784790039
42,530,10.6,-0.5869709849357605,0.06440503150224686,0.2870098948478699,0.01327260211110115,0.500097930431366,0.49945905804634094,0.5001043677330017,0.49944812059402466
42,531,10.620000000000001,-0.5882594585418701,0.0644402727484703,0.28697481751441956,0.013274588622152805,0.5000916719436646,0.4994598627090454,0.5000979900360107,0.4994586408138275
42,532,10.64,-0.589548647403717,0.0644753947854042,0.2869413197040558,0.013276644051074982,0.5000879764556885,0.4994572103023529,0.5000938177108765,0.4994652271270752
42,533,10.66,-0.5908385515213013,0.06451054662466049,0.28690916299819946,0.013278776779770851,0.500088095664978,0.4994509518146515,0.5000932216644287,0.49946609139442444
42,534,10.68,-0.592129111289978,0.06454642117023468,0.28687816858291626,0.013281024992465973,0.500092625617981,0.4994416832923889,0.5000967979431152,0.4994605779647827
42,535,10.700000000000001,-0.5934205055236816,0.06458331644535065,0.286848783493042,0.013283479027450085,0.5001012682914734,0.49943065643310547,0.5001044273376465,0.4994492828845978
42,536,10.72,-0.5947125554084778,0.06462140381336212,0.2868204712867737,0.01328625250607729,0.5001129508018494,0.4994193911552429,0.5001150965690613,0.4994339048862457
42,537,10.74,-0.596005380153656,0.06466090679168701,0.28679367899894714,0.013289457187056541,0.5001261830329895,0.4994094669818878,0.500127375125885,0.49941691756248474
42,538,10.76,-0.5972990393638611,0.0647018551826477,0.2867681086063385,0.013293213210999966,0.5001389980316162,0.49940240383148193,0.5001395344734192,0.4994010627269745
42,539,10.78,-0.5985934734344482,0.06474390625953674,0.2867438793182373,0.013297577388584614,0.5001497864723206,0.4993990659713745,0.5001499056816101,0.4993889629840851
42,540,10.8,-0.5998888611793518,0.06478650867938995,0.28672102093696594,0.013302577659487724,0.5001571774482727,0.4993997812271118,0.5001569986343384,0.4993824362754822
42,541,10.82,-0.6011849641799927,0.06482900679111481,0.2866993546485901,0.013308200985193253,0.5001603364944458,0.4994041919708252,0.5001602172851562,0.49938252568244934
42,542,10.84,-0.60248202085495,0.06487113237380981,0.2866789698600769,0.013314359821379185,0.5001594424247742,0.49941134452819824,0.5001593828201294,0.4993889033794403
42,543,10.86,-0.6037799119949341,0.06491246819496155,0.2866598069667816,0.013320982456207275,0.5001550912857056,0.4994198679924011,0.5001551508903503,0.4994003176689148
42,544,10.88,-0.6050785779953003,0.06495268642902374,0.2866419553756714,0.0133279487490654,0.5001487135887146,0.49942824244499207,0.5001487731933594,0.49941468238830566
42,545,10.9,-0.6063780188560486,0.0649920403957367,0.2866252660751343,0.013335177674889565,0.5001417994499207,0.49943509697914124,0.5001417398452759,0.49942949414253235
42,546,10.92,-0.6076782941818237,0.06503063440322876,0.2866097092628479,0.01334258820861578,0.5001360774040222,0.49943941831588745,0.5001356601715088,0.4994422495365143
42,547,10.94,-0.608979344367981,0.06506890058517456,0.28659525513648987,0.013350152410566807,0.5001328587532043,0.4994406998157501,0.5001319050788879,0.49945101141929626
42,548,10.96,-0.6102811098098755,0.06510686874389648,0.2865818440914154,0.013357850722968578,0.5001330375671387,0.4994390606880188,0.500131368637085,0.49945464730262756
42,549,10.98,-0.6115836501121521,0.06514526903629303,0.28656959533691406,0.013365727849304676,0.5001367926597595,0.4994352161884308,0.500134289264679,0.49945297837257385
42,550,11.0,-0.6128870248794556,0.06518419086933136,0.2865583896636963,0.013373825699090958,0.5001436471939087,0.49943023920059204,0.5001403093338013,0.4994468688964844
42,551,11.02,-0.6141910552978516,0.06522408127784729,0.28654828667640686,0.013382205739617348,0.5001525282859802,0.4994255304336548,0.5001484751701355,0.4994380474090576
42,552,11.040000000000001,-0.615496039390564,0.06526487320661545,0.28653931617736816,0.013390910811722279,0.5001621246337891,0.4994223415851593,0.500157356262207,0.4994286596775055
42,553,11.06,-0.6168017983436584,0.06530628353357315,0.2865314483642578,0.013399978168308735,0.500170886516571,0.49942177534103394,0.5001656413078308,0.49942100048065186
42,554,11.08,-0.6181082725524902,0.06534824520349503,0.28652438521385193,0.013409405946731567,0.5001773834228516,0.49942439794540405,0.500171959400177,0.4994169771671295
42,555,11.1,-0.6194157004356384,0.06538993865251541,0.28651830554008484,0.013419161550700665,0.5001807808876038,0.49943026900291443,0.5001753568649292,0.49941790103912354
42,556,11.120000000000001,-0.6207239627838135,0.0654313787817955,0.28651320934295654,0.013429173268377781,0.5001806616783142,0.4994388818740845,0.500175416469574,0.49942418932914734
42,557,11.14,-0.6220329999923706,0.06547199934720993,0.28650909662246704,0.013439380563795567,0.500177264213562,0.49944931268692017,0.5001722574234009,0.4994352459907532
42,558,11.16,-0.6233428716659546,0.06551168113946915,0.28650587797164917,0.013449680991470814,0.500171422958374,0.499460369348526,0.5001665949821472,0.499449759721756
42,559,11.18,-0.6246535778045654,0.06554996222257614,0.28650349378585815,0.013459999114274979,0.5001643300056458,0.4994708001613617,0.5001596808433533,0.4994659125804901
42,560,11.200000000000001,-0.625964879989624,0.06558732688426971,0.2865019142627716,0.013470265083014965,0.500157356262207,0.49947959184646606,0.5001527070999146,0.49948158860206604
42,561,11.22,-0.6272770762443542,0.06562383472919464,0.2865012288093567,0.013480450958013535,0.5001517534255981,0.49948596954345703,0.5001469254493713,0.49949488043785095
42,562,11.24,-0.628589928150177,0.06565982103347778,0.28650131821632385,0.01349053718149662,0.5001485347747803,0.49948981404304504,0.5001434683799744,0.49950432777404785
42,563,11.26,-0.6299034953117371,0.06569574773311615,0.28650203347206116,0.013500530272722244,0.5001482963562012,0.4994913637638092,0.5001427531242371,0.49950936436653137
42,564,11.28,-0.6312178373336792,0.06573164463043213,0.28650349378585815,0.013510453514754772,0.5001507997512817,0.4994913637638092,0.500144898891449,0.49951013922691345
42,565,11.3,-0.6325327754020691,0.06576795876026154,0.2865059971809387,0.013520344160497189,0.5001556277275085,0.4994908273220062,0.5001493096351624,0.4995076358318329
42,566,11.32,-0.6338484883308411,0.06580454856157303,0.2865092158317566,0.01353022363036871,0.5001617670059204,0.4994908571243286,0.5001550316810608,0.4995034635066986
42,567,11.34,-0.6351650357246399,0.06584165245294571,0.28651291131973267,0.013540114276111126,0.5001680254936218,0.49949249625205994,0.5001610517501831,0.49949949979782104
42,568,11.36,-0.6364822387695312,0.06587895005941391,0.2865172326564789,0.01355000026524067,0.5001730918884277,0.4994964599609375,0.5001660585403442,0.49949750304222107
42,569,11.38,-0.6378002762794495,0.06591612845659256,0.28652241826057434,0.013559856452047825,0.500175952911377,0.4995030462741852,0.5001692175865173,0.4994989335536957
42,570,11.4,-0.6391189694404602,0.06595300883054733,0.2865281403064728,0.01356963999569416,0.5001761317253113,0.4995121955871582,0.5001696944236755,0.49950456619262695
42,571,11.42,-0.640438437461853,0.06598920375108719,0.2865345776081085,0.013579292222857475,0.5001733899116516,0.4995233118534088,0.5001674294471741,0.49951449036598206
42,572,11.44,-0.6417585611343384,0.06602437049150467,0.2865417003631592,0.013588742353022099,0.5001682043075562,0.49953553080558777,0.5001627206802368,0.49952805042266846
42,573,11.46,-0.6430794596672058,0.06605850905179977,0.28654909133911133,0.013597936369478703,0.5001614093780518,0.49954789876937866,0.5001562237739563,0.4995438754558563
42,574,11.48,-0.6444008946418762,0.06609150022268295,0.2865573465824127,0.013606824912130833,0.5001538991928101,0.49955934286117554,0.5001490712165833,0.49956032633781433
42,575,11.5,-0.6457231044769287,0.0661231204867363,0.2865658700466156,0.013615379109978676,0.5001469254493713,0.4995691776275635,0.5001422762870789,0.4995757043361664
42,576,11.52,-0.6470458507537842,0.06615408509969711,0.28657492995262146,0.013623582199215889,0.5001413822174072,0.4995768666267395,0.5001369118690491,0.49958857893943787
42,577,11.540000000000001,-0.6483692526817322,0.06618461012840271,0.2865844666957855,0.013631444424390793,0.5001381039619446,0.499582439661026,0.5001335740089417,0.4995979964733124
42,578,11.56,-0.6496933102607727,0.06621457636356354,0.2865942120552063,0.013638980686664581,0.500137209892273,0.4995862543582916,0.5001326203346252,0.49960365891456604
42,579,11.58,-0.6510178446769714,0.0662444531917572,0.2866048514842987,0.013646216131746769,0.5001385807991028,0.4995890259742737,0.5001339316368103,0.49960604310035706
42,580,11.6,-0.6523430943489075,0.06627435982227325,0.28661537170410156,0.013653174042701721,0.5001416206359863,0.4995916187763214,0.5001368522644043,0.4996061325073242
42,581,11.620000000000001,-0.6536689400672913,0.06630447506904602,0.28662699460983276,0.013659865595400333,0.5001453757286072,0.4995949864387512,0.5001405477523804,0.49960535764694214
42,582,11.64,-0.6549953818321228,0.06633467972278595,0.2866384983062744,0.013666289858520031,0.5001488924026489,0.4995998442173004,0.5001441240310669,0.4996052384376526
42,583,11.66,-0.6563223004341125,0.06636464595794678,0.2866508662700653,0.013672426342964172,0.5001511573791504,0.499606728553772,0.5001466274261475,0.4996071755886078
42,584,11.68,-0.6576499938964844,0.06639435887336731,0.2866630256175995,0.013678249903023243,0.5001513957977295,0.49961572885513306,0.50014728307724,0.4996122121810913
42,585,11.700000000000001,-0.6589781045913696,0.06642347574234009,0.28667622804641724,0.01368371769785881,0.5001493692398071,0.49962666630744934,0.5001457333564758,0.4996207356452942
42,586,11.72,-0.6603069305419922,0.06645161658525467,0.2866891026496887,0.013688787817955017,0.5001450777053833,0.49963894486427307,0.500141978263855,0.4996325373649597
42,587,11.74,-0.6616361737251282,0.0664786770939827,0.2867029905319214,0.013693413697183132,0.5001388788223267,0.49965178966522217,0.5001363754272461,0.4996469020843506
42,588,11.76,-0.6629660725593567,0.06650464981794357,0.28671661019325256,0.013697571121156216,0.5001317262649536,0.4996643662452698,0.5001296997070312,0.4996626377105713
42,589,11.78,-0.6642964482307434,0.0665295198559761,0.28673064708709717,0.013701231218874454,0.5001243948936462,0.4996758997440338,0.5001227259635925,0.4996783435344696
42,590,11.8,-0.6656273007392883,0.06655336171388626,0.28674498200416565,0.013704395852982998,0.5001177787780762,0.4996858537197113,0.5001164078712463,0.4996926486492157
42,591,11.82,-0.6669585704803467,0.06657623499631882,0.2867591679096222,0.013707068748772144,0.5001127123832703,0.49969395995140076,0.50011146068573,0.499704509973526
42,592,11.84,-0.6682903170585632,0.06659860163927078,0.2867743968963623,0.01370927318930626,0.5001094937324524,0.4997003376483917,0.5001083612442017,0.49971336126327515
42,593,11.86,-0.669622540473938,0.06662058085203171,0.28678932785987854,0.01371102873235941,0.5001084208488464,0.49970537424087524,0.5001072287559509,0.49971920251846313
42,594,11.88,-0.670955240726471,0.06664260476827621,0.2868044376373291,0.013712359592318535,0.5001090168952942,0.49970969557762146,0.5001078844070435,0.49972254037857056
42,595,11.9,-0.6722882986068726,0.06666456907987595,0.28682005405426025,0.013713287189602852,0.5001108050346375,0.49971410632133484,0.5001096129417419,0.49972429871559143
42,596,11.92,-0.6736217737197876,0.06668639928102493,0.2868354022502899,0.013713814318180084,0.5001128911972046,0.4997193217277527,0.5001117587089539,0.49972572922706604
42,597,11.94,-0.6749557852745056,0.0667080357670784,0.2868511974811554,0.013713941909372807,0.5001145005226135,0.499725878238678,0.5001135468482971,0.49972808361053467
42,598,11.96,-0.6762901544570923,0.0667295828461647,0.28686752915382385,0.013713653199374676,0.5001147985458374,0.499734103679657,0.5001142024993896,0.4997323453426361
42,599,11.98,-0.6776250004768372,0.06675054877996445,0.2868834435939789,0.013712921179831028,0.5001134276390076,0.4997440278530121,0.5001132488250732,0.49973922967910767
42,600,12.0,-0.6789602041244507,0.06677071750164032,0.28689926862716675,0.013711723499000072,0.5001101493835449,0.49975529313087463,0.500110387802124,0.49974891543388367
42,601,12.02,-0.6802958846092224,0.066789910197258,0.2869160771369934,0.01371003594249487,0.500105082988739,0.49976739287376404,0.5001057982444763,0.49976110458374023
42,602,12.040000000000001,-0.6816318035125732,0.06680797040462494,0.2869327664375305,0.013707836158573627,0.5000987648963928,0.4997795820236206,0.5000999569892883,0.4997750520706177
42,603,12.06,-0.6829681992530823,0.06682507693767548,0.2869490683078766,0.013705122284591198,0.5000919103622437,0.4997912645339966,0.5000934600830078,0.49978965520858765
42,604,12.08,-0.6843048334121704,0.06684113293886185,0.2869652211666107,0.013701886869966984,0.5000852346420288,0.49980178475379944,0.5000870823860168,0.4998037815093994
42,605,12.1,-0.6856418251991272,0.06685636192560196,0.2869824469089508,0.013698149472475052,0.5000794529914856,0.4998107850551605,0.5000814199447632,0.499816358089447
42,606,12.120000000000001,-0.6869791150093079,0.06687057763338089,0.28699955344200134,0.013693931512534618,0.500075101852417,0.49981820583343506,0.5000771284103394,0.49982666969299316
42,607,12.14,-0.6883166432380676,0.06688400357961655,0.2870161533355713,0.013689258135855198,0.5000725388526917,0.4998242259025574,0.5000745058059692,0.4998343586921692
42,608,12.16,-0.6896544098854065,0.06689725816249847,0.2870326638221741,0.013684164732694626,0.50007164478302,0.4998292326927185,0.5000734329223633,0.49983951449394226
42,609,12.18,-0.690992534160614,0.06691035628318787,0.287049263715744,0.01367867086082697,0.5000720620155334,0.4998338222503662,0.5000737309455872,0.49984270334243774
42,610,12.200000000000001,-0.6923308968544006,0.06692339479923248,0.28706660866737366,0.013672794215381145,0.5000731348991394,0.49983859062194824,0.5000748038291931,0.49984481930732727
42,611,12.22,-0.6936694979667664,0.06693615764379501,0.28708380460739136,0.01366654597222805,0.5000743269920349,0.49984413385391235,0.5000759959220886,0.4998469650745392
42,612,12.24,-0.695008397102356,0.06694870442152023,0.28710103034973145,0.013659924268722534,0.5000749230384827,0.499850869178772,0.5000766515731812,0.4998501241207123
42,613,12.26,-0.6963474750518799,0.0669608786702156,0.28711768984794617,0.013652924448251724,0.5000743269920349,0.49985891580581665,0.5000762343406677,0.4998551309108734
42,614,12.280000000000001,-0.6976867914199829,0.066972516477108,0.2871343493461609,0.013645527884364128,0.5000722408294678,0.499868243932724,0.5000744462013245,0.4998623728752136
42,615,12.3,-0.699026346206665,0.0669834315776825,0.28715091943740845,0.013637729920446873,0.5000685453414917,0.499878466129303,0.500071108341217,0.4998718798160553
42,616,12.32,-0.7003661394119263,0.06699346005916595,0.2871670126914978,0.013629509136080742,0.5000635981559753,0.4998891055583954,0.5000663995742798,0.499883234500885
42,617,12.34,-0.7017061710357666,0.06700257956981659,0.28718438744544983,0.013620869256556034,0.5000577569007874,0.49989956617355347,0.5000608563423157,0.4998956024646759
42,618,12.36,-0.7030462026596069,0.067010797560215,0.2872016131877899,0.013611819595098495,0.5000516772270203,0.49990928173065186,0.5000550150871277,0.4999081492424011
42,619,12.38,-0.7043865919113159,0.0670180544257164,0.28721868991851807,0.013602371327579021,0.5000461339950562,0.4999178647994995,0.5000495314598083,0.49991992115974426
42,620,12.4,-0.7057269811630249,0.06702478229999542,0.28723570704460144,0.013592553324997425,0.5000415444374084,0.4999251067638397,0.5000448822975159,0.49993008375167847
42,621,12.42,-0.7070674896240234,0.0670309066772461,0.28725239634513855,0.013582389801740646,0.5000382661819458,0.4999310374259949,0.5000415444374084,0.49993813037872314
42,622,12.44,-0.7084081172943115,0.06703666597604752,0.28726908564567566,0.01357190776616335,0.5000364780426025,0.4999358355998993,0.5000395178794861,0.49994391202926636
42,623,12.46,-0.7097490429878235,0.06704206019639969,0.2872854471206665,0.013561141677200794,0.5000359416007996,0.4999399781227112,0.5000388622283936,0.499947726726532
42,624,12.48,-0.7110899686813354,0.06704717129468918,0.28730180859565735,0.013550114817917347,0.5000362992286682,0.49994391202926636,0.5000391006469727,0.4999500811100006
42,625,12.5,-0.7124309539794922,0.06705228239297867,0.28731784224510193,0.013538846746087074,0.5000370740890503,0.4999481737613678,0.5000397562980652,0.4999518394470215
42,626,12.52,-0.7137720584869385,0.06705722957849503,0.2873339354991913,0.013527345843613148,0.5000376105308533,0.49995309114456177,0.5000403523445129,0.49995383620262146
42,627,12.540000000000001,-0.7151132225990295,0.06706183403730392,0.287349671125412,0.01351561676710844,0.5000375509262085,0.4999590218067169,0.5000402927398682,0.4999569356441498
42,628,12.56,-0.7164543867111206,0.06706603616476059,0.28736546635627747,0.013503658585250378,0.500036358833313,0.49996593594551086,0.500039279460907,0.4999616742134094
42,629,12.58,-0.717795729637146,0.06706983596086502,0.2873809039592743,0.013491464778780937,0.5000340342521667,0.49997371435165405,0.5000370144844055,0.4999682307243347
42,630,12.6,-0.7191370129585266,0.06707286089658737,0.28739649057388306,0.013479038141667843,0.500030517578125,0.49998199939727783,0.5000336170196533,0.4999765455722809
42,631,12.620000000000001,-0.7204784750938416,0.06707509607076645,0.287411630153656,0.01346637960523367,0.5000261068344116,0.4999903738498688,0.5000293254852295,0.49998608231544495
42,632,12.64,-0.7218199968338013,0.0670766606926918,0.28742703795433044,0.01345349196344614,0.50002121925354,0.4999983608722687,0.5000244975090027,0.4999961853027344
42,633,12.66,-0.7231615781784058,0.0670773908495903,0.2874419093132019,0.013440391048789024,0.5000163912773132,0.5000055432319641,0.5000197291374207,0.5000059604644775
42,634,12.68,-0.7245031595230103,0.06707753986120224,0.2874569892883301,0.01342709269374609,0.5000121593475342,0.500011682510376,0.5000154376029968,0.5000147223472595
42,635,12.700000000000001,-0.72584468126297,0.0670771673321724,0.287471741437912,0.0134136276319623,0.5000088214874268,0.5000166893005371,0.5000119805335999,0.5000218152999878
42,636,12.72,-0.7271862030029297,0.06707645207643509,0.2874865233898163,0.01340002566576004,0.5000066757202148,0.5000206232070923,0.5000096559524536,0.5000271201133728
42,637,12.74,-0.7285277247428894,0.06707561761140823,0.28750115633010864,0.013386312872171402,0.5000056624412537,0.5000237226486206,0.5000084638595581,0.500030517578125
42,638,12.76,-0.7298691868782043,0.06707476824522018,0.2875156104564667,0.013372519984841347,0.5000056624412537,0.5000264048576355,0.500008225440979,0.5000324845314026
42,639,12.780000000000001,-0.7312107086181641,0.06707382947206497,0.28752875328063965,0.013358661904931068,0.5000061988830566,0.5000291466712952,0.5000085830688477,0.5000335574150085
42,640,12.8,-0.732552170753479,0.06707272678613663,0.28754153847694397,0.013344751670956612,0.5000068545341492,0.5000322461128235,0.5000091195106506,0.5000344514846802
42,641,12.82,-0.7338935732841492,0.06707156449556351,0.287554532289505,0.013330807909369469,0.500007152557373,0.5000360012054443,0.5000093579292297,0.50003582239151
42,642,12.84,-0.7352350354194641,0.06707002222537994,0.2875671088695526,0.013316831551492214,0.5000066757202148,0.5000404715538025,0.5000090003013611,0.500038206577301
42,643,12.86,-0.7365763783454895,0.0670681968331337,0.2875797748565674,0.013302826322615147,0.500005304813385,0.500045657157898,0.500007688999176,0.5000420212745667
42,644,12.88,-0.7379177808761597,0.06706581264734268,0.28759241104125977,0.013288783840835094,0.5000030398368835,0.5000513792037964,0.5000054836273193,0.5000472068786621
42,645,12.9,-0.7392590045928955,0.06706302613019943,0.28760474920272827,0.01327471248805523,0.49999991059303284,0.5000572800636292,0.500002384185791,0.5000537037849426
42,646,12.92,-0.7406002283096313,0.06705956906080246,0.2876173257827759,0.013260617852210999,0.4999963045120239,0.5000630617141724,0.4999987781047821,0.5000608563423157
42,647,12.94,-0.7419414520263672,0.0670556053519249,0.28762954473495483,0.013246507383883,0.4999925494194031,0.5000683665275574,0.49999499320983887,0.500068187713623
42,648,12.96,-0.7432824969291687,0.06705103069543839,0.28764107823371887,0.013232383877038956,0.4999890923500061,0.5000729560852051,0.49999144673347473,0.5000749230384827
42,649,12.98,-0.7446234226226807,0.06704624742269516,0.28765201568603516,0.013218285515904427,0.4999861717224121,0.5000765919685364,0.4999884366989136,0.5000805854797363
42,650,13.0,-0.7459643483161926,0.0670410618185997,0.2876625657081604,0.013204227201640606,0.49998408555984497,0.5000793933868408,0.4999862313270569,0.5000847578048706
42,651,13.02,-0.747305154800415,0.06703560799360275,0.28767329454421997,0.013190235942602158,0.49998289346694946,0.5000813603401184,0.49998489022254944,0.500087320804596
42,652,13.040000000000001,-0.7486457824707031,0.06703007966279984,0.28768390417099,0.013176332227885723,0.4999825358390808,0.500082790851593,0.49998435378074646,0.5000884532928467
42,653,13.06,-0.7499862909317017,0.06702449172735214,0.2876943349838257,0.013162542134523392,0.4999828338623047,0.5000840425491333,0.4999845027923584,0.5000885128974915
42,654,13.08,-0.7513267397880554,0.06701906770467758,0.28770485520362854,0.013148872181773186,0.4999834895133972,0.5000853538513184,0.4999850392341614,0.5000882148742676
42,655,13.1,-0.7526670098304749,0.06701352447271347,0.2877146899700165,0.013135334476828575,0.49998411536216736,0.5000870823860168,0.49998554587364197,0.500088095664978
42,656,13.120000000000001,-0.7540072798728943,0.06700801104307175,0.287723571062088,0.013121935538947582,0.49998438358306885,0.5000893473625183,0.4999857544898987,0.5000886917114258
42,657,13.14,-0.7553473114967346,0.06700240820646286,0.2877325415611267,0.013108675368130207,0.4999839961528778,0.5000922679901123,0.49998536705970764,0.5000902414321899
42,658,13.16,-0.756687343120575,0.06699642539024353,0.28774145245552063,0.013095549307763577,0.4999828040599823,0.5000957250595093,0.4999842047691345,0.5000929832458496
42,659,13.18,-0.7580271363258362,0.06699010729789734,0.28775015473365784,0.013082565739750862,0.4999808371067047,0.5000995397567749,0.4999822974205017,0.5000966787338257
42,660,13.200000000000001,-0.7593669295310974,0.0669834315776825,0.287759006023407,0.013069720938801765,0.49997830390930176,0.5001033544540405,0.49997982382774353,0.5001012086868286
42,661,13.22,-0.7607064843177795,0.06697636842727661,0.28776752948760986,0.013057022355496883,0.49997544288635254,0.5001070499420166,0.4999769926071167,0.5001060366630554
42,662,13.24,-0.7620459198951721,0.06696902215480804,0.28777462244033813,0.013044471852481365,0.4999726116657257,0.5001102089881897,0.49997416138648987,0.5001106262207031
42,663,13.26,-0.7633852958679199,0.06696134805679321,0.2877819836139679,0.013032088056206703,0.49997007846832275,0.5001126527786255,0.4999715983867645,0.5001146197319031
42,664,13.280000000000001,-0.7647243738174438,0.06695334613323212,0.2877894639968872,0.013019879348576069,0.49996814131736755,0.5001143217086792,0.49996960163116455,0.5001175999641418
42,665,13.3,-0.7660633325576782,0.06694537401199341,0.2877964377403259,0.013007862493395805,0.49996691942214966,0.5001152753829956,0.4999682903289795,0.5001193284988403
42,666,13.32,-0.767402172088623,0.066937156021595,0.28780362010002136,0.01299605704843998,0.49996650218963623,0.5001156330108643,0.4999677240848541,0.5001199245452881
42,667,13.34,-0.7687408924102783,0.06692894548177719,0.2878102958202362,0.012984475120902061,0.4999667704105377,0.500115692615509,0.4999678134918213,0.5001195073127747
42,668,13.36,-0.7700793743133545,0.06692082434892654,0.2878159284591675,0.012973127886652946,0.499967485666275,0.5001156330108643,0.49996834993362427,0.5001184940338135
42,669,13.38,-0.7714176774024963,0.06691291183233261,0.28782162070274353,0.012962020933628082,0.4999683201313019,0.5001158118247986,0.49996909499168396,0.500117301940918
42,670,13.4,-0.7727558612823486,0.0669049397110939,0.28782743215560913,0.01295116264373064,0.4999690055847168,0.5001163482666016,0.4999697208404541,0.5001163482666016
42,671,13.42,-0.7740938663482666,0.06689707189798355,0.28783324360847473,0.01294055487960577,0.4999692440032959,0.5001174211502075,0.4999699890613556,0.5001159906387329
42,672,13.44,-0.7754316926002502,0.06688893586397171,0.28783878684043884,0.012930190190672874,0.49996891617774963,0.5001189708709717,0.4999697208404541,0.5001165270805359
42,673,13.46,-0.7767693996429443,0.06688079982995987,0.28784334659576416,0.012920068576931953,0.499968022108078,0.5001209378242493,0.49996882677078247,0.5001179575920105
42,674,13.48,-0.7781069278717041,0.06687238067388535,0.28784775733947754,0.012910185381770134,0.49996650218963623,0.500123143196106,0.4999673366546631,0.5001201629638672
42,675,13.5,-0.7794442772865295,0.06686370819807053,0.28785207867622375,0.012900539673864841,0.49996456503868103,0.5001252889633179,0.49996545910835266,0.5001229047775269
42,676,13.52,-0.7807814478874207,0.06685478240251541,0.2878562808036804,0.012891131453216076,0.4999624490737915,0.5001271367073059,0.4999633729457855,0.5001257658004761
42,677,13.540000000000001,-0.7821184992790222,0.06684567034244537,0.28786057233810425,0.012881962582468987,0.49996045231819153,0.5001285076141357,0.49996137619018555,0.5001283288002014
42,678,13.56,-0.7834553122520447,0.0668363943696022,0.2878645360469818,0.012873035855591297,0.4999588429927826,0.5001292824745178,0.49995970726013184,0.500130295753479
42,679,13.58,-0.784791886806488,0.06682702153921127,0.2878674566745758,0.012864362448453903,0.499957799911499,0.5001294016838074,0.4999585747718811,0.500131368637085
42,680,13.6,-0.7861284017562866,0.06681767106056213,0.28787022829055786,0.012855946086347103,0.4999573528766632,0.500128984451294,0.4999580383300781,0.5001314878463745
42,681,13.620000000000001,-0.7874644994735718,0.06680846214294434,0.28787317872047424,0.012847797013819218,0.49995753169059753,0.5001281499862671,0.4999580681324005,0.5001305937767029
42,682,13.64,-0.7888006567955017,0.06679928302764893,0.2878763675689697,0.012839923612773418,0.49995818734169006,0.5001271367073059,0.4999586045742035,0.500128984451294
42,683,13.66,-0.7901365160942078,0.06679020076990128,0.28787940740585327,0.01283232867717743,0.4999591112136841,0.5001261830329895,0.49995946884155273,0.5001270771026611
42,684,13.68,-0.7914722561836243,0.06678126752376556,0.287881076335907,0.012825013138353825,0.4999600648880005,0.5001254677772522,0.49996039271354675,0.5001251101493835
42,685,13.700000000000001,-0.7928077578544617,0.06677252799272537,0.2878827154636383,0.012817975133657455,0.49996083974838257,0.5001251101493835,0.49996113777160645,0.5001235008239746
42,686,13.72,-0.7941431999206543,0.0667637512087822,0.28788459300994873,0.012811216525733471,0.4999611973762512,0.5001251697540283,0.4999614953994751,0.5001224875450134
42,687,13.74,-0.795478343963623,0.06675497442483902,0.2878863513469696,0.012804725207388401,0.4999609887599945,0.5001256465911865,0.49996137619018555,0.5001221895217896
42,688,13.76,-0.7968133091926575,0.06674601882696152,0.28788790106773376,0.012798495590686798,0.4999602735042572,0.5001264214515686,0.4999607503414154,0.500122606754303
42,689,13.780000000000001,-0.7981481552124023,0.06673706322908401,0.2878895103931427,0.01279251929372549,0.49995917081832886,0.5001272559165955,0.49995967745780945,0.5001236796379089
42,690,13.8,-0.7994828224182129,0.06672797352075577,0.28789007663726807,0.01278679072856903,0.4999578595161438,0.5001280307769775,0.4999583661556244,0.5001251697540283
42,691,13.82,-0.8008172512054443,0.06671873480081558,0.287890762090683,0.012781304307281971,0.4999564588069916,0.5001285076141357,0.49995696544647217,0.5001266002655029
42,692,13.84,-0.8021515011787415,0.06670933216810226,0.28789111971855164,0.012776062823832035,0.4999551773071289,0.5001285076141357,0.4999557137489319,0.5001276731491089
42,693,13.86,-0.803485631942749,0.06669994443655014,0.2878914773464203,0.0127710634842515,0.49995431303977966,0.5001280307769775,0.49995478987693787,0.5001281499862671
42,694,13.88,-0.8048194646835327,0.06669052690267563,0.28789210319519043,0.012766299769282341,0.499953955411911,0.5001270771026611,0.49995431303977966,0.5001277923583984
42,695,13.9,-0.8061532974243164,0.0666811391711235,0.28789255023002625,0.012761786580085754,0.49995410442352295,0.5001256465911865,0.49995437264442444,0.5001266598701477
42,696,13.92,-0.8074867725372314,0.06667178124189377,0.28789186477661133,0.012757520191371441,0.4999547302722931,0.5001239776611328,0.4999549388885498,0.5001248121261597
42,697,13.94,-0.8088200688362122,0.0666627511382103,0.28789111971855164,0.012753505259752274,0.4999557435512543,0.5001222491264343,0.49995583295822144,0.5001224279403687
42,698,13.96,-0.8101533055305481,0.06665375083684921,0.2878904342651367,0.01274973712861538,0.4999568462371826,0.5001205801963806,0.499956876039505,0.5001199245452881
42,699,13.98,-0.8114862442016602,0.06664502620697021,0.28788992762565613,0.012746216729283333,0.4999579191207886,0.500119149684906,0.4999579191207886,0.5001174211502075
42,700,14.0,-0.8128190636634827,0.06663651019334793,0.28788959980010986,0.012742935679852962,0.49995872378349304,0.5001181364059448,0.49995872378349304,0.5001153349876404
42,701,14.02,-0.8141517043113708,0.06662813574075699,0.2878889739513397,0.012739885598421097,0.49995920062065125,0.5001174211502075,0.49995920062065125,0.500113844871521
42,702,14.040000000000001,-0.8154841065406799,0.06661967188119888,0.28788724541664124,0.012737065553665161,0.49995923042297363,0.5001170635223389,0.499959260225296,0.5001130700111389
42,703,14.06,-0.8168164491653442,0.06661128252744675,0.2878856360912323,0.012734455056488514,0.4999588131904602,0.5001169443130493,0.49995890259742737,0.5001128911972046
42,704,14.08,-0.8181485533714294,0.06660269945859909,0.2878841459751129,0.012732051312923431,0.4999580979347229,0.5001168251037598,0.49995818734169006,0.5001131892204285
42,705,14.1,-0.8194804787635803,0.06659405678510666,0.2878825068473816,0.012729845941066742,0.4999571740627289,0.5001165270805359,0.49995729327201843,0.5001136064529419
42,706,14.120000000000001,-0.8208124041557312,0.06658545881509781,0.2878807485103607,0.012727826833724976,0.49995627999305725,0.5001159906387329,0.4999564588069916,0.500113844871521
42,707,14.14,-0.8221439719200134,0.06657692044973373,0.28787919878959656,0.012725992128252983,0.4999556541442871,0.5001149773597717,0.49995580315589905,0.5001137852668762
42,708,14.16,-0.8234754204750061,0.06656833738088608,0.28787761926651,0.012724336236715317,0.4999553859233856,0.5001136064529419,0.4999554753303528,0.5001131892204285
42,709,14.18,-0.8248066306114197,0.0665598139166832,0.28787511587142944,0.012722861021757126,0.49995553493499756,0.5001118183135986,0.49995556473731995,0.5001119375228882
42,710,14.200000000000001,-0.8261377215385437,0.06655160337686539,0.28787243366241455,0.012721565552055836,0.4999561309814453,0.5001097917556763,0.4999561011791229,0.5001100897789001
42,711,14.22,-0.827468752861023,0.06654340773820877,0.28786978125572205,0.012720445170998573,0.49995705485343933,0.5001076459884644,0.4999569356441498,0.5001076459884644
42,712,14.24,-0.8287994265556335,0.06653545051813126,0.2878671884536743,0.012719504535198212,0.49995821714401245,0.5001053810119629,0.49995800852775574,0.5001049041748047
42,713,14.26,-0.8301302790641785,0.06652768701314926,0.28786471486091614,0.012718738056719303,0.49995940923690796,0.5001033544540405,0.49995914101600647,0.5001020431518555
42,714,14.280000000000001,-0.8314605355262756,0.06652006506919861,0.28786247968673706,0.01271813828498125,0.4999605119228363,0.5001015663146973,0.4999602138996124,0.5000993609428406
42,715,14.3,-0.8327909111976624,0.0665125697851181,0.28785988688468933,0.012717700563371181,0.49996131658554077,0.5001000761985779,0.49996110796928406,0.5000970959663391
42,716,14.32,-0.83412104845047,0.06650511920452118,0.287856787443161,0.012717420235276222,0.49996185302734375,0.5000988841056824,0.4999616742134094,0.5000954270362854
42,717,14.34,-0.8354511260986328,0.06649783253669739,0.28785327076911926,0.012717283330857754,0.4999620318412781,0.500097930431366,0.49996188282966614,0.5000943541526794
42,718,14.36,-0.8367810249328613,0.06649069488048553,0.28784993290901184,0.012717274017632008,0.49996188282966614,0.5000970959663391,0.4999617338180542,0.5000937581062317
42,719,14.38,-0.8381107449531555,0.06648343801498413,0.28784656524658203,0.012717394158244133,0.4999614655971527,0.500096321105957,0.49996134638786316,0.500093400478363
42,720,14.4,-0.8394404649734497,0.06647631525993347,0.28784310817718506,0.012717632576823235,0.4999609589576721,0.5000953674316406,0.49996083974838257,0.5000931024551392
42,721,14.42,-0.8407697081565857,0.06646911799907684,0.2878398895263672,0.012717975303530693,0.4999605119228363,0.5000940561294556,0.49996039271354675,0.5000925660133362
42,722,14.44,-0.8420992493629456,0.06646214425563812,0.28783661127090454,0.012718427926301956,0.4999603033065796,0.5000925064086914,0.49996012449264526,0.5000917315483093
42,723,14.46,-0.8434281945228577,0.06645508110523224,0.2878335416316986,0.012718982063233852,0.49996042251586914,0.5000905990600586,0.4999602437019348,0.5000904202461243
42,724,14.48,-0.8447573781013489,0.06644822657108307,0.2878301739692688,0.012719632126390934,0.49996089935302734,0.5000883936882019,0.499960720539093,0.500088632106781
42,725,14.5,-0.8460861444473267,0.06644153594970703,0.287826269865036,0.012720377184450626,0.4999617636203766,0.5000860691070557,0.4999615550041199,0.5000863075256348
42,726,14.52,-0.8474149107933044,0.06643498688936234,0.2878219187259674,0.012721219100058079,0.49996286630630493,0.5000836849212646,0.49996256828308105,0.5000836849212646
42,727,14.540000000000001,-0.8487436175346375,0.06642855703830719,0.2878177762031555,0.012722154147922993,0.49996405839920044,0.5000813603401184,0.4999637305736542,0.500080943107605
42,728,14.56,-0.8500721454620361,0.0664222314953804,0.28781354427337646,0.012723183259367943,0.49996519088745117,0.5000792145729065,0.4999648928642273,0.5000781416893005
42,729,14.58,-0.8514005541801453,0.06641633063554764,0.287809282541275,0.012724303640425205,0.49996617436408997,0.5000772476196289,0.4999658763408661,0.5000755190849304
42,730,14.6,-0.8527287840843201,0.06641045957803726,0.2878051996231079,0.012725506909191608,0.49996694922447205,0.5000755786895752,0.49996665120124817,0.500073254108429
42,731,14.620000000000001,-0.8540569543838501,0.06640484184026718,0.2878013849258423,0.01272678840905428,0.499967485666275,0.5000740885734558,0.49996715784072876,0.5000714063644409
42,732,14.64,-0.8553849458694458,0.06639919430017471,0.28779760003089905,0.012728134170174599,0.4999677240848541,0.5000727772712708,0.49996739625930786,0.5000700950622559
42,733,14.66,-0.8567129373550415,0.06639360636472702,0.2877935767173767,0.012729542329907417,0.4999677240848541,0.5000715851783752,0.49996742606163025,0.5000690817832947
42,734,14.68,-0.8580406904220581,0.0663880929350853,0.28778955340385437,0.012730998918414116,0.49996763467788696,0.5000702738761902,0.4999673366546631,0.5000683665275574
42,735,14.700000000000001,-0.8593684434890747,0.06638263911008835,0.28778576850891113,0.01273250486701727,0.4999675452709198,0.5000689625740051,0.49996721744537354,0.5000677108764648
42,736,14.72,-0.860696017742157,0.06637724488973618,0.2877821624279022,0.012734044343233109,0.4999675154685974,0.500067412853241,0.49996721744537354,0.500066876411438
42,737,14.74,-0.8620235323905945,0.06637192517518997,0.28777769207954407,0.012735622934997082,0.49996763467788696,0.5000657439231873,0.4999673664569855,0.5000657439231873
42,738,14.76,-0.8633509278297424,0.06636673212051392,0.28777259588241577,0.012737237848341465,0.4999679923057556,0.5000637769699097,0.4999677240848541,0.5000642538070679
42,739,14.780000000000001,-0.8646782040596008,0.06636179983615875,0.2877677083015442,0.012738890014588833,0.499968558549881,0.5000616908073425,0.4999683201313019,0.5000623464584351
42,740,14.8,-0.8660053610801697,0.06635703146457672,0.2877630591392517,0.012740576639771461,0.49996933341026306,0.5000594854354858,0.4999690651893616,0.5000600218772888
42,741,14.82,-0.867332398891449,0.06635241210460663,0.2877580523490906,0.012742296792566776,0.4999702274799347,0.5000572204589844,0.4999699592590332,0.5000573396682739
42,742,14.84,-0.8686595559120178,0.06634793430566788,0.28775325417518616,0.012744053266942501,0.4999712109565735,0.5000550150871277,0.499970942735672,0.500054657459259
42,743,14.86,-0.8699862957000732,0.06634370982646942,0.28774869441986084,0.012745842337608337,0.49997222423553467,0.5000529289245605,0.4999718964099884,0.5000520348548889
42,744,14.88,-0.8713132739067078,0.06633959710597992,0.28774431347846985,0.012747658416628838,0.4999731481075287,0.5000509023666382,0.49997276067733765,0.5000496506690979
42,745,14.9,-0.8726398944854736,0.06633532047271729,0.287739634513855,0.012749501504004002,0.49997392296791077,0.5000491738319397,0.49997350573539734,0.5000476837158203
42,746,14.92,-0.8739666938781738,0.06633137166500092,0.28773486614227295,0.012751364149153233,0.4999745190143585,0.5000475645065308,0.4999741017818451,0.5000460147857666
42,747,14.94,-0.8752931356430054,0.06632743775844574,0.2877303659915924,0.012753240764141083,0.49997496604919434,0.5000460743904114,0.4999745190143585,0.5000447034835815
42,748,14.96,-0.876619815826416,0.0663239136338234,0.28772595524787903,0.012755126692354679,0.49997520446777344,0.5000446438789368,0.4999748468399048,0.5000436305999756
42,749,14.98,-0.877946138381958,0.06632028520107269,0.28772130608558655,0.012757019139826298,0.4999753534793854,0.5000433325767517,0.4999750256538391,0.5000426769256592
42,750,15.0,-0.8792725801467896,0.06631679832935333,0.2877168655395508,0.012758915312588215,0.4999754726886749,0.5000419020652771,0.49997520446777344,0.5000417232513428
42,751,15.02,-0.8805988430976868,0.06631354987621307,0.2877126634120941,0.012760805897414684,0.49997562170028687,0.5000404119491577,0.4999753534793854,0.5000406503677368
42,752,15.040000000000001,-0.8819249868392944,0.06631020456552505,0.28770846128463745,0.012762702070176601,0.4999758303165436,0.5000388622283936,0.49997562170028687,0.5000393390655518
42,753,15.06,-0.8832513093948364,0.06630703061819077,0.28770413994789124,0.01276459638029337,0.4999762177467346,0.5000371932983398,0.4999759793281555,0.5000378489494324
42,754,15.08,-0.8845772743225098,0.0663037896156311,0.28770002722740173,0.012766489759087563,0.4999767243862152,0.5000354051589966,0.4999765157699585,0.5000360608100891
42,755,15.1,-0.8859034776687622,0.06630082428455353,0.28769615292549133,0.012768382206559181,0.4999774098396301,0.5000336170196533,0.49997714161872864,0.5000341534614563
42,756,15.120000000000001,-0.8872293829917908,0.0662979930639267,0.2876920700073242,0.012770280241966248,0.4999781847000122,0.5000318288803101,0.49997788667678833,0.5000321865081787
42,757,15.14,-0.8885552883148193,0.06629520654678345,0.28768783807754517,0.012772179208695889,0.4999789893627167,0.5000301003456116,0.4999786913394928,0.5000302195549011
42,758,15.16,-0.8898812532424927,0.06629262119531631,0.28768378496170044,0.012774080038070679,0.49997979402542114,0.5000285506248474,0.4999794661998749,0.5000283122062683
42,759,15.18,-0.8912069797515869,0.06629019975662231,0.28767988085746765,0.012775978073477745,0.49998047947883606,0.500027060508728,0.49998021125793457,0.5000265836715698
42,760,15.200000000000001,-0.8925328850746155,0.06628787517547607,0.287675678730011,0.01277787983417511,0.4999810457229614,0.5000258088111877,0.4999808371067047,0.5000250935554504
42,761,15.22,-0.8938585519790649,0.0662856251001358,0.2876717150211334,0.012779773212969303,0.49998149275779724,0.500024676322937,0.4999813139438629,0.5000239014625549
42,762,15.24,-0.8951842784881592,0.06628347933292389,0.2876679599285126,0.012781664729118347,0.4999817907810211,0.500023603439331,0.4999816417694092,0.5000229477882385
42,763,15.26,-0.8965099453926086,0.06628121435642242,0.28766414523124695,0.01278354786336422,0.49998199939727783,0.5000226497650146,0.4999818503856659,0.5000221133232117
42,764,15.280000000000001,-0.8978354930877686,0.06627924740314484,0.28766027092933655,0.012785420753061771,0.4999821186065674,0.5000216364860535,0.49998196959495544,0.5000213384628296
42,765,15.3,-0.8991611003875732,0.06627713143825531,0.28765663504600525,0.012787284329533577,0.49998223781585693,0.5000206232070923,0.499982088804245,0.5000205636024475
42,766,15.32,-0.9004865288734436,0.06627526879310608,0.2876531779766083,0.01278912927955389,0.49998244643211365,0.5000194907188416,0.49998223781585693,0.5000196695327759
42,767,15.34,-0.9018120169639587,0.06627333164215088,0.2876492440700531,0.012790960259735584,0.49998271465301514,0.500018298625946,0.4999825060367584,0.5000186562538147
42,768,15.36,-0.9031376838684082,0.06627157330513,0.2876453995704651,0.012792780064046383,0.49998313188552856,0.5000170469284058,0.4999828636646271,0.5000174641609192
42,769,15.38,-0.9044629335403442,0.06626994907855988,0.28764182329177856,0.012794588692486286,0.49998363852500916,0.5000156760215759,0.49998337030410767,0.5000160932540894
42,770,15.4,-0.9057883024215698,0.06626836955547333,0.2876380980014801,0.012796387076377869,0.4999842345714569,0.5000143051147461,0.4999839961528778,0.5000146627426147
42,771,15.42,-0.9071136713027954,0.0662669837474823,0.28763437271118164,0.012798172421753407,0.49998489022254944,0.500012993812561,0.4999846816062927,0.5000131726264954
42,772,15.44,-0.9084388613700867,0.06626556813716888,0.2876308560371399,0.012799947522580624,0.49998557567596436,0.5000117421150208,0.49998533725738525,0.5000118017196655
42,773,15.46,-0.9097644686698914,0.06626442819833755,0.2876274585723877,0.01280171051621437,0.4999862015247345,0.50001060962677,0.4999859929084778,0.5000104904174805
42,774,15.48,-0.9110895991325378,0.06626325845718384,0.2876238524913788,0.012803461402654648,0.4999867379665375,0.5000095963478088,0.49998652935028076,0.5000093579292297
42,775,15.5,-0.9124148488044739,0.06626226007938385,0.287620484828949,0.012805202044546604,0.4999871850013733,0.500008761882782,0.4999869465827942,0.5000083446502686
42,776,15.52,-0.9137402176856995,0.06626121699810028,0.28761714696884155,0.01280693057924509,0.49998751282691956,0.5000079870223999,0.4999872148036957,0.5000075101852417
42,777,15.540000000000001,-0.9150652885437012,0.0662602037191391,0.2876134216785431,0.012808635830879211,0.49998775124549866,0.5000072717666626,0.4999874532222748,0.5000067949295044
42,778,15.56,-0.9163905382156372,0.06625931710004807,0.28760984539985657,0.012810326181352139,0.4999879002571106,0.5000065565109253,0.4999876320362091,0.5000061988830566
42,779,15.58,-0.9177157282829285,0.06625846028327942,0.28760647773742676,0.012811996042728424,0.49998801946640015,0.500005841255188,0.49998775124549866,0.5000056028366089
42,780,15.6,-0.919040858745575,0.06625749170780182,0.2876030504703522,0.01281363982707262,0.4999881386756897,0.5000050067901611,0.4999879002571106,0.5000050067901611
42,781,15.620000000000001,-0.9203659892082214,0.06625676155090332,0.2875995934009552,0.012815263122320175,0.499988317489624,0.5000041723251343,0.4999881088733673,0.5000043511390686
42,782,15.64,-0.9216911792755127,0.06625601649284363,0.28759634494781494,0.012816866859793663,0.4999886155128479,0.5000032186508179,0.4999883770942688,0.5000036358833313
42,783,15.66,-0.9230161309242249,0.06625545024871826,0.28759318590164185,0.012818449176847935,0.49998900294303894,0.5000022053718567,0.49998873472213745,0.5000027418136597
42,784,15.68,-0.9243414402008057,0.06625491380691528,0.2875896692276001,0.012820005416870117,0.49998947978019714,0.5000011920928955,0.49998918175697327,0.5000017881393433
42,785,15.700000000000001,-0.9256664514541626,0.06625431776046753,0.2875862717628479,0.01282154768705368,0.4999900162220001,0.5000001788139343,0.49998971819877625,0.5000007152557373
42,786,15.72,-0.9269915223121643,0.06625393033027649,0.28758302330970764,0.01282306294888258,0.4999905824661255,0.49999919533729553,0.4999902844429016,0.49999961256980896
42,787,15.74,-0.9283166527748108,0.06625368446111679,0.2875794768333435,0.012824563309550285,0.49999111890792847,0.4999982714653015,0.49999088048934937,0.4999985098838806
42,788,15.76,-0.9296416640281677,0.06625349074602127,0.28757616877555847,0.01282604318112135,0.49999162554740906,0.49999743700027466,0.49999138712882996,0.49999749660491943
42,789,15.780000000000001,-0.9309667944908142,0.0662531703710556,0.28757309913635254,0.012827498838305473,0.4999920427799225,0.49999675154685974,0.4999918043613434,0.4999966323375702
42,790,15.8,-0.9322919249534607,0.06625291705131531,0.2875697612762451,0.012828939594328403,0.49999237060546875,0.4999961256980896,0.49999213218688965,0.4999959170818329
42,791,15.82,-0.9336168766021729,0.06625295430421829,0.28756654262542725,0.012830352410674095,0.49999260902404785,0.49999555945396423,0.49999234080314636,0.4999953806400299
42,792,15.84,-0.934941828250885,0.06625300645828247,0.2875632643699646,0.012831744737923145,0.4999927878379822,0.49999505281448364,0.4999924600124359,0.4999949336051941
42,793,15.860000000000001,-0.9362671375274658,0.06625296920537949,0.2875598669052124,0.012833110988140106,0.49999287724494934,0.49999454617500305,0.49999257922172546,0.49999454617500305
42,794,15.88,-0.9375919699668884,0.06625290215015411,0.2875564694404602,0.012834450230002403,0.4999929666519165,0.4999939799308777,0.499992698431015,0.499994158744812
42,795,15.9,-0.9389171004295349,0.06625311076641083,0.2875533103942871,0.01283576525747776,0.49999308586120605,0.4999934136867523,0.4999927878379822,0.4999937415122986
42,796,15.92,-0.9402422904968262,0.06625331938266754,0.28755006194114685,0.012837052345275879,0.499993234872818,0.4999927580356598,0.4999929368495941,0.4999932646751404
42,797,15.94,-0.9415673017501831,0.06625361740589142,0.2875467836856842,0.012838316150009632,0.4999934732913971,0.4999920129776001,0.4999931752681732,0.4999926686286926
42,798,15.96,-0.94289231300354,0.06625399738550186,0.28754371404647827,0.012839551083743572,0.49999380111694336,0.499991238117218,0.4999934732913971,0.4999919831752777
42,799,15.98,-0.9442175626754761,0.06625443696975708,0.28754040598869324,0.012840766459703445,0.499994158744812,0.49999046325683594,0.49999383091926575,0.499991238117218
42,800,16.0,-0.945542573928833,0.06625470519065857,0.28753694891929626,0.012841958552598953,0.49999454617500305,0.49998971819877625,0.49999427795410156,0.4999903738498688
42,801,16.02,-0.9468675255775452,0.06625506281852722,0.2875337302684784,0.012843129225075245,0.49999499320983887,0.49998897314071655,0.4999947249889374,0.49998950958251953
42,802,16.04,-0.948192834854126,0.06625550240278244,0.2875306010246277,0.012844275683164597,0.4999953806400299,0.49998828768730164,0.4999951422214508,0.49998870491981506
42,803,16.06,-0.9495177268981934,0.06625629961490631,0.28752726316452026,0.012845402583479881,0.49999573826789856,0.4999876618385315,0.49999555945396423,0.49998798966407776
42,804,16.080000000000002,-0.9508429765701294,0.0662568211555481,0.28752416372299194,0.012846511788666248,0.49999603629112244,0.4999871253967285,0.4999958872795105,0.4999873638153076
42,805,16.1,-0.9521681070327759,0.06625744700431824,0.2875210642814636,0.012847596779465675,0.49999627470970154,0.4999866783618927,0.4999961256980896,0.4999868869781494
42,806,16.12,-0.9534932374954224,0.0662582665681839,0.2875175178050995,0.012848659418523312,0.49999645352363586,0.49998629093170166,0.4999963045120239,0.499986469745636
42,807,16.14,-0.9548183679580688,0.06625895202159882,0.28751423954963684,0.012849705293774605,0.499996542930603,0.4999859631061554,0.4999964237213135,0.49998611211776733
42,808,16.16,-0.9561437368392944,0.06625974178314209,0.2875111699104309,0.012850726023316383,0.4999966025352478,0.49998557567596436,0.49999648332595825,0.49998584389686584
42,809,16.18,-0.9574688076972961,0.066260427236557,0.2875077724456787,0.01285172812640667,0.4999966323375702,0.4999851882457733,0.499996542930603,0.49998554587364197
42,810,16.2,-0.9587939977645874,0.06626114249229431,0.2875046133995056,0.012852706015110016,0.49999672174453735,0.4999847412109375,0.4999966323375702,0.4999852180480957
42,811,16.22,-0.960119366645813,0.0662621259689331,0.28750261664390564,0.012853670865297318,0.4999968707561493,0.4999842643737793,0.49999672174453735,0.49998486042022705
42,812,16.240000000000002,-0.9614444375038147,0.06626303493976593,0.2875004708766937,0.012854614295065403,0.499997079372406,0.4999837279319763,0.4999969005584717,0.499984472990036
42,813,16.26,-0.9627698063850403,0.06626392900943756,0.28749850392341614,0.012855538167059422,0.49999740719795227,0.4999832212924957,0.49999719858169556,0.4999840557575226
42,814,16.28,-0.9640951156616211,0.06626496464014053,0.28749674558639526,0.01285644806921482,0.4999977946281433,0.4999827742576599,0.4999975562095642,0.49998363852500916
42,815,16.3,-0.9654204845428467,0.06626592576503754,0.28749480843544006,0.012857346795499325,0.49999815225601196,0.49998247623443604,0.49999794363975525,0.4999832510948181
42,816,16.32,-0.9667456746101379,0.06626708805561066,0.2874929904937744,0.012858232483267784,0.49999845027923584,0.4999822974205017,0.4999982714653015,0.49998295307159424
42,817,16.34,-0.9680711627006531,0.06626810133457184,0.2874912917613983,0.012859106995165348,0.49999865889549255,0.4999822676181793,0.499998539686203,0.49998271465301514
42,818,16.36,-0.9693964123725891,0.06626918911933899,0.2874892055988312,0.012859968468546867,0.4999987483024597,0.49998238682746887,0.49999868869781494,0.4999825358390808
42,819,16.38,-0.9707217216491699,0.06627039611339569,0.2874871790409088,0.01286082062870264,0.49999871850013733,0.4999825954437256,0.49999871850013733,0.49998247623443604
42,820,16.4,-0.9720473289489746,0.06627154350280762,0.28748539090156555,0.012861663475632668,0.499998539686203,0.4999828338623047,0.49999868869781494,0.4999825358390808
42,821,16.42,-0.9733726978302002,0.06627258658409119,0.2874835133552551,0.012862490490078926,0.4999983012676239,0.4999831020832062,0.4999985098838806,0.49998271465301514
42,822,16.44,-0.9746981859207153,0.06627370417118073,0.2874816060066223,0.012863307259976864,0.4999980628490448,0.4999833106994629,0.4999983012676239,0.49998295307159424
42,823,16.46,-0.9760236740112305,0.0662747472524643,0.28747978806495667,0.012864110991358757,0.4999978542327881,0.4999834895133972,0.4999980628490448,0.4999832212924957
42,824,16.48,-0.9773491621017456,0.06627587974071503,0.2874778211116791,0.01286490447819233,0.49999770522117615,0.4999835193157196,0.49999791383743286,0.4999834895133972
42,825,16.5,-0.978674590587616,0.06627683341503143,0.28747573494911194,0.012865684926509857,0.49999767541885376,0.49998345971107483,0.4999978542327881,0.49998363852500916
42,826,16.52,-0.9800002574920654,0.06627776473760605,0.2874738574028015,0.012866453267633915,0.4999977946281433,0.4999833106994629,0.49999791383743286,0.49998369812965393
42,827,16.54,-0.9813257455825806,0.06627869606018066,0.28747209906578064,0.0128672169521451,0.4999980330467224,0.4999831020832062,0.4999980926513672,0.4999835789203644
42,828,16.56,-0.9826513528823853,0.06627974659204483,0.28747016191482544,0.012867975048720837,0.4999983608722687,0.4999828636646271,0.4999983608722687,0.4999833405017853
42,829,16.580000000000002,-0.9839770197868347,0.06628067791461945,0.28746816515922546,0.012868725694715977,0.49999871850013733,0.49998265504837036,0.49999865889549255,0.4999829828739166
42,830,16.6,-0.9853026270866394,0.06628178060054779,0.2874663174152374,0.012869472615420818,0.49999910593032837,0.4999825060367584,0.4999990165233612,0.4999825954437256
42,831,16.62,-0.9866281747817993,0.06628286838531494,0.2874641418457031,0.012870214879512787,0.49999943375587463,0.49998244643211365,0.49999934434890747,0.49998220801353455
42,832,16.64,-0.9879539608955383,0.0662839412689209,0.2874622344970703,0.012870952486991882,0.49999964237213135,0.4999825060367584,0.4999995529651642,0.49998190999031067
42,833,16.66,-0.989279568195343,0.06628492474555969,0.2874605655670166,0.012871680781245232,0.4999997615814209,0.499982625246048,0.49999967217445374,0.4999817907810211
42,834,16.68,-0.9906052350997925,0.06628602743148804,0.28745850920677185,0.012872404418885708,0.4999997317790985,0.4999828338623047,0.49999967217445374,0.49998190999031067
42,835,16.7,-0.9919312000274658,0.06628705561161041,0.2874563932418823,0.01287311315536499,0.49999964237213135,0.4999830722808838,0.4999995529651642,0.49998220801353455
42,836,16.72,-0.993256688117981,0.06628809869289398,0.2874544858932495,0.012873808853328228,0.499999463558197,0.4999833405017853,0.49999937415122986,0.4999825954437256
42,837,16.740000000000002,-0.9945825934410095,0.06628917902708054,0.2874531149864197,0.012874489650130272,0.4999992549419403,0.4999835193157196,0.4999992251396179,0.4999831020832062
42,838,16.76,-0.9959084391593933,0.06629017740488052,0.2874525487422943,0.012875152751803398,0.49999910593032837,0.49998363852500916,0.499999076128006,0.49998360872268677
42,839,16.78,-0.9972341656684875,0.06629112362861633,0.28745222091674805,0.012875798158347607,0.4999990463256836,0.4999837279319763,0.49999895691871643,0.4999840557575226
42,840,16.8,-0.9985600113868713,0.06629221886396408,0.28745153546333313,0.012876425869762897,0.49999913573265076,0.4999837875366211,0.49999895691871643,0.49998438358306885
42,841,16.82,-0.9998859167098999,0.06629332154989243,0.28745076060295105,0.012877036817371845,0.4999992549419403,0.49998390674591064,0.4999990463256836,0.49998459219932556
42,842,16.84,-1.0012116432189941,0.06629426032304764,0.28745022416114807,0.012877631932497025,0.49999943375587463,0.4999840259552002,0.4999992251396179,0.4999846816062927
42,843,16.86,-1.002537727355957,0.06629534810781479,0.2874496877193451,0.01287821214646101,0.4999995827674866,0.4999842643737793,0.49999943375587463,0.4999846816062927
42,844,16.88,-1.0038636922836304,0.06629639863967896,0.28744906187057495,0.012878776527941227,0.4999997019767761,0.4999845325946808,0.49999961256980896,0.4999846816062927
42,845,16.9,-1.0051894187927246,0.06629739701747894,0.287448525428772,0.012879330664873123,0.4999997317790985,0.4999849796295166,0.4999997019767761,0.4999846816062927
42,846,16.92,-1.006515622138977,0.06629844754934311,0.28744789958000183,0.012879868969321251,0.49999964237213135,0.4999854564666748,0.49999967217445374,0.49998483061790466
42,847,16.94,-1.0078413486480713,0.06629931926727295,0.287447065114975,0.01288039144128561,0.4999994933605194,0.4999859929084778,0.4999995827674866,0.49998512864112854
42,848,16.96,-1.0091674327850342,0.0663001537322998,0.2874464690685272,0.012880898080766201,0.4999992549419403,0.49998655915260315,0.49999937415122986,0.49998560547828674
42,849,16.98,-1.0104933977127075,0.06630100309848785,0.2874460816383362,0.012881383299827576,0.4999989867210388,0.4999871253967285,0.49999910593032837,0.4999862313270569
42,850,17.0,-1.0118193626403809,0.06630173325538635,0.2874453663825989,0.012881847098469734,0.49999871850013733,0.4999876022338867,0.4999988377094269,0.4999869763851166
42,851,17.02,-1.0131455659866333,0.06630238145589828,0.2874445617198944,0.012882285751402378,0.4999985098838806,0.49998801946640015,0.499998539686203,0.49998772144317627
42,852,17.04,-1.0144715309143066,0.06630317866802216,0.28744396567344666,0.012882702983915806,0.4999983310699463,0.4999883472919464,0.49999839067459106,0.4999883770942688
42,853,17.06,-1.0157976150512695,0.06630384922027588,0.2874431908130646,0.01288309320807457,0.4999982714653015,0.4999885857105255,0.4999982714653015,0.4999888837337494
42,854,17.080000000000002,-1.0171236991882324,0.06630454957485199,0.28744253516197205,0.012883464805781841,0.4999983012676239,0.49998873472213745,0.4999982714653015,0.49998918175697327
42,855,17.1,-1.0184497833251953,0.06630522012710571,0.28744208812713623,0.012883814983069897,0.49999839067459106,0.4999888837337494,0.4999983012676239,0.4999893009662628
42,856,17.12,-1.0197757482528687,0.06630577147006989,0.2874412536621094,0.012884141877293587,0.499998539686203,0.49998900294303894,0.49999842047691345,0.4999893009662628
42,857,17.14,-1.0211020708084106,0.06630642712116241,0.28744035959243774,0.012884446419775486,0.49999871850013733,0.4999891519546509,0.4999985992908478,0.49998921155929565
42,858,17.16,-1.022428035736084,0.06630723178386688,0.2874397337436676,0.012884731404483318,0.49999889731407166,0.4999893009662628,0.4999987483024597,0.4999891221523285
42,859,17.18,-1.023754358291626,0.0663079172372818,0.28743913769721985,0.012884993106126785,0.4999990165233612,0.4999895393848419,0.4999988377094269,0.4999891519546509
42,860,17.2,-1.0250804424285889,0.06630851328372955,0.28743839263916016,0.01288523431867361,0.4999990463256836,0.4999898672103882,0.49999886751174927,0.4999893009662628
42,861,17.22,-1.0264066457748413,0.06630922853946686,0.2874375581741333,0.012885447591543198,0.4999990165233612,0.49999022483825684,0.4999988079071045,0.4999896287918091
42,862,17.240000000000002,-1.0277328491210938,0.06630972027778625,0.2874368727207184,0.012885634787380695,0.49999886751174927,0.49999064207077026,0.49999865889549255,0.4999901056289673
42,863,17.26,-1.0290589332580566,0.06631037592887878,0.28743597865104675,0.012885788455605507,0.49999865889549255,0.4999910593032837,0.4999984800815582,0.49999070167541504
42,864,17.28,-1.0303852558135986,0.06631077826023102,0.28743529319763184,0.012885908596217632,0.49999839067459106,0.49999141693115234,0.4999982714653015,0.49999135732650757
42,865,17.3,-1.0317113399505615,0.06631128489971161,0.28743472695350647,0.01288599707186222,0.49999818205833435,0.4999917447566986,0.4999980330467224,0.4999919533729553
42,866,17.32,-1.0330376625061035,0.06631182134151459,0.2874336838722229,0.012886052019894123,0.49999797344207764,0.4999920129776001,0.4999978244304657,0.4999924600124359
42,867,17.34,-1.034363865852356,0.06631220877170563,0.28743278980255127,0.012886072508990765,0.4999978542327881,0.49999216198921204,0.49999773502349854,0.49999281764030457
42,868,17.36,-1.035690188407898,0.06631262600421906,0.28743213415145874,0.012886065989732742,0.4999977946281433,0.4999922811985016,0.49999767541885376,0.4999929964542389
42,869,17.38,-1.03701651096344,0.06631308794021606,0.28743138909339905,0.012886027805507183,0.4999978244304657,0.49999234080314636,0.49999767541885376,0.4999930262565613
42,870,17.400000000000002,-1.0383427143096924,0.06631346046924591,0.28743043541908264,0.012885961681604385,0.4999978840351105,0.49999240040779114,0.49999773502349854,0.4999929666519165
42,871,17.42,-1.0396690368652344,0.0663137435913086,0.2874295711517334,0.012885866686701775,0.4999980330467224,0.4999924302101135,0.4999978244304657,0.49999290704727173
42,872,17.44,-1.0409951210021973,0.06631414592266083,0.28742876648902893,0.012885741889476776,0.49999815225601196,0.4999924898147583,0.49999797344207764,0.4999927878379822
42,873,17.46,-1.0423215627670288,0.06631473451852798,0.2874278426170349,0.012885591015219688,0.4999982416629791,0.49999257922172546,0.4999980628490448,0.4999927580356598
42,874,17.48,-1.0436477661132812,0.06631509959697723,0.2874271273612976,0.012885411269962788,0.4999982714653015,0.4999927580356598,0.4999980926513672,0.49999281764030457
42,875,17.5,-1.0449740886688232,0.0663154125213623,0.287426233291626,0.012885206378996372,0.4999982714653015,0.4999929964542389,0.4999980628490448,0.4999929964542389
42,876,17.52,-1.0463004112243652,0.06631572544574738,0.2874259650707245,0.012884972617030144,0.4999981224536896,0.4999932646751404,0.4999980330467224,0.4999932646751404
42,877,17.54,-1.0476268529891968,0.06631605327129364,0.2874264419078827,0.012884709984064102,0.4999980330467224,0.49999356269836426,0.49999791383743286,0.4999936819076538
42,878,17.56,-1.0489530563354492,0.06631636619567871,0.2874271869659424,0.012884417548775673,0.49999791383743286,0.4999938905239105,0.4999977648258209,0.4999941885471344
42,879,17.580000000000002,-1.0502794981002808,0.06631657481193542,0.28742754459381104,0.01288409624248743,0.4999977946281433,0.49999427795410156,0.499997615814209,0.49999478459358215
42,880,17.6,-1.0516057014465332,0.06631668657064438,0.2874278426170349,0.012883744202554226,0.49999764561653137,0.4999947249889374,0.49999749660491943,0.4999954104423523
42,881,17.62,-1.0529321432113647,0.06631691008806229,0.2874283492565155,0.012883368879556656,0.49999749660491943,0.49999523162841797,0.4999973773956299,0.49999597668647766
42,882,17.64,-1.0542584657669067,0.06631716340780258,0.2874288856983185,0.012882966548204422,0.4999972879886627,0.49999573826789856,0.49999722838401794,0.49999648332595825
42,883,17.66,-1.0555847883224487,0.06631727516651154,0.2874293327331543,0.012882541865110397,0.4999970495700836,0.4999963045120239,0.499997079372406,0.49999693036079407
42,884,17.68,-1.0569111108779907,0.06631741672754288,0.2874296009540558,0.012882094830274582,0.4999968111515045,0.4999968707561493,0.49999693036079407,0.4999973177909851
42,885,17.7,-1.0582374334335327,0.06631752848625183,0.28743013739585876,0.012881624512374401,0.4999966025352478,0.49999746680259705,0.49999675154685974,0.49999764561653137
42,886,17.72,-1.0595637559890747,0.0663175880908966,0.28743037581443787,0.012881135568022728,0.4999963641166687,0.4999980032444,0.4999966025352478,0.4999980032444
42,887,17.740000000000002,-1.0608900785446167,0.06631757318973541,0.2874308228492737,0.012880627065896988,0.499996155500412,0.499998539686203,0.4999964237213135,0.49999839067459106
42,888,17.76,-1.0622165203094482,0.0663176029920578,0.2874312698841095,0.012880097143352032,0.49999597668647766,0.4999990165233612,0.49999621510505676,0.49999889731407166
42,889,17.78,-1.0635428428649902,0.06631740927696228,0.2874315083026886,0.012879552319645882,0.49999579787254333,0.4999994933605194,0.4999960660934448,0.49999943375587463
42,890,17.8,-1.0648691654205322,0.06631731986999512,0.2874317467212677,0.01287898700684309,0.4999956488609314,0.4999999701976776,0.4999959170818329,0.4999999701976776
42,891,17.82,-1.0661954879760742,0.0663171112537384,0.2874322235584259,0.01287840399891138,0.49999555945396423,0.5000004172325134,0.49999579787254333,0.500000536441803
42,892,17.84,-1.0675219297409058,0.06631690263748169,0.2874327301979065,0.012877805158495903,0.49999547004699707,0.5000008344650269,0.4999956488609314,0.500001072883606
42,893,17.86,-1.0688483715057373,0.06631672382354736,0.2874327600002289,0.012877194210886955,0.4999953806400299,0.5000013113021851,0.49999555945396423,0.5000014901161194
42,894,17.88,-1.0701743364334106,0.06631653010845184,0.28743302822113037,0.012876564636826515,0.49999532103538513,0.5000017285346985,0.49999547004699707,0.500001847743988
42,895,17.900000000000002,-1.071500539779663,0.06631636619567871,0.28743353486061096,0.012875926680862904,0.49999526143074036,0.5000021457672119,0.4999953806400299,0.5000022053718567
42,896,17.92,-1.0728269815444946,0.0663161501288414,0.2874338626861572,0.012875273823738098,0.4999951422214508,0.5000026226043701,0.49999526143074036,0.5000025033950806
42,897,17.94,-1.0741536617279053,0.06631577014923096,0.287433922290802,0.012874612584710121,0.49999505281448364,0.5000030994415283,0.4999951124191284,0.5000028014183044
42,898,17.96,-1.0754796266555786,0.06631547212600708,0.2874341905117035,0.012873935513198376,0.4999949336051941,0.5000035762786865,0.49999499320983887,0.5000031590461731
42,899,17.98,-1.076805830001831,0.0663151741027832,0.28743457794189453,0.012873247265815735,0.49999478459358215,0.5000039935112,0.49999484419822693,0.5000035762786865
42,900,18.0,-1.0781322717666626,0.06631486117839813,0.28743481636047363,0.0128725441172719,0.4999946057796478,0.5000044703483582,0.499994695186615,0.5000041127204895
42,901,18.02,-1.0794588327407837,0.0663144439458847,0.28743496537208557,0.012871825136244297,0.4999944269657135,0.5000048279762268,0.49999451637268066,0.5000046491622925
42,902,18.04,-1.0807849168777466,0.06631401181221008,0.28743529319763184,0.012871094048023224,0.49999427795410156,0.500005304813385,0.49999433755874634,0.5000052452087402
42,903,18.06,-1.08211088180542,0.06631363928318024,0.2874354422092438,0.012870348058640957,0.4999941289424896,0.5000056624412537,0.4999941885471344,0.5000057816505432
42,904,18.080000000000002,-1.0834373235702515,0.06631319224834442,0.28743571043014526,0.012869585305452347,0.4999939799308777,0.5000060200691223,0.49999403953552246,0.5000061988830566
42,905,18.1,-1.0847638845443726,0.06631264090538025,0.28743594884872437,0.012868811376392841,0.49999383091926575,0.500006377696991,0.4999938905239105,0.5000066161155701
42,906,18.12,-1.0860899686813354,0.06631211936473846,0.2874361574649811,0.012868020683526993,0.4999937415122986,0.5000067353248596,0.49999380111694336,0.500006914138794
42,907,18.14,-1.0874159336090088,0.0663115382194519,0.28743618726730347,0.012867220677435398,0.4999936521053314,0.5000070333480835,0.4999937117099762,0.5000072121620178
42,908,18.16,-1.0887422561645508,0.06631097197532654,0.28743645548820496,0.012866408564150333,0.49999359250068665,0.5000073313713074,0.4999936521053314,0.5000074505805969
42,909,18.18,-1.0900686979293823,0.06631025671958923,0.2874367833137512,0.012865584343671799,0.49999353289604187,0.5000076293945312,0.49999359250068665,0.500007688999176
42,910,18.2,-1.0913946628570557,0.06630957126617432,0.2874367833137512,0.012864752672612667,0.4999934732913971,0.5000079274177551,0.4999935030937195,0.5000079274177551
42,911,18.22,-1.092720866203308,0.06630884110927582,0.287436842918396,0.012863906100392342,0.49999338388442993,0.5000081658363342,0.4999934434890747,0.5000081658363342
42,912,18.240000000000002,-1.094046950340271,0.0663081556558609,0.2874371111392975,0.012863053008913994,0.49999332427978516,0.5000085234642029,0.49999335408210754,0.5000084638595581
42,913,18.26,-1.095373511314392,0.0663074478507042,0.2874374985694885,0.012862185947597027,0.499993234872818,0.5000088214874268,0.499993234872818,0.5000088214874268
42,914,18.28,-1.0966992378234863,0.06630675494670868,0.2874373197555542,0.012861310504376888,0.49999308586120605,0.5000091195106506,0.49999311566352844,0.5000091791152954
42,915,18.3,-1.0980253219604492,0.0663059651851654,0.287437379360199,0.012860422022640705,0.4999929666519165,0.5000094175338745,0.4999929964542389,0.5000095367431641
42,916,18.32,-1.0993515253067017,0.06630516052246094,0.28743767738342285,0.012859526090323925,0.4999927878379822,0.5000097751617432,0.49999284744262695,0.5000098943710327
42,917,18.34,-1.1006779670715332,0.06630437076091766,0.28743788599967957,0.012858621776103973,0.49999263882637024,0.500010073184967,0.499992698431015,0.5000102519989014
42,918,18.36,-1.102003812789917,0.0663035437464714,0.28743770718574524,0.012857706286013126,0.4999924898147583,0.5000103712081909,0.4999925494194031,0.5000105500221252
42,919,18.38,-1.1033296585083008,0.06630274653434753,0.28743776679039,0.012856785207986832,0.49999240040779114,0.50001060962677,0.4999924302101135,0.5000108480453491
42,920,18.400000000000002,-1.1046558618545532,0.06630180031061172,0.2874380946159363,0.012855853885412216,0.499992311000824,0.5000109076499939,0.499992311000824,0.5000110864639282
42,921,18.42,-1.1059820652008057,0.06630082428455353,0.28743815422058105,0.012854915112257004,0.4999921917915344,0.5000110864639282,0.4999922215938568,0.5000113248825073
42,922,18.44,-1.1073079109191895,0.06629995256662369,0.2874380052089691,0.012853975407779217,0.49999213218688965,0.5000112652778625,0.49999213218688965,0.5000115036964417
42,923,18.46,-1.1086337566375732,0.06629909574985504,0.2874380946159363,0.012853029184043407,0.4999920725822449,0.5000115036964417,0.4999920725822449,0.500011682510376
42,924,18.48,-1.1099600791931152,0.06629818677902222,0.28743836283683777,0.012852075509727001,0.4999920129776001,0.500011682510376,0.4999920427799225,0.5000118613243103
42,925,18.5,-1.111285924911499,0.06629727780818939,0.28743836283683777,0.012851116247475147,0.4999919533729553,0.5000118613243103,0.4999919831752777,0.5000120997428894
42,926,18.52,-1.1126116514205933,0.06629647314548492,0.28743821382522583,0.01285015232861042,0.49999192357063293,0.5000120997428894,0.49999192357063293,0.5000122785568237
42,927,18.54,-1.1139376163482666,0.06629547476768494,0.287438303232193,0.012849186547100544,0.49999183416366577,0.5000122785568237,0.49999186396598816,0.5000125169754028
42,928,18.56,-1.1152637004852295,0.06629446148872375,0.28743842244148254,0.012848219834268093,0.4999917447566986,0.5000125765800476,0.4999918043613434,0.5000127553939819
42,929,18.580000000000002,-1.1165895462036133,0.06629341840744019,0.28743845224380493,0.012847252190113068,0.49999159574508667,0.5000128149986267,0.49999165534973145,0.500012993812561
42,930,18.6,-1.117915153503418,0.06629236042499542,0.287438303232193,0.012846282683312893,0.49999144673347473,0.5000131130218506,0.4999915361404419,0.5000131726264954
42,931,18.62,-1.1192412376403809,0.06629133969545364,0.28743842244148254,0.012845306657254696,0.4999913275241852,0.5000133514404297,0.49999138712882996,0.5000134706497192
42,932,18.64,-1.1205672025680542,0.06629031151533127,0.28743842244148254,0.012844334356486797,0.49999114871025085,0.5000135898590088,0.4999912977218628,0.5000137090682983
42,933,18.66,-1.1218928098678589,0.06628911942243576,0.28743845224380493,0.012843355536460876,0.4999910295009613,0.5000137686729431,0.49999117851257324,0.5000139474868774
42,934,18.68,-1.1232185363769531,0.06628786027431488,0.2874383330345154,0.012842385098338127,0.49999094009399414,0.5000139474868774,0.4999910593032837,0.5000141859054565
42,935,18.7,-1.124544382095337,0.06628671288490295,0.28743842244148254,0.012841413728892803,0.49999088048934937,0.5000141263008118,0.49999096989631653,0.5000143647193909
42,936,18.72,-1.1258701086044312,0.0662856325507164,0.2874383330345154,0.01284044049680233,0.4999908208847046,0.5000143051147461,0.49999091029167175,0.5000144839286804
42,937,18.740000000000002,-1.1271955966949463,0.06628447771072388,0.28743836283683777,0.01283947192132473,0.4999907612800598,0.5000144243240356,0.49999088048934937,0.50001460313797
42,938,18.76,-1.12852144241333,0.06628333032131195,0.2874382436275482,0.012838506139814854,0.49999070167541504,0.50001460313797,0.4999908208847046,0.5000147223472595
42,939,18.78,-1.1298472881317139,0.06628217548131943,0.2874376177787781,0.012837549671530724,0.49999067187309265,0.5000147223472595,0.4999907910823822,0.5000148415565491
42,940,18.8,-1.131172776222229,0.0662810355424881,0.2874360680580139,0.012836597859859467,0.4999905824661255,0.5000149011611938,0.4999907612800598,0.5000149011611938
42,941,18.82,-1.1324981451034546,0.06627988815307617,0.2874346971511841,0.012835648842155933,0.4999904930591583,0.5000150203704834,0.49999064207077026,0.5000149607658386
42,942,18.84,-1.1338238716125488,0.06627869606018066,0.2874331772327423,0.012834709137678146,0.4999903738498688,0.5000150799751282,0.4999905228614807,0.5000149607658386
42,943,18.86,-1.135149598121643,0.0662776380777359,0.2874317765235901,0.012833772227168083,0.49999022483825684,0.5000150203704834,0.49999040365219116,0.5000149011611938
42,944,18.88,-1.136474847793579,0.0662764310836792,0.2874302268028259,0.012832844629883766,0.4999901056289673,0.5000149011611938,0.4999903440475464,0.5000147819519043
42,945,18.900000000000002,-1.1378004550933838,0.06627511978149414,0.2874288856983185,0.012831926345825195,0.4999900758266449,0.5000146627426147,0.4999902546405792,0.5000146627426147
42,946,18.92,-1.1391260623931885,0.06627386808395386,0.2874273657798767,0.012831011787056923,0.4999901354312897,0.5000143647193909,0.49999022483825684,0.5000145435333252
42,947,18.94,-1.140451431274414,0.06627272069454193,0.2874259054660797,0.01283010933548212,0.4999902844429016,0.5000140070915222,0.4999902844429016,0.5000143051147461
42,948,18.96,-1.14177668094635,0.06627153605222702,0.28742435574531555,0.01282921340316534,0.49999046325683594,0.5000136494636536,0.49999040365219116,0.500014066696167
42,949,18.98,-1.1431024074554443,0.0662703737616539,0.2874230444431305,0.012828326784074306,0.49999070167541504,0.5000132918357849,0.4999905824661255,0.5000138282775879
42,950,19.0,-1.14442777633667,0.06626933813095093,0.2874215245246887,0.012827452272176743,0.49999094009399414,0.5000129342079163,0.4999907612800598,0.500013530254364
42,951,19.02,-1.145753026008606,0.06626824289560318,0.28741997480392456,0.0128265880048275,0.49999111890792847,0.5000126957893372,0.49999094009399414,0.5000132322311401
42,952,19.04,-1.1470783948898315,0.0662672370672226,0.2874184548854828,0.012825735844671726,0.499991238117218,0.5000124573707581,0.49999111890792847,0.5000128746032715
42,953,19.06,-1.1484038829803467,0.06626620888710022,0.28741714358329773,0.012824893929064274,0.4999912679195404,0.5000122785568237,0.49999120831489563,0.5000125765800476
42,954,19.080000000000002,-1.1497291326522827,0.06626515090465546,0.28741562366485596,0.01282406598329544,0.499991238117218,0.500012218952179,0.49999120831489563,0.5000122785568237
42,955,19.1,-1.1510541439056396,0.0662640631198883,0.2874140739440918,0.012823252007365227,0.49999111890792847,0.5000121593475342,0.49999114871025085,0.5000120997428894
42,956,19.12,-1.1523797512054443,0.06626300513744354,0.28741252422332764,0.012822450138628483,0.49999096989631653,0.5000120997428894,0.4999910593032837,0.5000119805335999
42,957,19.14,-1.1537050008773804,0.06626199185848236,0.2874112129211426,0.012821662239730358,0.499990850687027,0.5000120401382446,0.49999091029167175,0.5000119805335999
42,958,19.16,-1.1550300121307373,0.06626087427139282,0.2874097228050232,0.012820885516703129,0.49999070167541504,0.5000119209289551,0.4999907910823822,0.5000120401382446
42,959,19.18,-1.156355381011963,0.06625981628894806,0.28740814328193665,0.012820121832191944,0.4999905824661255,0.5000117421150208,0.49999070167541504,0.5000120997428894
42,960,19.2,-1.1576807498931885,0.06625878810882568,0.2874065935611725,0.012819374911487103,0.4999905228614807,0.5000115633010864,0.49999067187309265,0.5000120401382446
42,961,19.22,-1.1590057611465454,0.06625780463218689,0.2874052822589874,0.012818645685911179,0.4999905228614807,0.5000112652778625,0.49999067187309265,0.5000119805335999
42,962,19.240000000000002,-1.1603306531906128,0.0662568062543869,0.28740382194519043,0.012817934155464172,0.4999906122684479,0.5000110268592834,0.4999907612800598,0.5000117421150208
42,963,19.26,-1.161656141281128,0.06625587493181229,0.2874022126197815,0.012817244045436382,0.4999907314777374,0.5000107288360596,0.49999088048934937,0.5000113844871521
42,964,19.28,-1.1629811525344849,0.06625495851039886,0.28740066289901733,0.012816575355827808,0.499990850687027,0.5000104904174805,0.4999910593032837,0.5000109672546387
42,965,19.3,-1.1643061637878418,0.06625400483608246,0.2873993515968323,0.012815931811928749,0.4999909996986389,0.5000102519989014,0.49999120831489563,0.5000104904174805
42,966,19.32,-1.1656312942504883,0.06625299155712128,0.28739795088768005,0.012815315276384354,0.49999111890792847,0.500010073184967,0.4999913275241852,0.500010073184967
42,967,19.34,-1.1669565439224243,0.06625205278396606,0.2873963415622711,0.012814725749194622,0.49999120831489563,0.5000099539756775,0.49999141693115234,0.5000097155570984
42,968,19.36,-1.1682814359664917,0.06625129282474518,0.28739482164382935,0.01281416043639183,0.499991238117218,0.5000098943710327,0.4999915063381195,0.5000094771385193
42,969,19.38,-1.1696062088012695,0.06625044345855713,0.2873935103416443,0.012813622131943703,0.499991238117218,0.5000098347663879,0.4999914765357971,0.5000094175338745
42,970,19.400000000000002,-1.1709315776824951,0.06624964624643326,0.2873920798301697,0.012813111767172813,0.49999117851257324,0.5000098943710327,0.49999141693115234,0.5000094175338745
42,971,19.42,-1.172256350517273,0.06624879688024521,0.2873905599117279,0.012812623754143715,0.4999910593032837,0.5000098943710327,0.4999913275241852,0.5000094771385193
42,972,19.44,-1.1735813617706299,0.06624782085418701,0.28738901019096375,0.01281216274946928,0.49999094009399414,0.5000098943710327,0.499991238117218,0.5000096559524536
42,973,19.46,-1.1749062538146973,0.06624683737754822,0.2873876988887787,0.012811729684472084,0.499990850687027,0.5000098347663879,0.49999111890792847,0.5000097751617432
42,974,19.48,-1.1762313842773438,0.0662459209561348,0.28738638758659363,0.012811319902539253,0.4999907612800598,0.5000097751617432,0.4999910295009613,0.5000098347663879
42,975,19.5,-1.1775561571121216,0.06624503433704376,0.28738486766815186,0.012810935266315937,0.4999907314777374,0.5000096559524536,0.4999910295009613,0.5000098347663879
42,976,19.52,-1.178881049156189,0.06624409556388855,0.2873833179473877,0.012810579501092434,0.4999907612800598,0.5000094771385193,0.4999910593032837,0.5000096559524536
42,977,19.54,-1.1802061796188354,0.06624329090118408,0.28738200664520264,0.01281024795025587,0.49999088048934937,0.500009298324585,0.49999111890792847,0.5000093579292297
42,978,19.56,-1.1815307140350342,0.06624247133731842,0.28738075494766235,0.012809950858354568,0.4999909996986389,0.5000091195106506,0.499991238117218,0.5000090599060059
42,979,19.580000000000002,-1.1828556060791016,0.06624160706996918,0.28737929463386536,0.01280968263745308,0.49999117851257324,0.5000090003013611,0.49999135732650757,0.5000087022781372
42,980,19.6,-1.1841806173324585,0.06624071300029755,0.2873777449131012,0.012809442356228828,0.4999912977218628,0.5000088810920715,0.4999915063381195,0.5000083446502686
42,981,19.62,-1.1855053901672363,0.06623993813991547,0.28737643361091614,0.01280923467129469,0.49999141693115234,0.500008761882782,0.49999162554740906,0.5000081062316895
42,982,19.64,-1.186829924583435,0.06623907387256622,0.2873753011226654,0.012809053994715214,0.4999915063381195,0.5000087022781372,0.49999168515205383,0.5000079870223999
42,983,19.66,-1.188154697418213,0.06623828411102295,0.2873738706111908,0.012808897532522678,0.4999915361404419,0.5000087022781372,0.49999168515205383,0.5000079870223999
42,984,19.68,-1.1894798278808594,0.06623734533786774,0.287372350692749,0.012808771803975105,0.4999915361404419,0.5000087022781372,0.49999165534973145,0.5000079870223999
42,985,19.7,-1.1908042430877686,0.06623651832342148,0.2873710095882416,0.012808673083782196,0.4999914765357971,0.5000087022781372,0.49999159574508667,0.5000081062316895
42,986,19.72,-1.1921290159225464,0.06623567640781403,0.2873699367046356,0.012808597646653652,0.49999141693115234,0.5000087022781372,0.4999915361404419,0.500008225440979
42,987,19.740000000000002,-1.1934539079666138,0.06623494625091553,0.28736862540245056,0.01280854269862175,0.49999138712882996,0.5000087022781372,0.49999144673347473,0.5000082850456238
42,988,19.76,-1.1947784423828125,0.06623411178588867,0.2873670756816864,0.012808519415557384,0.4999913275241852,0.5000087022781372,0.49999141693115234,0.5000082850456238
42,989,19.78,-1.1961030960083008,0.06623326241970062,0.28736576437950134,0.012808515690267086,0.4999912977218628,0.5000085830688477,0.49999141693115234,0.500008225440979
42,990,19.8,-1.1974278688430786,0.06623242795467377,0.2873646914958954,0.012808532454073429,0.4999913275241852,0.5000085234642029,0.49999144673347473,0.5000081062316895
42,991,19.82,-1.198752522468567,0.06623165309429169,0.28736352920532227,0.012808569706976414,0.49999141693115234,0.5000083446502686,0.4999914765357971,0.5000079870223999
42,992,19.84,-1.200076937675476,0.06623081862926483,0.2873619794845581,0.012808623723685741,0.4999915361404419,0.500008225440979,0.49999159574508667,0.5000078082084656
42,993,19.86,-1.201401710510254,0.06623011827468872,0.28736066818237305,0.012808701023459435,0.49999168515205383,0.5000081062316895,0.4999917149543762,0.5000076293945312
42,994,19.88,-1.2027263641357422,0.06622946262359619,0.2873595952987671,0.01280879881232977,0.4999918043613434,0.5000079274177551,0.4999918043613434,0.5000074505805969
42,995,19.900000000000002,-1.2040507793426514,0.06622883677482605,0.2873585522174835,0.012808906845748425,0.49999192357063293,0.5000078678131104,0.49999189376831055,0.5000073313713074
42,996,19.92,-1.20537531375885,0.06622821092605591,0.28735703229904175,0.012809040024876595,0.4999919831752777,0.5000078082084656,0.4999919533729553,0.5000072121620178
42,997,19.94,-1.206700325012207,0.0662274956703186,0.2873557209968567,0.012809185311198235,0.4999920129776001,0.5000078082084656,0.4999919831752777,0.5000072121620178
42,998,19.96,-1.208024501800537,0.06622681021690369,0.28735464811325073,0.01280934363603592,0.4999920129776001,0.5000077486038208,0.4999920129776001,0.500007152557373
42,999,19.98,-1.2093489170074463,0.06622615456581116,0.2873536944389343,0.012809516862034798,0.4999919831752777,0.5000077486038208,0.4999919831752777,0.5000072121620178
42,1000,20.0,-1.2106738090515137,0.06622546911239624,0.28735223412513733,0.012809697538614273,0.49999192357063293,0.5000077486038208,0.49999192357063293,0.5000072717666626
18446744073709551615,1,0.02,1.2864333391189575,-0.13754847645759583,0.5172054171562195,0.45727112889289856,0.477597177028656,0.4786685109138489,0.5088321566581726,0.49022960662841797
18446744073709551615,2,0.04,1.2892214059829712,-0.138544499874115,0.5189083218574524,0.4600103497505188,0.47611236572265625,0.5016727447509766,0.4858880341053009,0.4857172966003418
18446744073709551615,3,0.06,1.2920562028884888,-0.14232772588729858,0.5206500291824341,0.4624408781528473,0.4722103178501129,0.5219916701316833,0.4526853561401367,0.5045216679573059
18446744073709551615,4,0.08,1.2949936389923096,-0.14843353629112244,0.5224217772483826,0.4648224413394928,0.46181729435920715,0.5329837799072266,0.4199274778366089,0.5364671945571899
18446744073709551615,5,0.1,1.298069715499878,-0.1551503986120224,0.5242131352424622,0.4673750102519989,0.4509255588054657,0.5289662480354309,0.4000876247882843,0.5690875053405762
18446744073709551615,6,0.12,1.3012762069702148,-0.15997859835624695,0.5260113477706909,0.47014856338500977,0.44767966866493225,0.5082479119300842,0.4019976258277893,0.5886455774307251
18446744073709551615,7,0.14,1.3045495748519897,-0.16050004959106445,0.5277986526489258,0.47311294078826904,0.4563753008842468,0.47447964549064636,0.42724376916885376,0.5860195755958557
18446744073709551615,8,0.16,1.3077751398086548,-0.1553545743227005,0.5295495390892029,0.47639986872673035,0.4755895137786865,0.43601590394973755,0.4694717526435852,0.558484673500061
18446744073709551615,9,0.18,1.3108129501342773,-0.14491403102874756,0.5312279462814331,0.48051729798316956,0.5002991557121277,0.40275511145591736,0.5173815488815308,0.5084840059280396
18446744073709551615,10,0.2,1.3135427236557007,-0.13114559650421143,0.5327874422073364,0.4861553907394409,0.5252251625061035,0.38183388113975525,0.5605562925338745,0.44369643926620483
18446744073709551615,11,0.22,1.315904974937439,-0.11664664000272751,0.5341767072677612,0.49363142251968384,0.5467755794525146,0.37544986605644226,0.5931480526924133,0.37729784846305847
18446744073709551615,12,0.24,1.3179162740707397,-0.1036113053560257,0.5353469252586365,0.5025733709335327,0.5628580451011658,0.38187962770462036,0.6128363609313965,0.32448458671569824
18446744073709551615,13,0.26,1.3196574449539185,-0.09347931295633316,0.536257266998291,0.5121050477027893,0.572226881980896,0.39809244871139526,0.6185914278030396,0.2965152859687805
18446744073709551615,14,0.28,1.3212400674819946,-0.08706203103065491,0.5368772745132446,0.521155595779419,0.5737303495407104,0.42181408405303955,0.6101657152175903,0.29881465435028076
18446744073709551615,15,0.3,1.3227730989456177,-0.0844586193561554,0.5371862649917603,0.5286834239959717,0.5650593638420105,0.4517965018749237,0.5886138677597046,0.3329964876174927
18446744073709551615,16,0.32,1.3243353366851807,-0.0848405659198761,0.5371715426445007,0.5341081023216248,0.5427825450897217,0.4866977632045746,0.5566391348838806,0.3955956697463989
18446744073709551615,17,0.34,1.3259625434875488,-0.08674884587526321,0.5368244051933289,0.5380769371986389,0.5055336952209473,0.523149847984314,0.518717348575592,0.4726085662841797
18446744073709551615,18,0.36,1.327654480934143,-0.08871813863515854,0.5361388325691223,0.5426387190818787,0.4589691162109375,0.5539993643760681,0.4814344644546509,0.5416334867477417
18446744073709551615,19,0.38,1.329386591911316,-0.08936469256877899,0.5351110696792603,0.5500035881996155,0.4162572920322418,0.570068359375,0.4533161222934723,0.5858082175254822
18446744073709551615,20,0.4,1.3311117887496948,-0.08724025636911392,0.533741295337677,0.5611698031425476,0.3907129764556885,0.5661101341247559,0.4419843852519989,0.6013963222503662
18446744073709551615,21,0.42,1.3327609300613403,-0.0812678411602974,0.5320329070091248,0.5757679343223572,0.3885520100593567,0.5447694063186646,0.45017945766448975,0.5924739241600037
18446744073709551615,22,0.44,1.334257960319519,-0.07144954800605774,0.5299902558326721,0.5927448868751526,0.40821734070777893,0.5147379040718079,0.47471919655799866,0.5642294883728027
18446744073709551615,23,0.46,1.3355504274368286,-0.05912858992815018,0.5276154279708862,0.6110798716545105,0.4432586133480072,0.4862729609012604,0.5082473158836365,0.5210945010185242
18446744073709551615,24,0.48,1.336639165878296,-0.04652586951851845,0.5249072313308716,0.630099356174469,0.4852308928966522,0.46754297614097595,0.5420121550559998,0.4686731994152069
18446744073709551615,25,0.5,1.3375900983810425,-0.035823047161102295,0.5218619108200073,0.6493514776229858,0.5259162187576294,0.46260327100753784,0.5685048699378967,0.41622042655944824
18446744073709551615,26,0.52,1.3385226726531982,-0.028522297739982605,0.5184754133224487,0.6683485507965088,0.5588767528533936,0.47126948833465576,0.5827646255493164,0.375860333442688
18446744073709551615,27,0.54,1.3395733833312988,-0.02549118548631668,0.5147451162338257,0.6864728331565857,0.5801559090614319,0.49080923199653625,0.5824713706970215,0.358203649520874
18446744073709551615,28,0.56,1.340858817100525,-0.027186930179595947,0.5106722712516785,0.7030439972877502,0.5876186490058899,0.5179338455200195,0.5678618550300598,0.3690664768218994
18446744073709551615,29,0.58,1.3424474000930786,-0.03352651745080948,0.5062628984451294,0.7174997925758362,0.5796181559562683,0.5494797229766846,0.5416421294212341,0.4087179899215698
18446744073709551615,30,0.6,1.3443523645401,-0.043637290596961975,0.5015296339988708,0.7297046184539795,0.555255115032196,0.5817304849624634,0.5085362195968628,0.47038090229034424
18446744073709551615,31,0.62,1.3465445041656494,-0.05596763640642166,0.49649524688720703,0.7401650547981262,0.5172134637832642,0.6093901991844177,0.4746500849723816,0.5396161079406738
18446744073709551615,32,0.64,1.3489750623703003,-0.06879676878452301,0.49119582772254944,0.7497215867042542,0.4745188057422638,0.6259899139404297,0.44706764817237854,0.5998687148094177
18446744073709551615,33,0.66,1.351590871810913,-0.08069351315498352,0.4856796860694885,0.7589071989059448,0.4401701092720032,0.6267151236534119,0.4327332079410553,0.6404231786727905
18446744073709551615,34,0.68,1.3543394804000854,-0.0906316265463829,0.4800010621547699,0.7676923274993896,0.4241045117378235,0.6113635897636414,0.4357118010520935,0.6583350300788879
18446744073709551615,35,0.7000000000000001,1.3571710586547852,-0.09797033667564392,0.4742116928100586,0.7757461667060852,0.42901942133903503,0.5847725868225098,0.4549591839313507,0.6549185514450073
18446744073709551615,36,0.72,1.3600424528121948,-0.10242719948291779,0.4683542847633362,0.7828128337860107,0.4515336751937866,0.5549039244651794,0.4846605956554413,0.6324176788330078
18446744073709551615,37,0.74,1.3629206418991089,-0.10392026603221893,0.4624621570110321,0.788913905620575,0.48493221402168274,0.5299763083457947,0.5166553258895874,0.5935971140861511
18446744073709551615,38,0.76,1.365786075592041,-0.10236804187297821,0.4565606117248535,0.7942793369293213,0.5214167237281799,0.5157712697982788,0.5434436798095703,0.543745756149292
18446744073709551615,39,0.78,1.3686268329620361,-0.09778253734111786,0.45067113637924194,0.7990847826004028,0.5539044737815857,0.5141180157661438,0.5600343942642212,0.4926259517669678
18446744073709551615,40,0.8,1.371433973312378,-0.09070730209350586,0.4448140263557434,0.803214967250824,0.5774096846580505,0.5232765078544617,0.5641337633132935,0.4528948962688446
18446744073709551615,41,0.8200000000000001,1.374193787574768,-0.08253277838230133,0.4390089511871338,0.8062193393707275,0.589530885219574,0.5397623181343079,0.5557879209518433,0.43514329195022583
18446744073709551615,42,0.84,1.3768856525421143,-0.07531656324863434,0.4332740306854248,0.8074367642402649,0.5896620154380798,0.5599967837333679,0.5372205376625061,0.44430527091026306
18446744073709551615,43,0.86,1.3794907331466675,-0.07123713195323944,0.42762553691864014,0.806204617023468,0.5780073404312134,0.5807358622550964,0.5125336647033691,0.4789034128189087
18446744073709551615,44,0.88,1.3820061683654785,-0.07194355130195618,0.4220784604549408,0.8021095991134644,0.5559679865837097,0.5986275672912598,0.48698481917381287,0.5308441519737244
18446744073709551615,45,0.9,1.3844596147537231,-0.07804315537214279,0.4166501462459564,0.7951464056968689,0.5277003645896912,0.6098442673683167,0.46614357829093933,0.586704671382904
18446744073709551615,46,0.92,1.3869093656539917,-0.08899562060832977,0.4113629162311554,0.7856264710426331,0.5005795359611511,0.6107221841812134,0.4550875425338745,0.632765531539917
18446744073709551615,47,0.9400000000000001,1.3894290924072266,-0.1034088283777237,0.40624353289604187,0.7739397883415222,0.48265084624290466,0.5994930863380432,0.45713096857070923,0.660470187664032
18446744073709551615,48,0.96,1.3920872211456299,-0.11939173191785812,0.40131834149360657,0.7604362964630127,0.47881370782852173,0.5778121948242188,0.47222185134887695,0.6673299074172974
18446744073709551615,49,0.98,1.3949251174926758,-0.13474777340888977,0.3966076970100403,0.7454851865768433,0.4891391098499298,0.5506793856620789,0.49646061658859253,0.6543539762496948
18446744073709551615,50,1.0,1.397943139076233,-0.14713644981384277,0.39212465286254883,0.7295539975166321,0.50981605052948,0.5245758891105652,0.5236190557479858,0.624098539352417
18446744073709551615,51,1.02,1.4010934829711914,-0.1544414460659027,0.3878767490386963,0.7131690382957458,0.5352075695991516,0.5049059391021729,0.5477021336555481,0.5809235572814941
18446744073709551615,52,1.04,1.4042867422103882,-0.15536780655384064,0.3838692605495453,0.6967498064041138,0.559804379940033,0.4942540228366852,0.5647443532943726,0.5322113037109375
18446744073709551615,53,1.06,1.4074138402938843,-0.1499650776386261,0.3801056146621704,0.6804380416870117,0.5794828534126282,0.49227097630500793,0.5730579495429993,0.48804596066474915
18446744073709551615,54,1.08,1.4103710651397705,-0.13969315588474274,0.376585990190506,0.6640427708625793,0.5919429063796997,0.4968506097793579,0.5726585984230042,0.45825445652008057
18446744073709551615,55,1.1,1.4130858182907104,-0.12699666619300842,0.3733024001121521,0.6471192240715027,0.5963719487190247,0.5055281519889832,0.5647651553153992,0.4490509629249573
18446744073709551615,56,1.12,1.4155300855636597,-0.11468429118394852,0.3702370524406433,0.6291264891624451,0.5926984548568726,0.5162054300308228,0.551521360874176,0.461610347032547
18446744073709551615,57,1.1400000000000001,1.4177290201187134,-0.1053122878074646,0.36736273765563965,0.6096248626708984,0.5812391042709351,0.5270819664001465,0.5357000231742859,0.49194392561912537
18446744073709551615,58,1.16,1.4197571277618408,-0.10061924159526825,0.3646470606327057,0.588456928730011,0.5632261037826538,0.5362027883529663,0.5203027725219727,0.5313884019851685
18446744073709551615,59,1.18,1.421723484992981,-0.10114724934101105,0.3620604872703552,0.5658139586448669,0.5416982173919678,0.5411979556083679,0.5081633925437927,0.5689292550086975
18446744073709551615,60,1.2,1.4237462282180786,-0.10621947050094604,0.35958367586135864,0.542128324508667,0.5214869379997253,0.5397651195526123,0.5015605688095093,0.5952332615852356
18446744073709551615,61,1.22,1.4259233474731445,-0.11422987282276154,0.35720932483673096,0.5178967714309692,0.5076144337654114,0.5308350920677185,0.5017223358154297,0.6054238080978394
18446744073709551615,62,1.24,1.4283119440078735,-0.12308220565319061,0.3549405336380005,0.49356648325920105,0.503154993057251,0.5154708027839661,0.5084092617034912,0.5989711880683899
18446744073709551615,63,1.26,1.4309195280075073,-0.13068246841430664,0.35278525948524475,0.46950826048851013,0.5082080364227295,0.4966298043727875,0.5199974775314331,0.5782324075698853
18446744073709551615,64,1.28,1.4337042570114136,-0.13539595901966095,0.35075274109840393,0.4460159242153168,0.520399272441864,0.4779549837112427,0.5340889096260071,0.5473763942718506
18446744073709551615,65,1.3,1.4365901947021484,-0.1363615244626999,0.3488515615463257,0.4232892096042633,0.5361775755882263,0.46248170733451843,0.5482243895530701,0.5118803977966309
18446744073709551615,66,1.32,1.439486026763916,-0.13356828689575195,0.3470851182937622,0.4014061391353607,0.5520598888397217,0.4519691467285156,0.5603368878364563,0.4779339134693146
18446744073709551615,67,1.34,1.4423071146011353,-0.12770132720470428,0.34545010328292847,0.380308598279953,0.5653613209724426,0.4469587802886963,0.5689047574996948,0.4513590633869171
18446744073709551615,68,1.36,1.4449912309646606,-0.11986738443374634,0.34393447637557983,0.3598177433013916,0.5743365287780762,0.44722139835357666,0.5729666948318481,0.43638914823532104
18446744073709551615,69,1.3800000000000001,1.4475066661834717,-0.11132953315973282,0.3425169587135315,0.3396894633769989,0.5779259204864502,0.452164888381958,0.5721359252929688,0.4348650276660919
18446744073709551615,70,1.4000000000000001,1.449855089187622,-0.10331391543149948,0.34116843342781067,0.31970295310020447,0.5754615664482117,0.4609576463699341,0.5666207075119019,0.44593724608421326
18446744073709551615,71,1.42,1.45206618309021,-0.0968613401055336,0.3398563265800476,0.2997618019580841,0.5666897892951965,0.472373902797699,0.5572050213813782,0.4661199152469635
18446744073709551615,72,1.44,1.4541893005371094,-0.09268118441104889,0.3385518491268158,0.27995678782463074,0.5522221922874451,0.48456618189811707,0.54518061876297,0.48992040753364563
18446744073709551615,73,1.46,1.456281304359436,-0.09101073443889618,0.337237149477005,0.26054006814956665,0.5340914130210876,0.49508193135261536,0.5322598218917847,0.5113525390625
18446744073709551615,74,1.48,1.4583940505981445,-0.09154103696346283,0.3359106183052063,0.24182049930095673,0.5157648324966431,0.5013710856437683,0.5204440951347351,0.5258262753486633
18446744073709551615,75,1.5,1.4605636596679688,-0.09348110854625702,0.3345857560634613,0.22406484186649323,0.5012300610542297,0.5016525983810425,0.5117549300193787,0.5312840938568115
18446744073709551615,76,1.52,1.4628044366836548,-0.09577368199825287,0.33328622579574585,0.20746713876724243,0.49357911944389343,0.49562564492225647,0.5078067779541016,0.5280629992485046
18446744073709551615,77,1.54,1.465108871459961,-0.09738453477621078,0.33203819394111633,0.19216834008693695,0.4939918518066406,0.48458826541900635,0.5093653202056885,0.5179481506347656
18446744073709551615,78,1.56,1.4674512147903442,-0.09754733741283417,0.33086350560188293,0.17827343940734863,0.5016006231307983,0.47097069025039673,0.5160823464393616,0.5032021999359131
18446744073709551615,79,1.58,1.469793677330017,-0.09589157998561859,0.3297761082649231,0.16584531962871552,0.5140618085861206,0.45759668946266174,0.5265330672264099,0.4860513210296631
18446744073709551615,80,1.6,1.4720913171768188,-0.09244876354932785,0.3287814259529114,0.1548871248960495,0.5284070372581482,0.44699522852897644,0.5385646224021912,0.4686337113380432
18446744073709551615,81,1.62,1.474301815032959,-0.08757297694683075,0.32787737250328064,0.14532962441444397,0.54180908203125,0.4409506618976593,0.5498315095901489,0.453102171421051
18446744073709551615,82,1.6400000000000001,1.4763914346694946,-0.08182738721370697,0.3270561397075653,0.13703306019306183,0.5520394444465637,0.44033685326576233,0.5583022236824036,0.44157570600509644
18446744073709551615,83,1.6600000000000001,1.4783389568328857,-0.0758741945028305,0.3263058662414551,0.12981051206588745,0.5575916767120361,0.4451620280742645,0.5625709295272827,0.4358552396297455
18446744073709551615,84,1.68,1.4801396131515503,-0.0703810602426529,0.3256126940250397,0.1234765350818634,0.5576134324073792,0.45469632744789124,0.5619590282440186,0.4370102286338806
18446744073709551615,85,1.7,1.4818047285079956,-0.06594007462263107,0.32496222853660583,0.11790915578603745,0.5518553256988525,0.46758943796157837,0.5564967393875122,0.44500795006752014
18446744073709551615,86,1.72,1.4833602905273438,-0.06298498809337616,0.32434317469596863,0.11309533566236496,0.5407768487930298,0.48197585344314575,0.5468723773956299,0.45854321122169495
18446744073709551615,87,1.74,1.4848392009735107,-0.06170617789030075,0.3237494230270386,0.10912574082612991,0.5257782936096191,0.4956395626068115,0.5343807339668274,0.47521132230758667
18446744073709551615,88,1.76,1.4862781763076782,-0.061985231935977936,0.3231830596923828,0.10613200068473816,0.5093134641647339,0.506317138671875,0.5208427906036377,0.4920663833618164
18446744073709551615,89,1.78,1.4877095222473145,-0.06338635832071304,0.3226538300514221,0.10420394688844681,0.4945686161518097,0.5121438503265381,0.5084205865859985,0.5063636302947998
18446744073709551615,90,1.8,1.489155888557434,-0.06523583084344864,0.32217705249786377,0.1033342257142067,0.4846426546573639,0.5121268033981323,0.4992685616016388,0.5161071419715881
18446744073709551615,91,1.82,1.490626573562622,-0.06677979230880737,0.3217691481113434,0.10340490937232971,0.4815841317176819,0.5064585208892822,0.49505868554115295,0.5201740860939026
18446744073709551615,92,1.84,1.4921164512634277,-0.06737082451581955,0.32144275307655334,0.10420075058937073,0.4857792258262634,0.49652719497680664,0.4965355098247528,0.5181505680084229
18446744073709551615,93,1.86,1.4936070442199707,-0.06661615520715714,0.321206659078598,0.10543955862522125,0.49593573808670044,0.4845997095108032,0.5032839775085449,0.5102068185806274
18446744073709551615,94,1.8800000000000001,1.4950705766677856,-0.06444230675697327,0.3210636377334595,0.10681601613759995,0.5095890164375305,0.4732702970504761,0.5138173699378967,0.4971959590911865
18446744073709551615,95,1.9000000000000001,1.4964759349822998,-0.06106552109122276,0.3210126459598541,0.1080460175871849,0.5238704681396484,0.46484988927841187,0.5259630084037781,0.48086869716644287
18446744073709551615,96,1.92,1.4977953433990479,-0.056899361312389374,0.32104983925819397,0.10889679938554764,0.5362145304679871,0.46089813113212585,0.5373907685279846,0.46392834186553955
18446744073709551615,97,1.94,1.4990094900131226,-0.052445925772190094,0.3211691677570343,0.10920130461454391,0.5447626113891602,0.46203163266181946,0.5460725426673889,0.44970178604125977
18446744073709551615,98,1.96,1.500112771987915,-0.048208802938461304,0.32136139273643494,0.10886591672897339,0.5484305620193481,0.46799933910369873,0.550555408000946,0.44143351912498474
18446744073709551615,99,1.98,1.5011123418807983,-0.04463671147823334,0.32161402702331543,0.10788178443908691,0.5467838048934937,0.47789376974105835,0.5500752329826355,0.44143927097320557
18446744073709551615,100,2.0,1.5020275115966797,-0.04208699241280556,0.32191187143325806,0.10633890330791473,0.5399226546287537,0.49035006761550903,0.5445981621742249,0.45040085911750793
18446744073709551615,101,2.02,1.502885341644287,-0.04079008847475052,0.32223811745643616,0.10442822426557541,0.5285381078720093,0.5036652684211731,0.5348354578018188,0.46699848771095276
18446744073709551615,102,2.04,1.5037167072296143,-0.04080863669514656,0.32257840037345886,0.1024070456624031,0.5141302347183228,0.5158884525299072,0.5222203731536865,0.4880600571632385
18446744073709551615,103,2.06,1.5045514106750488,-0.04200064018368721,0.3229237496852875,0.10051840543746948,0.4991304576396942,0.5250061750411987,0.5087960958480835,0.5093598365783691
18446744073709551615,104,2.08,1.5054140090942383,-0.04401220753788948,0.3232719898223877,0.09890241175889969,0.4865730404853821,0.5293174982070923,0.4969403147697449,0.5268378853797913
18446744073709551615,105,2.1,1.506318211555481,-0.04632507637143135,0.3236272931098938,0.09755825251340866,0.4792543649673462,0.5279328227043152,0.4888976812362671,0.5376098155975342
18446744073709551615,106,2.12,1.507266640663147,-0.048361364752054214,0.3239973783493042,0.0963725671172142,0.4787929654121399,0.5211628079414368,0.486225962638855,0.5403033494949341
18446744073709551615,107,2.14,1.5082496404647827,-0.04961119964718819,0.32438966631889343,0.09517752379179001,0.4851173460483551,0.5105518102645874,0.48937180638313293,0.5348649621009827
18446744073709551615,108,2.16,1.5092471837997437,-0.04973623901605606,0.32480940222740173,0.09380102157592773,0.496590793132782,0.49849411845207214,0.4975524842739105,0.5222973227500916
18446744073709551615,109,2.18,1.510232925415039,-0.048617735505104065,0.32525864243507385,0.09210076183080673,0.5106231570243835,0.48758038878440857,0.5089786052703857,0.5045839548110962
18446744073709551615,110,2.2,1.5111809968948364,-0.04635043069720268,0.3257361650466919,0.08998861163854599,0.5244503617286682,0.4799406826496124,0.5213185548782349,0.4846843481063843
18446744073709551615,111,2.22,1.512070655822754,-0.04320603236556053,0.3262375593185425,0.0874488577246666,0.5357587337493896,0.4768277108669281,0.5322259068489075,0.4662996530532837
18446744073709551615,112,2.24,1.512890338897705,-0.03958816081285477,0.32675430178642273,0.0845487043261528,0.5429760813713074,0.478540301322937,0.5397636890411377,0.45324116945266724
18446744073709551615,113,2.2600000000000002,1.5136393308639526,-0.03598456457257271,0.32727327942848206,0.08144303411245346,0.5452551245689392,0.4846007525920868,0.5426630973815918,0.448540598154068
18446744073709551615,114,2.2800000000000002,1.5143277645111084,-0.03290702775120735,0.32777684926986694,0.07837455719709396,0.5423281192779541,0.4939943850040436,0.5404484868049622,0.4536210298538208
18446744073709551615,115,2.3000000000000003,1.5149728059768677,-0.030812973156571388,0.3282441794872284,0.07565757632255554,0.5344517230987549,0.5053215026855469,0.5334752202033997,0.46777623891830444
18446744073709551615,116,2.32,1.5155977010726929,-0.03001520223915577,0.3286553621292114,0.07361339032649994,0.5225610136985779,0.5168545842170715,0.522895097732544,0.4881361424922943
18446744073709551615,117,2.34,1.5162276029586792,-0.030603455379605293,0.328995019197464,0.0724431723356247,0.5085003972053528,0.5266282558441162,0.5105359554290771,0.5103158950805664
18446744073709551615,118,2.36,1.5168859958648682,-0.03240641951560974,0.3292560279369354,0.07210879772901535,0.4949670433998108,0.5327214598655701,0.4986532926559448,0.5296923518180847
18446744073709551615,119,2.38,1.5175889730453491,-0.03501494601368904,0.3294399678707123,0.07234017550945282,0.484908789396286,0.5337561964988708,0.4895187318325043,0.5427144765853882
18446744073709551615,120,2.4,1.5183454751968384,-0.03786545246839523,0.3295557200908661,0.0727808028459549,0.48058047890663147,0.529403805732727,0.484901487827301,0.5475546717643738
18446744073709551615,121,2.42,1.5191519260406494,-0.040357258170843124,0.3296147286891937,0.07314803451299667,0.48280131816864014,0.5205919742584229,0.4856226146221161,0.5440040826797485
18446744073709551615,122,2.44,1.5199946165084839,-0.04196782782673836,0.3296282887458801,0.07330606132745743,0.4907918870449066,0.5092677474021912,0.4913642704486847,0.533062219619751
18446744073709551615,123,2.46,1.5208507776260376,-0.042339812964200974,0.3296048641204834,0.07325737178325653,0.5025666952133179,0.497826486825943,0.5007895231246948,0.5166444778442383
18446744073709551615,124,2.48,1.5216952562332153,-0.04133180156350136,0.3295498490333557,0.07310929149389267,0.515612781047821,0.4884648323059082,0.5119035840034485,0.49746039509773254
18446744073709551615,125,2.5,1.5225048065185547,-0.03903660178184509,0.32946398854255676,0.07304956763982773,0.527546763420105,0.4827015995979309,0.5225227475166321,0.4788361191749573
18446744073709551615,126,2.52,1.5232607126235962,-0.035770513117313385,0.3293437659740448,0.0733269602060318,0.5365332365036011,0.4811956584453583,0.530708909034729,0.4642638862133026
18446744073709551615,127,2.54,1.5239537954330444,-0.03202991932630539,0.3291819095611572,0.07421606779098511,0.541409969329834,0.4838302731513977,0.5350790023803711,0.45669326186180115
18446744073709551615,128,2.56,1.5245840549468994,-0.028413180261850357,0.328965425491333,0.07595722377300262,0.5416193604469299,0.48991504311561584,0.5349729061126709,0.45779502391815186
18446744073709551615,129,2.58,1.5251612663269043,-0.02551099844276905,0.3286784291267395,0.07868139445781708,0.5371304154396057,0.49835455417633057,0.5305057168006897,0.4674413204193115
18446744073709551615,130,2.6,1.5257021188735962,-0.023785363882780075,0.328305184841156,0.08234293758869171,0.5284929871559143,0.5077307820320129,0.522527813911438,0.4835708439350128
18446744073709551615,131,2.62,1.5262277126312256,-0.023466626182198524,0.32783281803131104,0.08669157326221466,0.5170006155967712,0.5163731575012207,0.5125016570091248,0.5025932788848877
18446744073709551615,132,2.64,1.526761531829834,-0.02450140193104744,0.3272551894187927,0.09131624549627304,0.5047316551208496,0.5225483775138855,0.5022866129875183,0.5203566551208496
18446744073709551615,133,2.66,1.5273230075836182,-0.026567846536636353,0.3265742063522339,0.09576191753149033,0.4942112863063812,0.5248343348503113,0.4938197731971741,0.5333225727081299
18446744073709551615,134,2.68,1.52792489528656,-0.029151370748877525,0.3257991373538971,0.09966760873794556,0.48771020770072937,0.5225648283958435,0.4887193739414215,0.5393670797348022
18446744073709551615,135,2.7,1.5285696983337402,-0.031654540449380875,0.3249441087245941,0.10285443812608719,0.4865310788154602,0.5161018371582031,0.4879155457019806,0.5379267930984497
18446744073709551615,136,2.72,1.5292489528656006,-0.0335114412009716,0.32402417063713074,0.1053333729505539,0.490664541721344,0.5067611932754517,0.4914431869983673,0.5297050476074219
18446744073709551615,137,2.74,1.529945731163025,-0.03428421914577484,0.32305291295051575,0.10725472122430801,0.49892568588256836,0.49642303586006165,0.4984649419784546,0.5163099765777588
18446744073709551615,138,2.7600000000000002,1.5306376218795776,-0.0337311215698719,0.3220403492450714,0.10884209722280502,0.5094179511070251,0.4870123267173767,0.5075002908706665,0.5000035166740417
18446744073709551615,139,2.7800000000000002,1.5313003063201904,-0.031840890645980835,0.3209936022758484,0.1103416383266449,0.52008056640625,0.4800564646720886,0.5167752504348755,0.4834914803504944
18446744073709551615,140,2.8000000000000003,1.5319126844406128,-0.02883255109190941,0.31991326808929443,0.11198980361223221,0.5291190147399902,0.47644689679145813,0.5245901942253113,0.46960511803627014
18446744073709551615,141,2.82,1.5324602127075195,-0.025118455290794373,0.3187974989414215,0.1139884665608406,0.5352234840393066,0.4764156937599182,0.5296168923377991,0.46082574129104614
18446744073709551615,142,2.84,1.5329365730285645,-0.02123267762362957,0.3176400065422058,0.11647727340459824,0.5376075506210327,0.4796447157859802,0.5310859084129333,0.45875516533851624
18446744073709551615,143,2.86,1.5333448648452759,-0.017732957378029823,0.3164311647415161,0.11950406432151794,0.5359755754470825,0.4853968322277069,0.528863251209259,0.4636960029602051
18446744073709551615,144,2.88,1.5336965322494507,-0.015093055553734303,0.31516051292419434,0.12300058454275131,0.5305336117744446,0.49260738492012024,0.5234363675117493,0.47448214888572693
18446744073709551615,145,2.9,1.5340098142623901,-0.013607796281576157,0.31381940841674805,0.12677688896656036,0.5220728516578674,0.4999564588069916,0.5158256888389587,0.48866885900497437
18446744073709551615,146,2.92,1.5343049764633179,-0.013335270807147026,0.31240323185920715,0.13054843246936798,0.5120223164558411,0.5059995055198669,0.5074272155761719,0.5031225085258484
18446744073709551615,147,2.94,1.5346025228500366,-0.014091990888118744,0.31091398000717163,0.1340004950761795,0.5022967457771301,0.5094178318977356,0.4997886121273041,0.5148532390594482
18446744073709551615,148,2.96,1.534916877746582,-0.015500876121222973,0.30935996770858765,0.13687299191951752,0.49487069249153137,0.5093523263931274,0.49432817101478577,0.521737813949585
18446744073709551615,149,2.98,1.5352555513381958,-0.017075562849640846,0.3077540695667267,0.13902819156646729,0.4912245273590088,0.5056776404380798,0.4920467138290405,0.5228428244590759
18446744073709551615,150,3.0,1.5356173515319824,-0.018318239599466324,0.30611100792884827,0.140472874045372,0.49193572998046875,0.49906566739082336,0.49331337213516235,0.518345296382904
18446744073709551615,151,3.02,1.5359914302825928,-0.01880941167473793,0.30444544553756714,0.14133332669734955,0.4965914487838745,0.4907979965209961,0.49779510498046875,0.509260892868042
18446744073709551615,152,3.04,1.5363597869873047,-0.0182755459100008,0.302769273519516,0.14180511236190796,0.504006564617157,0.4824150502681732,0.504550039768219,0.4971785843372345
18446744073709551615,153,3.06,1.5367035865783691,-0.016627037897706032,0.3010909855365753,0.1421026885509491,0.5126041769981384,0.4753459393978119,0.512249767780304,0.48405200242996216
18446744073709551615,154,3.08,1.5370019674301147,-0.013964812271296978,0.2994154393672943,0.14242346584796906,0.5207953453063965,0.47063779830932617,0.5194643139839172,0.47198590636253357
18446744073709551615,155,3.1,1.5372389554977417,-0.010556732304394245,0.29774370789527893,0.14292560517787933,0.5272476673126221,0.4688333570957184,0.524933934211731,0.4629545509815216
18446744073709551615,156,3.12,1.5374054908752441,-0.00678848335519433,0.2960738241672516,0.1437133550643921,0.5310158729553223,0.46997612714767456,0.5277712345123291,0.4584600031375885
18446744073709551615,157,3.14,1.5374996662139893,-0.003095608204603195,0.2944011092185974,0.1448250561952591,0.5315768122673035,0.473681777715683,0.5275742411613464,0.4592108726501465
18446744073709551615,158,3.16,1.5375275611877441,0.0001132599136326462,0.2927195131778717,0.14622409641742706,0.5288418531417847,0.47922012209892273,0.5244559645652771,0.46492040157318115
18446744073709551615,159,3.18,1.537501573562622,0.002529952907934785,0.2910236120223999,0.1477983444929123,0.5231921076774597,0.48559266328811646,0.5190070271492004,0.47431081533432007
18446744073709551615,160,3.2,1.5374375581741333,0.004002847708761692,0.289310097694397,0.149373859167099,0.515514612197876,0.4916333854198456,0.512200653553009,0.485372930765152
18446744073709551615,161,3.22,1.537353754043579,0.004562800750136375,0.28757983446121216,0.1507481187582016,0.5071505308151245,0.4961725175380707,0.5052438378334045,0.4958445131778717
18446744073709551615,162,3.24,1.5372657775878906,0.004412050358951092,0.2858377695083618,0.1517380326986313,0.4996752440929413,0.49826759099960327,0.4993788003921509,0.5037509202957153
18446744073709551615,163,3.2600000000000002,1.537183165550232,0.0038788612000644207,0.2840929627418518,0.15222690999507904,0.4945310056209564,0.49744081497192383,0.4956555962562561,0.507799506187439
18446744073709551615,164,3.2800000000000002,1.5371105670928955,0.003349319566041231,0.2823566794395447,0.15219126641750336,0.49264952540397644,0.4938223659992218,0.4947214424610138,0.5075161457061768
18446744073709551615,165,3.3000000000000003,1.5370436906814575,0.003192509990185499,0.28064075112342834,0.1516972780227661,0.4942282736301422,0.4881265461444855,0.49668583273887634,0.503167450428009
18446744073709551615,166,3.3200000000000003,1.536971926689148,0.003694821847602725,0.27895548939704895,0.15087325870990753,0.49873805046081543,0.48146677017211914,0.5011034607887268,0.49559539556503296
18446744073709551615,167,3.34,1.5368809700012207,0.005014562979340553,0.2773096263408661,0.14987283945083618,0.5051234364509583,0.47508135437965393,0.5070803165435791,0.48605674505233765
18446744073709551615,168,3.36,1.5367546081542969,0.007162285037338734,0.2757085859775543,0.14884363114833832,0.5120933055877686,0.47006598114967346,0.513471245765686,0.47607502341270447
18446744073709551615,169,3.38,1.5365781784057617,0.01000670250505209,0.2741551697254181,0.1479063779115677,0.5183946490287781,0.46718496084213257,0.5191121697425842,0.46726417541503906
18446744073709551615,170,3.4,1.5363399982452393,0.013302572071552277,0.27264994382858276,0.1471436470746994,0.5230041742324829,0.4667878746986389,0.5230293869972229,0.461096853017807
18446744073709551615,171,3.42,1.5360352993011475,0.016734587028622627,0.2711907625198364,0.14659374952316284,0.525227427482605,0.4688141644001007,0.5245882272720337,0.4586390256881714
18446744073709551615,172,3.44,1.535664439201355,0.019971054047346115,0.2697744369506836,0.14624787867069244,0.5247372984886169,0.47284695506095886,0.5235704779624939,0.4603150188922882
18446744073709551615,173,3.46,1.5352343320846558,0.02271985076367855,0.26839661598205566,0.14605124294757843,0.5215949416160583,0.4781853258609772,0.5201867818832397,0.4657770097255707
18446744073709551615,174,3.48,1.5347577333450317,0.02477916330099106,0.2670538127422333,0.14590990543365479,0.5162692666053772,0.48392796516418457,0.5150340795516968,0.4739394783973694
18446744073709551615,175,3.5,1.5342484712600708,0.026073424145579338,0.26574406027793884,0.1457061767578125,0.5096269845962524,0.48908501863479614,0.509003758430481,0.48320046067237854
18446744073709551615,176,3.52,1.533720850944519,0.02666664868593216,0.26446807384490967,0.14532193541526794,0.5028373003005981,0.4927331805229187,0.5031417012214661,0.49180394411087036
18446744073709551615,177,3.54,1.533186912536621,0.026748869568109512,0.2632293701171875,0.14466580748558044,0.4971585273742676,0.49420076608657837,0.498471200466156,0.498227596282959
18446744073709551615,178,3.56,1.5326536893844604,0.026597024872899055,0.2620340883731842,0.14369532465934753,0.4936484396457672,0.4932314455509186,0.49580293893814087,0.5014635324478149
18446744073709551615,179,3.58,1.5321229696273804,0.026519211009144783,0.2608886957168579,0.1424255669116974,0.49290233850479126,0.4900607466697693,0.49557292461395264,0.5011300444602966
18446744073709551615,180,3.6,1.5315907001495361,0.02679547481238842,0.25980067253112793,0.14092160761356354,0.49492311477661133,0.48536592721939087,0.4977542757987976,0.4974420368671417
18446744073709551615,181,3.62,1.5310473442077637,0.027627576142549515,0.2587762773036957,0.1392790526151657,0.49916186928749084,0.4801023006439209,0.5018680095672607,0.49111393094062805
18446744073709551615,182,3.64,1.5304807424545288,0.02910732477903366,0.2578199505805969,0.13760142028331757,0.504692018032074,0.4752829968929291,0.5070917010307312,0.4832414388656616
18446744073709551615,183,3.66,1.5298783779144287,0.031206969171762466,0.25693461298942566,0.13598090410232544,0.5104400515556335,0.4717715084552765,0.5124334692955017,0.47516322135925293
18446744073709551615,184,3.68,1.5292285680770874,0.03379045054316521,0.25612103939056396,0.13448573648929596,0.5153962969779968,0.4701393246650696,0.5169247984886169,0.4682817757129669
18446744073709551615,185,3.7,1.5285234451293945,0.036640580743551254,0.2553779184818268,0.13315270841121674,0.5187614560127258,0.47060564160346985,0.5197891592979431,0.4638388752937317
18446744073709551615,186,3.72,1.5277608633041382,0.039497558027505875,0.25470227003097534,0.131984680891037,0.520025372505188,0.47304537892341614,0.5205577611923218,0.4626788794994354
18446744073709551615,187,3.74,1.526943564414978,0.042102180421352386,0.25408974289894104,0.13095198571681976,0.5190021991729736,0.4770376980304718,0.5191275477409363,0.465056836605072
18446744073709551615,188,3.7600000000000002,1.526078701019287,0.04423904046416283,0.2535353899002075,0.129998579621315,0.5158472061157227,0.4819336533546448,0.5157631039619446,0.4705531895160675
18446744073709551615,189,3.7800000000000002,1.5251765251159668,0.045774031430482864,0.2530342638492584,0.129052072763443,0.511060357093811,0.48693954944610596,0.5110495686531067,0.4781370460987091
18446744073709551615,190,3.8000000000000003,1.524249792098999,0.04667854681611061,0.2525828182697296,0.12803637981414795,0.5054502487182617,0.4912254810333252,0.5057995319366455,0.48638319969177246
18446744073709551615,191,3.8200000000000003,1.5233104228973389,0.04703542962670326,0.2521795332431793,0.1268865019083023,0.5000221729278564,0.4940635561943054,0.5009204745292664,0.49378979206085205
18446744073709551615,192,3.84,1.5223677158355713,0.047022756189107895,0.2518247961997986,0.12556210160255432,0.4957839250564575,0.49497634172439575,0.4972558319568634,0.49909713864326477
18446744073709551615,193,3.86,1.5214265584945679,0.046878963708877563,0.25152117013931274,0.12405655533075333,0.4935147166252136,0.49385324120521545,0.49542665481567383,0.5015099048614502
18446744073709551615,194,3.88,1.520487904548645,0.04685557261109352,0.25127094984054565,0.12239813059568405,0.4935797452926636,0.49098676443099976,0.49570950865745544,0.500783383846283
18446744073709551615,195,3.9,1.5195473432540894,0.04716968908905983,0.2510780096054077,0.12064222246408463,0.4958592355251312,0.48700812458992004,0.49798357486724854,0.49719899892807007
18446744073709551615,196,3.92,1.5185959339141846,0.0479658767580986,0.25094491243362427,0.11885762959718704,0.4998079836368561,0.48273998498916626,0.5017618536949158,0.49147829413414
18446744073709551615,197,3.94,1.5176231861114502,0.04929417371749878,0.25087326765060425,0.11711125820875168,0.504610002040863,0.47901451587677,0.5062975287437439,0.4846659302711487
18446744073709551615,198,3.96,1.5166188478469849,0.051106881350278854,0.25086331367492676,0.11545500159263611,0.5093658566474915,0.47651076316833496,0.5107370018959045,0.477983295917511
18446744073709551615,199,3.98,1.515574336051941,0.053271446377038956,0.2509137690067291,0.1139168068766594,0.5132583975791931,0.47564807534217834,0.514280378818512,0.4726466238498688
18446744073709551615,200,4.0,1.5144844055175781,0.05559580400586128,0.2510214149951935,0.11249712109565735,0.5156665444374084,0.47654518485069275,0.5163172483444214,0.4696592390537262
18446744073709551615,201,4.0200000000000005,1.5133483409881592,0.05786140263080597,0.2511817514896393,0.111170694231987,0.5162283778190613,0.479032427072525,0.5165174007415771,0.46961459517478943
18446744073709551615,202,4.04,1.5121690034866333,0.05985964834690094,0.2513894736766815,0.10989344120025635,0.5148707032203674,0.4826965928077698,0.5148707032203674,0.47255975008010864
18446744073709551615,203,4.0600000000000005,1.510952115058899,0.06142720952630043,0.2516382038593292,0.10861250758171082,0.5118190050125122,0.4869447648525238,0.5116788744926453,0.477964848279953
18446744073709551615,204,4.08,1.509708285331726,0.06247445568442345,0.2519221901893616,0.10727690160274506,0.5075855851173401,0.4910859763622284,0.5075019598007202,0.48482370376586914
18446744073709551615,205,4.1,1.5084484815597534,0.06300243735313416,0.25223714113235474,0.10584649443626404,0.5029128193855286,0.4944343566894531,0.5030661225318909,0.4918708801269531
18446744073709551615,206,4.12,1.5071828365325928,0.06310340017080307,0.25257983803749084,0.10429831594228745,0.4986538290977478,0.4964304268360138,0.4991404116153717,0.49785760045051575
18446744073709551615,207,4.14,1.5059183835983276,0.06294241547584534,0.25294923782348633,0.10263044387102127,0.495600163936615,0.4967578947544098,0.4963989853858948,0.5018025040626526
18446744073709551615,208,4.16,1.5046579837799072,0.06272590905427933,0.253345787525177,0.10086244344711304,0.49430203437805176,0.495419979095459,0.49529507756233215,0.5031511187553406
18446744073709551615,209,4.18,1.5034009218215942,0.06266118586063385,0.2537706792354584,0.09903193265199661,0.49494457244873047,0.49274471402168274,0.49597427248954773,0.5018258690834045
18446744073709551615,210,4.2,1.5021432638168335,0.06291818618774414,0.25422537326812744,0.09718707948923111,0.4973209500312805,0.4893108904361725,0.4982503354549408,0.49819186329841614
18446744073709551615,211,4.22,1.5008766651153564,0.06360036134719849,0.25471118092536926,0.09537619352340698,0.5009039640426636,0.48581722378730774,0.5016491413116455,0.4929719567298889
18446744073709551615,212,4.24,1.4995924234390259,0.06472977995872498,0.255228191614151,0.09363733977079391,0.5049816966056824,0.48293498158454895,0.5055092573165894,0.4871312379837036
18446744073709551615,213,4.26,1.4982818365097046,0.06624763458967209,0.25577598810195923,0.0919898971915245,0.5088091492652893,0.4811834990978241,0.5091129541397095,0.48173362016677856
18446744073709551615,214,4.28,1.496937870979309,0.06802710890769958,0.25635239481925964,0.090430349111557,0.5117371082305908,0.4808535575866699,0.5118173360824585,0.47777292132377625
18446744073709551615,215,4.3,1.4955565929412842,0.0698966532945633,0.2569541931152344,0.08893361687660217,0.5133001208305359,0.4819817841053009,0.5131610631942749,0.47599703073501587
18446744073709551615,216,4.32,1.494138240814209,0.07166952639818192,0.2575767934322357,0.08745989948511124,0.5132657289505005,0.48436644673347473,0.5129323601722717,0.4767586588859558
18446744073709551615,217,4.34,1.4926866292953491,0.07317551970481873,0.25821512937545776,0.0859651044011116,0.5116560459136963,0.48760986328125,0.5111932754516602,0.4799327850341797
18446744073709551615,218,4.36,1.4912081956863403,0.07429011166095734,0.2588638663291931,0.0844120904803276,0.5087481141090393,0.49117961525917053,0.5082618594169617,0.4849315881729126
18446744073709551615,219,4.38,1.4897112846374512,0.07495695352554321,0.2595181167125702,0.08277898281812668,0.5050461292266846,0.494486927986145,0.5046563744544983,0.49082446098327637
18446744073709551615,220,4.4,1.488206148147583,0.07519806921482086,0.260174423456192,0.08106265217065811,0.5012115240097046,0.4969814717769623,0.501007080078125,0.496538370847702
18446744073709551615,221,4.42,1.4866998195648193,0.07511001825332642,0.26083046197891235,0.07927801460027695,0.4979460537433624,0.4982530474662781,0.49794670939445496,0.5010823607444763
18446744073709551615,222,4.44,1.4851973056793213,0.07484488934278488,0.2614856958389282,0.07745445519685745,0.4958466589450836,0.4981177747249603,0.49599605798721313,0.5037341117858887
18446744073709551615,223,4.46,1.4837005138397217,0.07458023726940155,0.26214084029197693,0.0756312683224678,0.495273619890213,0.49666184186935425,0.4954671859741211,0.5041473507881165
18446744073709551615,224,4.48,1.482208490371704,0.07448572665452957,0.2627970576286316,0.07385137677192688,0.4962754547595978,0.49422451853752136,0.4964061677455902,0.5023748278617859
18446744073709551615,225,4.5,1.4807159900665283,0.0746922716498375,0.2634563148021698,0.07215423882007599,0.4985924959182739,0.4913225769996643,0.4985891282558441,0.4988277852535248
18446744073709551615,226,4.5200000000000005,1.479216456413269,0.07526999711990356,0.2641195058822632,0.07056818902492523,0.5017319321632385,0.4885377585887909,0.5015723705291748,0.4941946268081665
18446744073709551615,227,4.54,1.477701187133789,0.07621908187866211,0.2647877335548401,0.06910386681556702,0.5050839185714722,0.4864000976085663,0.5047833323478699,0.48933088779449463
18446744073709551615,228,4.5600000000000005,1.4761639833450317,0.0774722471833229,0.26546064019203186,0.06775075197219849,0.5080422759056091,0.48529455065727234,0.5076307654380798,0.4851261377334595
18446744073709551615,229,4.58,1.4745995998382568,0.07890857756137848,0.26613694429397583,0.06647836416959763,0.5101045966148376,0.4854069948196411,0.5096099376678467,0.48235639929771423
18446744073709551615,230,4.6000000000000005,1.473006010055542,0.08037544786930084,0.266814261674881,0.06524311006069183,0.5109391212463379,0.4867103695869446,0.5103852152824402,0.4815431237220764
18446744073709551615,231,4.62,1.471383810043335,0.08171475678682327,0.26748961210250854,0.06399936974048615,0.510421633720398,0.48898303508758545,0.5098392367362976,0.48284775018692017
18446744073709551615,232,4.64,1.4697370529174805,0.08279044926166534,0.26815932989120483,0.06271194666624069,0.5086485147476196,0.4918496012687683,0.508084237575531,0.48603254556655884
18446744073709551615,233,4.66,1.4680719375610352,0.08351251482963562,0.2688196897506714,0.06136597320437431,0.5059259533882141,0.49483993649482727,0.5054385662078857,0.4905044436454773
18446744073709551615,234,4.68,1.4663960933685303,0.08385271579027176,0.2694680094718933,0.05997081473469734,0.5027304291725159,0.4974623918533325,0.5023701786994934,0.4954390525817871
18446744073709551615,235,4.7,1.464717149734497,0.08384982496500015,0.27010220289230347,0.05855729430913925,0.4996335208415985,0.4992879629135132,0.499415785074234,0.49995383620262146
18446744073709551615,236,4.72,1.4630415439605713,0.08360152691602707,0.2707218527793884,0.05717034265398979,0.4971945583820343,0.5000314116477966,0.49708545207977295,0.5032850503921509
18446744073709551615,237,4.74,1.4613726139068604,0.08324513584375381,0.2713274657726288,0.05585961416363716,0.49584487080574036,0.49961116909980774,0.49577003717422485,0.50492262840271
18446744073709551615,238,4.76,1.4597115516662598,0.08293066918849945,0.2719206213951111,0.05467059463262558,0.49579566717147827,0.4981684982776642,0.49566924571990967,0.5046797394752502
18446744073709551615,239,4.78,1.4580552577972412,0.08279338479042053,0.27250322699546814,0.05363689363002777,0.49699851870536804,0.4960368573665619,0.4967567026615143,0.5026980638504028
18446744073709551615,240,4.8,1.4563993215560913,0.08292936533689499,0.2730780243873596,0.05277429521083832,0.49916791915893555,0.4936693608760834,0.49878990650177,0.4994041323661804
18446744073709551615,241,4.82,1.4547375440597534,0.08338016271591187,0.27364668250083923,0.05207708850502968,0.5018543601036072,0.49154406785964966,0.501362144947052,0.49543139338493347
18446744073709551615,242,4.84,1.4530638456344604,0.0841275304555893,0.274210661649704,0.051517605781555176,0.5045419931411743,0.4900720417499542,0.5039836764335632,0.4915182292461395
18446744073709551615,243,4.86,1.451372742652893,0.08509910851716995,0.2747701108455658,0.05104992166161537,0.5067453384399414,0.48952826857566833,0.506173312664032,0.48838841915130615
18446744073709551615,244,4.88,1.4496606588363647,0.08618181943893433,0.27532514929771423,0.05061803013086319,0.5080859065055847,0.49001452326774597,0.5075430274009705,0.48662692308425903
18446744073709551615,245,4.9,1.4479265213012695,0.08724283427000046,0.2758738100528717,0.050167325884103775,0.5083432197570801,0.491454541683197,0.5078604817390442,0.48657095432281494
18446744073709551615,246,4.92,1.4461727142333984,0.08815247565507889,0.27641424536705017,0.04965703561902046,0.5074805021286011,0.4936150908470154,0.5070827007293701,0.48824140429496765
18446744073709551615,247,4.94,1.4444031715393066,0.08880764991044998,0.27694422006607056,0.04907003417611122,0.5056479573249817,0.49614670872688293,0.5053577423095703,0.49133482575416565
18446744073709551615,248,4.96,1.442623496055603,0.08914925903081894,0.27746108174324036,0.04841693863272667,0.5031627416610718,0.4986399710178375,0.502996027469635,0.4952842891216278
18446744073709551615,249,4.98,1.4408400058746338,0.08917310833930969,0.27796435356140137,0.047732871025800705,0.5004613995552063,0.5006930828094482,0.5004149675369263,0.49937692284584045
18446744073709551615,250,5.0,1.4390592575073242,0.08892954885959625,0.2784528136253357,0.04706808924674988,0.4980247914791107,0.501983106136322,0.4980654716491699,0.5028998851776123
18446744073709551615,251,5.0200000000000005,1.43728506565094,0.0885137990117073,0.2789265513420105,0.04647551849484444,0.49628502130508423,0.5023283958435059,0.4963504672050476,0.5052768588066101
18446744073709551615,252,5.04,1.4355201721191406,0.08804693818092346,0.27938783168792725,0.04599916934967041,0.4955364167690277,0.501725971698761,0.49555155634880066,0.5061641335487366
18446744073709551615,253,5.0600000000000005,1.4337642192840576,0.0876522809267044,0.2798382639884949,0.04566553235054016,0.49587559700012207,0.5003525018692017,0.49577781558036804,0.505493700504303
18446744073709551615,254,5.08,1.432013750076294,0.08743344247341156,0.28028011322021484,0.04547929763793945,0.4971873462200165,0.4985259175300598,0.49694862961769104,0.5034661889076233
18446744073709551615,255,5.1000000000000005,1.4302654266357422,0.08745624870061874,0.2807160019874573,0.04542306438088417,0.4991786479949951,0.4966380298137665,0.49881333112716675,0.5005049705505371
18446744073709551615,256,5.12,1.4285142421722412,0.08773848414421082,0.28114762902259827,0.04546041414141655,0.5014466643333435,0.4950757324695587,0.5010032057762146,0.49718213081359863
18446744073709551615,257,5.14,1.4267547130584717,0.08824827522039413,0.28157633543014526,0.045541536062955856,0.5035611987113953,0.49414917826652527,0.5031033158302307,0.49412456154823303
18446744073709551615,258,5.16,1.4249827861785889,0.08891148120164871,0.2820027470588684,0.045611247420310974,0.5051409602165222,0.4940418004989624,0.5047289133071899,0.49190881848335266
18446744073709551615,259,5.18,1.423197865486145,0.08962582796812057,0.28242626786231995,0.045618049800395966,0.5059128403663635,0.49478691816329956,0.5055917501449585,0.49095889925956726
18446744073709551615,260,5.2,1.4213988780975342,0.09027912467718124,0.28284597396850586,0.045523419976234436,0.5057488083839417,0.4962705373764038,0.5055463910102844,0.4914659261703491
18446744073709551615,261,5.22,1.4195884466171265,0.09076967090368271,0.28326019644737244,0.045309584587812424,0.5046810507774353,0.49825558066368103,0.5046107769012451,0.49334901571273804
18446744073709551615,262,5.24,1.417770504951477,0.0910239964723587,0.28366708755493164,0.04498307779431343,0.5028961300849915,0.5004228353500366,0.5029587149620056,0.4962698221206665
18446744073709551615,263,5.26,1.4159502983093262,0.09100967645645142,0.284065306186676,0.044573113322257996,0.5007068514823914,0.5024240016937256,0.5008874535560608,0.49970170855522156
18446744073709551615,264,5.28,1.414132833480835,0.09074093401432037,0.28445377945899963,0.04412439838051796,0.49850061535835266,0.503941535949707,0.4987640380859375,0.5030377507209778
18446744073709551615,265,5.3,1.4123228788375854,0.09027548134326935,0.2848324477672577,0.04368651285767555,0.4966692626476288,0.504746675491333,0.49695929884910583,0.5057111978530884
18446744073709551615,266,5.32,1.410523533821106,0.08970238268375397,0.2852020561695099,0.04330321028828621,0.49553191661834717,0.5047435760498047,0.49578025937080383,0.507299542427063
18446744073709551615,267,5.34,1.408735752105713,0.08912506699562073,0.2855638563632965,0.043003883212804794,0.4952704608440399,0.5039889216423035,0.4954144060611725,0.5075914859771729
18446744073709551615,268,5.36,1.4069586992263794,0.08864206075668335,0.2859198749065399,0.04279933124780655,0.4958949089050293,0.5026788711547852,0.4958963394165039,0.506610095500946
18446744073709551615,269,5.38,1.4051893949508667,0.08832921832799911,0.286271870136261,0.042681269347667694,0.4972473680973053,0.5011077523231506,0.4971049129962921,0.5045965313911438
18446744073709551615,270,5.4,1.4034243822097778,0.08822691440582275,0.28662168979644775,0.04262499511241913,0.4990416467189789,0.49960705637931824,0.49879005551338196,0.5019616484642029
18446744073709551615,271,5.42,1.4016590118408203,0.08833379298448563,0.286970853805542,0.04259413480758667,0.5009253621101379,0.49848100543022156,0.5006231665611267,0.4992155134677887
18446744073709551615,272,5.44,1.3998894691467285,0.0886092558503151,0.2873205244541168,0.042546436190605164,0.5025479197502136,0.49795252084732056,0.5022598505020142,0.49688073992729187
18446744073709551615,273,5.46,1.3981136083602905,0.08898116648197174,0.2876698970794678,0.04244053736329079,0.5036203265190125,0.49812841415405273,0.5034023523330688,0.4954024851322174
18446744073709551615,274,5.48,1.3963299989700317,0.08935990929603577,0.2880186140537262,0.042243003845214844,0.503959596157074,0.4989876449108124,0.5038501024246216,0.49506717920303345
18446744073709551615,275,5.5,1.394539713859558,0.08965381234884262,0.2883651852607727,0.0419345498085022,0.5035130977630615,0.500390887260437,0.5035315155982971,0.495947927236557
18446744073709551615,276,5.5200000000000005,1.3927452564239502,0.08978672325611115,0.28870823979377747,0.04151410982012749,0.5023642778396606,0.5021069645881653,0.5025128126144409,0.4978894889354706
18446744073709551615,277,5.54,1.3909502029418945,0.08971073478460312,0.2890459895133972,0.04099925607442856,0.5007184743881226,0.5038533210754395,0.5009832382202148,0.5005395412445068
18446744073709551615,278,5.5600000000000005,1.389159083366394,0.08941493183374405,0.28937703371047974,0.040422629565000534,0.4988696277141571,0.5053439736366272,0.4992195963859558,0.5034209489822388
18446744073709551615,279,5.58,1.3873759508132935,0.08892666548490524,0.2897007465362549,0.0398247092962265,0.4971485435962677,0.506340503692627,0.4975360929965973,0.5060276985168457
18446744073709551615,280,5.6000000000000005,1.3856040239334106,0.08830563724040985,0.2900169789791107,0.03924526274204254,0.4958609938621521,0.5066961050033569,0.49622681736946106,0.5079224705696106
18446744073709551615,281,5.62,1.3838449716567993,0.08763236552476883,0.2903262674808502,0.03871573880314827,0.49522748589515686,0.5063837766647339,0.4955122470855713,0.508813738822937
18446744073709551615,282,5.64,1.3820990324020386,0.08699265122413635,0.2906297743320465,0.038254283368587494,0.4953401982784271,0.5055009722709656,0.4954993724822998,0.5085991621017456
18446744073709551615,283,5.66,1.3803648948669434,0.08646228909492493,0.29092898964881897,0.03786401078104973,0.496147483587265,0.5042483806610107,0.49616438150405884,0.5073732137680054
18446744073709551615,284,5.68,1.378639578819275,0.08609315007925034,0.2912254333496094,0.03753390535712242,0.49747002124786377,0.5028883814811707,0.49736014008522034,0.5054023265838623
18446744073709551615,285,5.7,1.3769198656082153,0.08590449392795563,0.2915201485157013,0.03724164888262749,0.49904167652130127,0.5016922950744629,0.49884745478630066,0.5030751824378967
18446744073709551615,286,5.72,1.375201940536499,0.08588191121816635,0.29181376099586487,0.036957673728466034,0.5005638599395752,0.5008896589279175,0.5003420114517212,0.5008350014686584
18446744073709551615,287,5.74,1.3734833002090454,0.08597978949546814,0.2921067476272583,0.03665000945329666,0.5017604231834412,0.5006287097930908,0.501567542552948,0.49910277128219604
18446744073709551615,288,5.76,1.3717621564865112,0.08613097667694092,0.29239848256111145,0.03628966957330704,0.5024238228797913,0.5009549856185913,0.5023049712181091,0.49820274114608765
18446744073709551615,289,5.78,1.3700381517410278,0.08625908195972443,0.2926877737045288,0.03585584834218025,0.5024456977844238,0.5018083453178406,0.5024292469024658,0.4983026683330536
18446744073709551615,290,5.8,1.368313193321228,0.08629245311021805,0.2929733395576477,0.035340066999197006,0.5018315315246582,0.5030374526977539,0.5019282102584839,0.4993819296360016
18446744073709551615,291,5.82,1.3665883541107178,0.08617701381444931,0.2932535409927368,0.03474804759025574,0.5006977319717407,0.5044273734092712,0.5009017586708069,0.5012364983558655
18446744073709551615,292,5.84,1.3648678064346313,0.08588585257530212,0.2935267984867096,0.03409859910607338,0.49925169348716736,0.5057376027107239,0.49954190850257874,0.503520667552948
18446744073709551615,293,5.86,1.3631550073623657,0.0854237824678421,0.29379209876060486,0.03341937065124512,0.49775615334510803,0.5067437887191772,0.49809661507606506,0.5058172345161438
18446744073709551615,294,5.88,1.3614529371261597,0.08482570201158524,0.29404887557029724,0.032740939408540726,0.4964812397956848,0.5072784423828125,0.49682462215423584,0.507719874382019
18446744073709551615,295,5.9,1.3597636222839355,0.08414963632822037,0.29429689049720764,0.03209066763520241,0.4956532418727875,0.507262110710144,0.49594801664352417,0.5089083909988403
18446744073709551615,296,5.92,1.3580877780914307,0.08346550166606903,0.2945370376110077,0.0314880907535553,0.4954104721546173,0.5067177414894104,0.49561208486557007,0.5092028975486755
18446744073709551615,297,5.94,1.356425166130066,0.08284200727939606,0.29477015137672424,0.030942395329475403,0.4957778751850128,0.5057653188705444,0.4958598017692566,0.5085881948471069
18446744073709551615,298,5.96,1.354773759841919,0.08233439177274704,0.29499751329421997,0.03045210801064968,0.4966655373573303,0.5045965313911438,0.49662643671035767,0.5072088241577148
18446744073709551615,299,5.98,1.35313081741333,0.08197445422410965,0.29522010684013367,0.03000633232295513,0.49789080023765564,0.5034356117248535,0.4977545738220215,0.5053382515907288
18446744073709551615,300,6.0,1.3514937162399292,0.08176635950803757,0.2954387068748474,0.029586998745799065,0.4992174804210663,0.5024961829185486,0.49902603030204773,0.5033289194107056
18446744073709551615,301,6.0200000000000005,1.3498592376708984,0.08168649673461914,0.29565367102622986,0.02917202189564705,0.5004016160964966,0.50194251537323,0.5002037882804871,0.5015504360198975
18446744073709551615,302,6.04,1.3482253551483154,0.08168809115886688,0.29586493968963623,0.028738951310515404,0.5012347102165222,0.5018627643585205,0.501075267791748,0.5003246068954468
18446744073709551615,303,6.0600000000000005,1.346591591835022,0.08171112835407257,0.29607170820236206,0.028268963098526,0.5015773773193359,0.5022570490837097,0.5014896988868713,0.4998674988746643
18446744073709551615,304,6.08,1.3449575901031494,0.08169303089380264,0.296272873878479,0.027750421315431595,0.5013800263404846,0.5030413866043091,0.5013826489448547,0.500249981880188
18446744073709551615,305,6.1000000000000005,1.3433247804641724,0.08157975226640701,0.2964671552181244,0.02718130126595497,0.5006882548332214,0.5040648579597473,0.5007848143577576,0.5013852715492249
18446744073709551615,306,6.12,1.3416955471038818,0.08133583515882492,0.2966534197330475,0.026569435372948647,0.4996345341205597,0.5051367282867432,0.4998141825199127,0.5030474662780762
18446744073709551615,307,6.140000000000001,1.3400731086730957,0.0809503123164177,0.29683035612106323,0.02593054622411728,0.4984143078327179,0.5060603618621826,0.4986531734466553,0.504917562007904
18446744073709551615,308,6.16,1.3384594917297363,0.08043815195560455,0.29699698090553284,0.02528444118797779,0.4972515404224396,0.5066680312156677,0.4975147247314453,0.5066471099853516
18446744073709551615,309,6.18,1.3368571996688843,0.07983719557523727,0.297153502702713,0.024650756269693375,0.4963569641113281,0.5068516135215759,0.49660322070121765,0.5079248547554016
18446744073709551615,310,6.2,1.3352670669555664,0.07920079678297043,0.29729989171028137,0.024045342579483986,0.4958881735801697,0.5065819621086121,0.49607735872268677,0.5085325241088867
18446744073709551615,311,6.22,1.3336894512176514,0.07858715206384659,0.29743701219558716,0.023478062823414803,0.4959198236465454,0.5059142112731934,0.4960218071937561,0.508379340171814
18446744073709551615,312,6.24,1.3321233987808228,0.07804901152849197,0.2975659668445587,0.022952133789658546,0.4964311420917511,0.5049750208854675,0.49643340706825256,0.5075125694274902
18446744073709551615,313,6.26,1.3305668830871582,0.07762423157691956,0.2976875305175781,0.022464552894234657,0.4973132610321045,0.5039370656013489,0.4972240626811981,0.5061030387878418
18446744073709551615,314,6.28,1.3290176391601562,0.0773293524980545,0.2978028357028961,0.022007077932357788,0.4983936548233032,0.502984881401062,0.49823927879333496,0.5044119954109192
18446744073709551615,315,6.3,1.3274726867675781,0.0771573856472969,0.2979123294353485,0.0215678121894598,0.49947112798690796,0.5022802352905273,0.49928879737854004,0.5027439594268799
18446744073709551615,316,6.32,1.3259303569793701,0.07707985490560532,0.2980164587497711,0.021133173257112503,0.5003531575202942,0.5019338130950928,0.5001820921897888,0.5013928413391113
18446744073709551615,317,6.34,1.3243893384933472,0.07705269753932953,0.29811474680900574,0.020690342411398888,0.500889003276825,0.5019883513450623,0.5007627606391907,0.5005898475646973
18446744073709551615,318,6.36,1.3228484392166138,0.07702413201332092,0.29820671677589417,0.02022981271147728,0.5009936094284058,0.5024137496948242,0.5009350776672363,0.5004621744155884
18446744073709551615,319,6.38,1.3213088512420654,0.07694447785615921,0.29829126596450806,0.019747426733374596,0.5006596446037292,0.5031151175498962,0.5006793737411499,0.5010100603103638
18446744073709551615,320,6.4,1.3197718858718872,0.07677509635686874,0.2983677089214325,0.019245244562625885,0.49995723366737366,0.5039509534835815,0.5000530481338501,0.502108633518219
18446744073709551615,321,6.42,1.3182390928268433,0.07649465650320053,0.2984348237514496,0.018730707466602325,0.4990207254886627,0.5047586560249329,0.49917879700660706,0.5035337805747986
18446744073709551615,322,6.44,1.3167134523391724,0.07610352337360382,0.2984921336174011,0.01821446418762207,0.4980247914791107,0.505383312702179,0.49822109937667847,0.5050068497657776
18446744073709551615,323,6.46,1.3151965141296387,0.07562241703271866,0.29853934049606323,0.017707573249936104,0.497152715921402,0.5057055950164795,0.49735593795776367,0.5062493085861206
18446744073709551615,324,6.48,1.3136895895004272,0.07508870214223862,0.2985765337944031,0.01721913367509842,0.49656209349632263,0.5056631565093994,0.4967385232448578,0.5070338845252991
18446744073709551615,325,6.5,1.312193512916565,0.0745486468076706,0.2986043095588684,0.016755010932683945,0.4963552951812744,0.5052618384361267,0.49647557735443115,0.507223904132843
18446744073709551615,326,6.5200000000000005,1.3107078075408936,0.0740492194890976,0.29862353205680847,0.01631772145628929,0.4965609312057495,0.5045732855796814,0.496606707572937,0.5067933797836304
18446744073709551615,327,6.54,1.3092312812805176,0.07362936437129974,0.29863521456718445,0.015907026827335358,0.49713051319122314,0.5037201642990112,0.4970989525318146,0.5058272480964661
18446744073709551615,328,6.5600000000000005,1.3077621459960938,0.07331298291683197,0.2986404299736023,0.015520630404353142,0.4979505240917206,0.5028513669967651,0.497854620218277,0.5045022368431091
18446744073709551615,329,6.58,1.3062978982925415,0.07310552150011063,0.2986398935317993,0.015154817141592503,0.4988662600517273,0.5021136999130249,0.4987311065196991,0.5030537843704224
18446744073709551615,330,6.6000000000000005,1.3048367500305176,0.07299351692199707,0.2986341714859009,0.014805030077695847,0.49971169233322144,0.5016251802444458,0.49956849217414856,0.5017337203025818
18446744073709551615,331,6.62,1.3033770322799683,0.07294701039791107,0.29862329363822937,0.014466743916273117,0.5003395676612854,0.5014550685882568,0.5002185106277466,0.5007659196853638
18446744073709551615,332,6.640000000000001,1.3019185066223145,0.07292620092630386,0.29860708117485046,0.014136482030153275,0.5006460547447205,0.5016136765480042,0.500571072101593,0.5003061294555664
18446744073709551615,333,6.66,1.3004604578018188,0.07288808375597,0.29858532547950745,0.013812820427119732,0.5005866885185242,0.5020530223846436,0.5005725622177124,0.5004147887229919
18446744073709551615,334,6.68,1.2990033626556396,0.07279488444328308,0.2985571324825287,0.013496863655745983,0.5001826882362366,0.5026766657829285,0.50023353099823,0.5010469555854797
18446744073709551615,335,6.7,1.2975488901138306,0.0726199671626091,0.2985219657421112,0.013191714882850647,0.49951571226119995,0.5033579468727112,0.499625563621521,0.5020623207092285
18446744073709551615,336,6.72,1.2960995435714722,0.07235287874937057,0.2984790802001953,0.012901104986667633,0.498712956905365,0.5039625763893127,0.49886664748191833,0.5032539367675781
18446744073709551615,337,6.74,1.2946560382843018,0.07200110703706741,0.29842841625213623,0.012627633288502693,0.4979243874549866,0.5043726563453674,0.4980992376804352,0.5043885111808777
18446744073709551615,338,6.76,1.2932202816009521,0.07158789783716202,0.2983698546886444,0.012371599674224854,0.4972948729991913,0.504507839679718,0.4974641501903534,0.505250871181488
18446744073709551615,339,6.78,1.2917932271957397,0.07114739716053009,0.29830390214920044,0.012130990624427795,0.49693745374679565,0.5043393969535828,0.49707499146461487,0.5056823492050171
18446744073709551615,340,6.8,1.2903748750686646,0.07071883231401443,0.29823142290115356,0.011902530677616596,0.49691247940063477,0.5038951635360718,0.49699801206588745,0.5056070685386658
18446744073709551615,341,6.82,1.2889645099639893,0.07033900171518326,0.2981530427932739,0.011683211661875248,0.49721744656562805,0.5032528638839722,0.4972412884235382,0.5050420165061951
18446744073709551615,342,6.84,1.287561058998108,0.07003519684076309,0.2980700135231018,0.011471535079181194,0.4977894723415375,0.5025245547294617,0.4977544844150543,0.5040906071662903
18446744073709551615,343,6.86,1.2861624956130981,0.06982126832008362,0.29798293113708496,0.011267977766692638,0.4985191822052002,0.501834511756897,0.49843984842300415,0.5029217600822449
18446744073709551615,344,6.88,1.284767746925354,0.06969524174928665,0.2978927791118622,0.011074764654040337,0.4992727041244507,0.5012964010238647,0.49917131662368774,0.5017389059066772
18446744073709551615,345,6.9,1.2833747863769531,0.06963977962732315,0.29779982566833496,0.010895288549363613,0.49991676211357117,0.5009927153587341,0.49981826543807983,0.5007436871528625
18446744073709551615,346,6.92,1.2819818258285522,0.06962666660547256,0.29770413041114807,0.010733433999121189,0.5003420114517212,0.5009616613388062,0.5002689361572266,0.5001000165939331
18446744073709551615,347,6.94,1.2805896997451782,0.0696210041642189,0.29760563373565674,0.010592990554869175,0.5004811882972717,0.5011919736862183,0.5004500150680542,0.49990513920783997
18446744073709551615,348,6.96,1.2791975736618042,0.0695880800485611,0.29750385880470276,0.010477028787136078,0.5003191828727722,0.5016264915466309,0.5003385543823242,0.500173032283783
18446744073709551615,349,6.98,1.2778065204620361,0.06949997693300247,0.29739826917648315,0.01038704626262188,0.49989452958106995,0.5021734833717346,0.49996456503868103,0.5008328557014465
18446744073709551615,350,7.0,1.2764180898666382,0.06933983415365219,0.29728835821151733,0.01032200176268816,0.49929171800613403,0.5027233958244324,0.49940434098243713,0.5017440319061279
18446744073709551615,351,7.0200000000000005,1.2750338315963745,0.06910472363233566,0.29717403650283813,0.010277574881911278,0.4986256957054138,0.5031686425209045,0.49876585602760315,0.5027238130569458
18446744073709551615,352,7.04,1.2736549377441406,0.06880640238523483,0.29705503582954407,0.010246355086565018,0.49802088737487793,0.5034226775169373,0.4981686770915985,0.5035828351974487
18446744073709551615,353,7.0600000000000005,1.272282361984253,0.06846803426742554,0.296931654214859,0.01021905429661274,0.4975883662700653,0.5034353733062744,0.4977221190929413,0.5041593909263611
18446744073709551615,354,7.08,1.2709167003631592,0.06812022626399994,0.2968044579029083,0.010186604224145412,0.49740535020828247,0.5032019019126892,0.49750563502311707,0.5043483972549438
18446744073709551615,355,7.1000000000000005,1.2695577144622803,0.06779510527849197,0.29667410254478455,0.010142420418560505,0.4975013732910156,0.502762496471405,0.4975551664829254,0.5041173696517944
18446744073709551615,356,7.12,1.268204927444458,0.06752049922943115,0.2965415120124817,0.010083986446261406,0.4978541433811188,0.5021941065788269,0.4978575110435486,0.5035099387168884
18446744073709551615,357,7.140000000000001,1.2668564319610596,0.06731486320495605,0.29640740156173706,0.01001335121691227,0.49839529395103455,0.501595139503479,0.49835404753685,0.5026353001594543
18446744073709551615,358,7.16,1.2655112743377686,0.067184679210186,0.29627230763435364,0.009936606511473656,0.4990246593952179,0.5010666251182556,0.4989527761936188,0.5016474723815918
18446744073709551615,359,7.18,1.2641679048538208,0.0671231597661972,0.2961373031139374,0.009862449020147324,0.4996296763420105,0.5006938576698303,0.49954578280448914,0.5007169246673584
18446744073709551615,360,7.2,1.262825608253479,0.06711196899414062,0.29600217938423157,0.00980050303041935,0.5001058578491211,0.5005314946174622,0.5000293254852295,0.5000004768371582
18446744073709551615,361,7.22,1.2614831924438477,0.06712496280670166,0.2958666980266571,0.009759493172168732,0.5003750324249268,0.500595211982727,0.5003222227096558,0.49961328506469727
18446744073709551615,362,7.24,1.2601401805877686,0.06713274866342545,0.29573097825050354,0.009745682589709759,0.5003977417945862,0.5008599162101746,0.500379741191864,0.4996087849140167
18446744073709551615,363,7.26,1.2587981224060059,0.06710846722126007,0.2955944538116455,0.009761671535670757,0.5001791715621948,0.501265823841095,0.5002005696296692,0.49996984004974365
18446744073709551615,364,7.28,1.25745689868927,0.06703206896781921,0.2954569160938263,0.009805653244256973,0.49976715445518494,0.5017294883728027,0.49982571601867676,0.500613272190094
18446744073709551615,365,7.3,1.2561180591583252,0.06689400970935822,0.2953178584575653,0.009871368296444416,0.49924319982528687,0.5021591186523438,0.49933043122291565,0.5014067888259888
18446744073709551615,366,7.32,1.2547823190689087,0.06669678539037704,0.29517701268196106,0.009949048981070518,0.4987073838710785,0.5024710297584534,0.49880969524383545,0.5021942257881165
18446744073709551615,367,7.34,1.253450870513916,0.06645389646291733,0.2950345575809479,0.010027173906564713,0.4982599914073944,0.5026044845581055,0.49836090207099915,0.5028256177902222
18446744073709551615,368,7.36,1.2521246671676636,0.0661875307559967,0.294890820980072,0.010094849392771721,0.49798333644866943,0.5025325417518616,0.49806612730026245,0.5031837821006775
18446744073709551615,369,7.38,1.2508034706115723,0.06592398881912231,0.2947460412979126,0.01014409214258194,0.4979265630245209,0.5022661089897156,0.497977614402771,0.5032044649124146
18446744073709551615,370,7.4,1.2494876384735107,0.06568901985883713,0.2946010231971741,0.010171475820243359,0.4980975389480591,0.5018513202667236,0.49810895323753357,0.5028855800628662
18446744073709551615,371,7.42,1.2481755018234253,0.06550315767526627,0.29445648193359375,0.010178864002227783,0.4984622895717621,0.5013602375984192,0.4984337091445923,0.5022859573364258
18446744073709551615,372,7.44,1.246867060661316,0.06537799537181854,0.29431217908859253,0.01017281785607338,0.49895283579826355,0.5008765459060669,0.4988911747932434,0.5015125870704651
18446744073709551615,373,7.46,1.2455604076385498,0.06531455367803574,0.29416942596435547,0.010163270868360996,0.4994807541370392,0.5004801154136658,0.499398410320282,0.500700831413269
18446744073709551615,374,7.48,1.2442541122436523,0.06530351936817169,0.2940284311771393,0.010161488316953182,0.4999538064002991,0.5002327561378479,0.4998657703399658,0.4999898374080658
18446744073709551615,375,7.5,1.2429479360580444,0.06532664597034454,0.2938894033432007,0.010177945718169212,0.5002924799919128,0.5001676082611084,0.5002133846282959,0.4994976818561554
18446744073709551615,376,7.5200000000000005,1.2416412830352783,0.06536097079515457,0.2937523126602173,0.010220445692539215,0.5004433989524841,0.5002845525741577,0.5003851056098938,0.4993005692958832
18446744073709551615,377,7.54,1.2403342723846436,0.065382219851017,0.2936159670352936,0.010292692109942436,0.5003880262374878,0.5005508661270142,0.5003577470779419,0.4994198977947235
18446744073709551615,378,7.5600000000000005,1.2390267848968506,0.06537006050348282,0.29348069429397583,0.010393680073320866,0.5001446604728699,0.5009083151817322,0.5001444816589355,0.4998190104961395
18446744073709551615,379,7.58,1.2377197742462158,0.06531106680631638,0.2933458983898163,0.010517798364162445,0.4997647702693939,0.5012836456298828,0.4997915029525757,0.5004115104675293
18446744073709551615,380,7.6000000000000005,1.2364146709442139,0.06520111858844757,0.2932112514972687,0.010655940510332584,0.49932315945625305,0.501602292060852,0.4993688464164734,0.5010781288146973
18446744073709551615,381,7.62,1.2351120710372925,0.06504596769809723,0.29307690262794495,0.010797222144901752,0.4989042580127716,0.5018013119697571,0.49895742535591125,0.501689612865448
18446744073709551615,382,7.640000000000001,1.2338134050369263,0.06485971063375473,0.2929423749446869,0.010931008495390415,0.49858659505844116,0.5018408298492432,0.4986341595649719,0.5021304488182068
18446744073709551615,383,7.66,1.2325180768966675,0.06466261297464371,0.29280832409858704,0.011049064807593822,0.4984285831451416,0.5017105937004089,0.4984581470489502,0.5023196339607239
18446744073709551615,384,7.68,1.2312270402908325,0.06447678059339523,0.2926747798919678,0.011147082783281803,0.4984581470489502,0.5014315843582153,0.49846047163009644,0.502223551273346
18446744073709551615,385,7.7,1.2299389839172363,0.0643220916390419,0.2925429344177246,0.011225301772356033,0.49866828322410583,0.501051127910614,0.4986391067504883,0.5018606781959534
18446744073709551615,386,7.72,1.2286534309387207,0.06421300768852234,0.29241281747817993,0.011288387700915337,0.49901947379112244,0.500633716583252,0.49896034598350525,0.5012965798377991
18446744073709551615,387,7.74,1.2273694276809692,0.0641559362411499,0.2922845482826233,0.01134424190968275,0.49944788217544556,0.5002486705780029,0.4993656277656555,0.5006308555603027
18446744073709551615,388,7.76,1.2260863780975342,0.06414834409952164,0.29215800762176514,0.011402381584048271,0.4998777210712433,0.4999573230743408,0.49978286027908325,0.49997884035110474
18446744073709551615,389,7.78,1.2248033285140991,0.06417948752641678,0.29203474521636963,0.011471974663436413,0.5002354979515076,0.4998024106025696,0.5001397132873535,0.4994506537914276
18446744073709551615,390,7.8,1.2235190868377686,0.06423240154981613,0.2919134795665741,0.011560129001736641,0.5004624724388123,0.4998009502887726,0.5003768801689148,0.49913185834884644
18446744073709551615,391,7.82,1.2222338914871216,0.06428717076778412,0.2917942702770233,0.011670613661408424,0.5005250573158264,0.49994227290153503,0.5004580020904541,0.4990682601928711
18446744073709551615,392,7.84,1.2209477424621582,0.06432463228702545,0.2916770279407501,0.011803258210420609,0.5004194378852844,0.5001903772354126,0.5003756880760193,0.4992586672306061
18446744073709551615,393,7.86,1.219660758972168,0.0643298476934433,0.29156139492988586,0.011954118497669697,0.5001718997955322,0.5004913806915283,0.5001519918441772,0.4996557831764221
18446744073709551615,394,7.88,1.218374490737915,0.06429445743560791,0.29144662618637085,0.012116221711039543,0.4998334050178528,0.5007831454277039,0.49983376264572144,0.5001762509346008
18446744073709551615,395,7.9,1.2170895338058472,0.06421834975481033,0.29133275151252747,0.012280902825295925,0.499470055103302,0.5010066032409668,0.4994836151599884,0.5007165670394897
18446744073709551615,396,7.92,1.2158063650131226,0.06410881876945496,0.2912198007106781,0.012439394369721413,0.4991510212421417,0.5011165142059326,0.4991683065891266,0.501172661781311
18446744073709551615,397,7.94,1.214525580406189,0.06398004293441772,0.2911073565483093,0.012584413401782513,0.49893587827682495,0.5010888576507568,0.4989466965198517,0.5014587044715881
18446744073709551615,398,7.96,1.2132469415664673,0.06384947896003723,0.2909963130950928,0.01271139457821846,0.4988638758659363,0.5009254217147827,0.4988591969013214,0.5015221238136292
18446744073709551615,399,7.98,1.2119715213775635,0.06373520195484161,0.29088664054870605,0.012819290161132812,0.49894726276397705,0.5006524324417114,0.4989210367202759,0.5013515949249268
18446744073709551615,400,8.0,1.2106980085372925,0.06365218013525009,0.2907782793045044,0.012910513207316399,0.4991697669029236,0.5003151893615723,0.4991200566291809,0.5009782314300537
18446744073709551615,401,8.02,1.209425687789917,0.06360991299152374,0.29067230224609375,0.01299031637609005,0.49949029088020325,0.49996957182884216,0.499419629573822,0.5004681944847107
18446744073709551615,402,8.040000000000001,1.2081530094146729,0.06361089646816254,0.290568470954895,0.013065624050796032,0.49985137581825256,0.4996712803840637,0.49976611137390137,0.4999104142189026
18446744073709551615,403,8.06,1.2068803310394287,0.0636502355337143,0.29046714305877686,0.013143573887646198,0.500190019607544,0.49946603178977966,0.5000987648963928,0.49940016865730286
18446744073709551615,404,8.08,1.205606460571289,0.06371693313121796,0.29036813974380493,0.013230112381279469,0.5004490613937378,0.49938148260116577,0.5003610253334045,0.4990220367908478
18446744073709551615,405,8.1,1.2043312788009644,0.06379563361406326,0.2902718186378479,0.013328934088349342,0.5005870461463928,0.49942299723625183,0.5005104541778564,0.4988349378108978
18446744073709551615,406,8.120000000000001,1.203054666519165,0.06386996805667877,0.29017725586891174,0.013440921902656555,0.5005853176116943,0.4995734393596649,0.500525951385498,0.498862087726593
18446744073709551615,407,8.14,1.2017768621444702,0.06392492353916168,0.2900848984718323,0.013564091175794601,0.5004503130912781,0.4997968077659607,0.5004109740257263,0.49908745288848877
18446744073709551615,408,8.16,1.2004976272583008,0.06395012885332108,0.2899937033653259,0.013694074004888535,0.5002119541168213,0.5000450611114502,0.5001921653747559,0.49945974349975586
18446744073709551615,409,8.18,1.1992188692092896,0.06394104659557343,0.2899036705493927,0.0138248847797513,0.4999181032180786,0.5002669095993042,0.49991413950920105,0.4999024271965027
18446744073709551615,410,8.2,1.197940707206726,0.06390004605054855,0.28981465101242065,0.013950170949101448,0.4996252954006195,0.500417172908783,0.4996308386325836,0.5003284811973572
18446744073709551615,411,8.22,1.1966636180877686,0.0638355165719986,0.28972649574279785,0.014064197428524494,0.49938860535621643,0.5004645586013794,0.49939587712287903,0.5006564259529114
18446744073709551615,412,8.24,1.1953881978988647,0.06376035511493683,0.28963911533355713,0.014162937179207802,0.49925166368484497,0.500397264957428,0.49925270676612854,0.5008249282836914
18446744073709551615,413,8.26,1.194114089012146,0.0636894702911377,0.2895536720752716,0.014244763180613518,0.4992387890815735,0.5002245903015137,0.4992271661758423,0.5008031129837036
18446744073709551615,414,8.28,1.192840576171875,0.0636368915438652,0.2894693613052368,0.014310562051832676,0.49935129284858704,0.49997466802597046,0.49932315945625305,0.500594973564148
18446744073709551615,415,8.3,1.1915677785873413,0.06361375749111176,0.28938695788383484,0.014363550581037998,0.49956759810447693,0.4996890127658844,0.4995226263999939,0.5002379417419434
18446744073709551615,416,8.32,1.1902954578399658,0.06362547725439072,0.28930652141571045,0.01440847385674715,0.49984806776046753,0.49941450357437134,0.49978920817375183,0.4997949004173279
18446744073709551615,417,8.34,1.1890223026275635,0.06367193907499313,0.2892283499240875,0.014450650662183762,0.5001426935195923,0.49919480085372925,0.5000755786895752,0.4993426501750946
18446744073709551615,418,8.36,1.1877480745315552,0.06374693661928177,0.2891523241996765,0.014494908042252064,0.5004003047943115,0.49906256794929504,0.5003319382667542,0.49895763397216797
18446744073709551615,419,8.38,1.1864722967147827,0.06383994221687317,0.2890787720680237,0.014544723555445671,0.5005778074264526,0.4990341067314148,0.5005152821540833,0.49870267510414124
18446744073709551615,420,8.4,1.1851943731307983,0.06393754482269287,0.28900718688964844,0.01460164226591587,0.5006474852561951,0.4991067051887512,0.500596821308136,0.4986158609390259
18446744073709551615,421,8.42,1.1839146614074707,0.0640263631939888,0.28893744945526123,0.014665159396827221,0.5006015300750732,0.49925997853279114,0.5005667209625244,0.49870404601097107
18446744073709551615,422,8.44,1.182633399963379,0.06409543007612228,0.28886929154396057,0.014732902869582176,0.5004529356956482,0.49945980310440063,0.5004351735115051,0.49894264340400696
18446744073709551615,423,8.46,1.1813510656356812,0.06413760781288147,0.2888026833534241,0.014801165089011192,0.5002323985099792,0.49966466426849365,0.5002304911613464,0.4992806315422058
18446744073709551615,424,8.48,1.1800682544708252,0.06415139138698578,0.2887367606163025,0.014865626581013203,0.4999830424785614,0.4998333752155304,0.49999305605888367,0.4996505379676819
18446744073709551615,425,8.5,1.1787852048873901,0.0641406700015068,0.28867241740226746,0.014922172762453556,0.49975186586380005,0.49993231892585754,0.4997682571411133,0.4999810755252838
18446744073709551615,426,8.52,1.1775031089782715,0.0641137957572937,0.2886086702346802,0.01496761105954647,0.49958160519599915,0.499941349029541,0.4995979070663452,0.5002103447914124
18446744073709551615,427,8.540000000000001,1.1762208938598633,0.06408233940601349,0.28854626417160034,0.01500026322901249,0.49950283765792847,0.4998572766780853,0.4995129108428955,0.5002962946891785
18446744073709551615,428,8.56,1.1749393939971924,0.0640585646033287,0.2884851396083832,0.015020211227238178,0.4995287358760834,0.49969378113746643,0.49952802062034607,0.5002239942550659
18446744073709551615,429,8.58,1.1736583709716797,0.06405308842658997,0.28842541575431824,0.015029261820018291,0.4996532201766968,0.4994787573814392,0.4996395409107208,0.5000073313713074
18446744073709551615,430,8.6,1.1723772287368774,0.0640735924243927,0.28836724162101746,0.015030537731945515,0.49985262751579285,0.4992487132549286,0.4998265206813812,0.4996856451034546
18446744073709551615,431,8.620000000000001,1.171095371246338,0.06412297487258911,0.2883112132549286,0.015027813613414764,0.5000903010368347,0.4990420639514923,0.5000548958778381,0.4993160665035248
18446744073709551615,432,8.64,1.1698120832443237,0.06419894099235535,0.288257360458374,0.015024797059595585,0.5003238320350647,0.4988920986652374,0.5002840757369995,0.49896299839019775
18446744073709551615,433,8.66,1.1685270071029663,0.06429517269134521,0.28820595145225525,0.015024444088339806,0.5005127787590027,0.49882110953330994,0.5004743933677673,0.49868640303611755
18446744073709551615,434,8.68,1.1672399044036865,0.06440170109272003,0.2881563901901245,0.015028460882604122,0.5006256103515625,0.49883684515953064,0.5005941390991211,0.4985312223434448
18446744073709551615,435,8.700000000000001,1.165950894355774,0.064507395029068,0.2881087362766266,0.01503708865493536,0.5006453394889832,0.49893152713775635,0.5006250143051147,0.49851956963539124
18446744073709551615,436,8.72,1.1646597385406494,0.06460178643465042,0.2880626320838928,0.015049244277179241,0.5005719065666199,0.49908357858657837,0.5005651712417603,0.4986474812030792
18446744073709551615,437,8.74,1.1633670330047607,0.06467670947313309,0.2880178987979889,0.015062717720866203,0.5004217028617859,0.4992620050907135,0.5004287958145142,0.4988860487937927
18446744073709551615,438,8.76,1.1620726585388184,0.06472805142402649,0.2879745066165924,0.015074744820594788,0.5002245306968689,0.4994319677352905,0.5002435445785522,0.49918726086616516
18446744073709551615,439,8.78,1.1607780456542969,0.06475599855184555,0.2879323363304138,0.01508251391351223,0.5000178217887878,0.4995611310005188,0.5000449419021606,0.4994933307170868
18446744073709551615,440,8.8,1.1594828367233276,0.06476549059152603,0.28789088129997253,0.01508367620408535,0.49983978271484375,0.4996255040168762,0.49987006187438965,0.49974730610847473
18446744073709551615,441,8.82,1.1581876277923584,0.06476417183876038,0.2878507673740387,0.0150768356397748,0.49972254037857056,0.49961334466934204,0.49975067377090454,0.49990329146385193
18446744073709551615,442,8.84,1.1568922996520996,0.06476225703954697,0.28781166672706604,0.015061725862324238,0.49968641996383667,0.499527245759964,0.4997076988220215,0.49993446469306946
18446744073709551615,443,8.86,1.1555969715118408,0.06476951390504837,0.28777387738227844,0.015039305202662945,0.4997364580631256,0.49938318133354187,0.49974778294563293,0.49983713030815125
18446744073709551615,444,8.88,1.1543011665344238,0.06479398161172867,0.28773778676986694,0.015011521987617016,0.49986207485198975,0.49920716881752014,0.4998624324798584,0.49963077902793884
18446744073709551615,445,8.9,1.1530050039291382,0.06484052538871765,0.287703275680542,0.014980913139879704,0.500039279460907,0.49903059005737305,0.5000299215316772,0.49935394525527954
18446744073709551615,446,8.92,1.151707410812378,0.06491008400917053,0.28767073154449463,0.014950133860111237,0.5002355575561523,0.49888408184051514,0.5002196431159973,0.499056875705719
18446744073709551615,447,8.94,1.1504082679748535,0.06499934941530228,0.28763994574546814,0.014921406283974648,0.5004158020019531,0.49879223108291626,0.5003976225852966,0.4987923502922058
18446744073709551615,448,8.96,1.1491070985794067,0.06510189175605774,0.28761106729507446,0.01489618606865406,0.5005487203598022,0.49876925349235535,0.5005330443382263,0.4986060857772827
18446744073709551615,449,8.98,1.1478041410446167,0.06520899385213852,0.287584125995636,0.014874952845275402,0.5006123781204224,0.4988168776035309,0.5006033778190613,0.49852874875068665
18446744073709551615,450,9.0,1.146498680114746,0.06531143188476562,0.2875586450099945,0.01485719159245491,0.5005977153778076,0.49892425537109375,0.5005983114242554,0.49857097864151
18446744073709551615,451,9.02,1.1451916694641113,0.06540107727050781,0.2875346541404724,0.01484161801636219,0.5005097389221191,0.49907025694847107,0.5005213022232056,0.4987216591835022
18446744073709551615,452,9.040000000000001,1.1438827514648438,0.06547237187623978,0.287511944770813,0.01482648216187954,0.5003665089607239,0.4992276132106781,0.5003884434700012,0.4989505708217621
18446744073709551615,453,9.06,1.1425728797912598,0.06552328914403915,0.2874903678894043,0.014809910207986832,0.5001955032348633,0.49936771392822266,0.5002254843711853,0.4992143511772156
18446744073709551615,454,9.08,1.1412619352340698,0.06555548310279846,0.2874698042869568,0.01479030679911375,0.5000283718109131,0.4994659423828125,0.5000628232955933,0.49946466088294983
18446744073709551615,455,9.1,1.139950156211853,0.06557390093803406,0.28745031356811523,0.014766620472073555,0.4998953938484192,0.499505877494812,0.4999300539493561,0.49965694546699524
18446744073709551615,456,9.120000000000001,1.1386386156082153,0.06558579951524734,0.28743183612823486,0.014738541096448898,0.49981993436813354,0.4994821548461914,0.4998505115509033,0.4997584819793701
18446744073709551615,457,9.14,1.1373268365859985,0.06559949368238449,0.2874145209789276,0.014706570655107498,0.49981436133384705,0.4994010329246521,0.4998374283313751,0.49975377321243286
18446744073709551615,458,9.16,1.1360149383544922,0.06562280654907227,0.2873983383178711,0.014671887271106243,0.4998779892921448,0.49927905201911926,0.4998916685581207,0.4996468424797058
18446744073709551615,459,9.18,1.134702205657959,0.06566160172224045,0.2873835265636444,0.014636125415563583,0.4999978244304657,0.49913981556892395,0.5000020265579224,0.49945998191833496
18446744073709551615,460,9.200000000000001,1.1333881616592407,0.06571853905916214,0.28737032413482666,0.014601035974919796,0.5001510381698608,0.49900949001312256,0.5001474022865295,0.49922919273376465
18446744073709551615,461,9.22,1.132073163986206,0.06579319387674332,0.28735870122909546,0.014568153768777847,0.500309407711029,0.49891194701194763,0.5003010630607605,0.49899762868881226
18446744073709551615,462,9.24,1.1307563781738281,0.06588191539049149,0.28734874725341797,0.014538498595356941,0.5004445910453796,0.49886471033096313,0.5004352927207947,0.49880751967430115
18446744073709551615,463,9.26,1.1294376850128174,0.06597848236560822,0.28734028339385986,0.014512433670461178,0.5005331635475159,0.4988758862018585,0.5005266666412354,0.49869272112846375
18446744073709551615,464,9.28,1.1281170845031738,0.0660754069685936,0.2873333990573883,0.014489668421447277,0.5005605816841125,0.4989429712295532,0.5005601048469543,0.49867287278175354
18446744073709551615,465,9.3,1.1267945766448975,0.0661652609705925,0.2873278260231018,0.014469347894191742,0.5005236268043518,0.4990536570549011,0.5005310773849487,0.49875009059906006
18446744073709551615,466,9.32,1.125470519065857,0.06624206155538559,0.2873234450817108,0.014450296759605408,0.5004305839538574,0.49918827414512634,0.5004464983940125,0.4989091157913208
18446744073709551615,467,9.34,1.1241451501846313,0.0663023293018341,0.28732001781463623,0.014431274496018887,0.5002996325492859,0.49932336807250977,0.5003229379653931,0.4991205036640167
18446744073709551615,468,9.36,1.1228184700012207,0.06634531170129776,0.2873174548149109,0.014411204494535923,0.5001551508903503,0.4994361102581024,0.5001834630966187,0.49934616684913635
18446744073709551615,469,9.38,1.1214914321899414,0.06637370586395264,0.2873157262802124,0.014389374293386936,0.5000234246253967,0.4995083212852478,0.5000534653663635,0.49954649806022644
18446744073709551615,470,9.4,1.1201637983322144,0.06639215350151062,0.2873147428035736,0.01436555851250887,0.4999277889728546,0.49952957034111023,0.4999559819698334,0.49968773126602173
18446744073709551615,471,9.42,1.1188359260559082,0.06640730053186417,0.28731468319892883,0.014340058900415897,0.4998844265937805,0.49949896335601807,0.49990740418434143,0.4997475743293762
18446744073709551615,472,9.44,1.1175072193145752,0.06642589718103409,0.2873155474662781,0.01431361585855484,0.499899685382843,0.4994250237941742,0.49991515278816223,0.49971893429756165
18446744073709551615,473,9.46,1.116178274154663,0.06645384430885315,0.2873173654079437,0.014287274330854416,0.4999692142009735,0.4993237853050232,0.49997612833976746,0.4996109902858734
18446744073709551615,474,9.48,1.1148487329483032,0.0664951279759407,0.2873202860355377,0.014262154698371887,0.5000789761543274,0.4992159605026245,0.5000779032707214,0.49944669008255005
18446744073709551615,475,9.5,1.113518238067627,0.06655113399028778,0.28732433915138245,0.014239232055842876,0.5002080202102661,0.49912285804748535,0.5002008676528931,0.4992586076259613
18446744073709551615,476,9.52,1.1121865510940552,0.06662046164274216,0.28732985258102417,0.014219149015843868,0.5003326535224915,0.49906259775161743,0.5003223419189453,0.4990828335285187
18446744073709551615,477,9.540000000000001,1.1108534336090088,0.06669914722442627,0.2873364984989166,0.014202074147760868,0.5004304647445679,0.49904704093933105,0.5004202127456665,0.49895235896110535
18446744073709551615,478,9.56,1.1095185279846191,0.06678175926208496,0.2873442471027374,0.014187730848789215,0.5004845261573792,0.49907970428466797,0.5004773139953613,0.4988912343978882
18446744073709551615,479,9.58,1.1081819534301758,0.06686210632324219,0.2873530685901642,0.014175469987094402,0.5004860758781433,0.4991554617881775,0.5004842877388,0.4989105761051178
18446744073709551615,480,9.6,1.1068439483642578,0.06693429499864578,0.28736281394958496,0.01416443008929491,0.500436007976532,0.49926164746284485,0.5004408359527588,0.4990067481994629
18446744073709551615,481,9.620000000000001,1.1055046319961548,0.0669940933585167,0.28737324476242065,0.014153711497783661,0.5003443360328674,0.499380499124527,0.5003557205200195,0.499162495136261
18446744073709551615,482,9.64,1.1041643619537354,0.06703933328390121,0.28738442063331604,0.014142568223178387,0.5002284049987793,0.49949246644973755,0.5002450346946716,0.49935027956962585
18446744073709551615,483,9.66,1.1028234958648682,0.06707041710615158,0.28739622235298157,0.01413052063435316,0.5001092553138733,0.4995797276496887,0.5001288652420044,0.4995376169681549
18446744073709551615,484,9.68,1.1014823913574219,0.06709016114473343,0.28740835189819336,0.014117445796728134,0.5000081658363342,0.49962949752807617,0.5000277757644653,0.49969297647476196
18446744073709551615,485,9.700000000000001,1.1001405715942383,0.06710334122180939,0.2874210476875305,0.014103570021688938,0.4999425411224365,0.49963581562042236,0.499959260225296,0.4997914433479309
18446744073709551615,486,9.72,1.098798394203186,0.06711545586585999,0.2874343693256378,0.014089422300457954,0.4999229311943054,0.49960094690322876,0.49993428587913513,0.49981898069381714
18446744073709551615,487,9.74,1.0974557399749756,0.06713204830884933,0.2874481678009033,0.014075702987611294,0.4999513626098633,0.49953439831733704,0.49995580315589905,0.499774694442749
18446744073709551615,488,9.76,1.0961127281188965,0.06715740263462067,0.28746259212493896,0.01406316738575697,0.5000211000442505,0.4994511604309082,0.5000183582305908,0.49967053532600403
18446744073709551615,489,9.78,1.0947688817977905,0.06719422340393066,0.2874778211116791,0.01405244879424572,0.5001182556152344,0.4993688464164734,0.5001092553138733,0.4995289146900177
18446744073709551615,490,9.8,1.093424677848816,0.06724264472723007,0.2874937355518341,0.014043937437236309,0.5002241730690002,0.4993044137954712,0.5002109408378601,0.4993783235549927
18446744073709551615,491,9.82,1.0920791625976562,0.0673007220029831,0.28751057386398315,0.014037689194083214,0.5003194212913513,0.4992712140083313,0.5003045201301575,0.4992481470108032
18446744073709551615,492,9.84,1.090732455253601,0.06736485660076141,0.28752827644348145,0.014033431187272072,0.5003867745399475,0.4992765784263611,0.5003729462623596,0.4991634488105774
18446744073709551615,493,9.86,1.0893844366073608,0.06743015348911285,0.28754672408103943,0.01403062418103218,0.5004144906997681,0.4993208050727844,0.5004041194915771,0.49914050102233887
18446744073709551615,494,9.88,1.0880359411239624,0.06749145686626434,0.2875654995441437,0.014028574340045452,0.5003982782363892,0.49939724802970886,0.5003930330276489,0.4991840422153473
18446744073709551615,495,9.9,1.0866849422454834,0.06754421442747116,0.28758504986763,0.014026588760316372,0.5003417730331421,0.4994935989379883,0.5003422498703003,0.4992867708206177
18446744073709551615,496,9.92,1.0853331089019775,0.06758563965559006,0.2876047194004059,0.014024093747138977,0.5002556443214417,0.49959439039230347,0.5002613663673401,0.49943098425865173
18446744073709551615,497,9.94,1.0839810371398926,0.06761469691991806,0.28762495517730713,0.014020738191902637,0.5001556873321533,0.4996836483478546,0.5001652836799622,0.4995919167995453
18446744073709551615,498,9.96,1.0826281309127808,0.0676325336098671,0.28764480352401733,0.014016445726156235,0.5000597238540649,0.49974796175956726,0.5000710487365723,0.4997425079345703
18446744073709551615,499,9.98,1.0812751054763794,0.06764206290245056,0.2876655161380768,0.014011393301188946,0.499984472990036,0.499778687953949,0.4999949634075165,0.49985823035240173
18446744073709551615,500,10.0,1.0799217224121094,0.06764766573905945,0.28768596053123474,0.014005988836288452,0.4999423921108246,0.49977344274520874,0.49994975328445435,0.4999215006828308
18446744073709551615,501,10.02,1.0785694122314453,0.0676538348197937,0.28770673274993896,0.014000768773257732,0.4999397397041321,0.49973630905151367,0.4999421536922455,0.49992457032203674
18446744073709551615,502,10.040000000000001,1.077216386795044,0.06766505539417267,0.2877276837825775,0.013996285386383533,0.49997544288635254,0.4996771216392517,0.49997204542160034,0.49987074732780457
18446744073709551615,503,10.06,1.0758631229400635,0.06768429279327393,0.2877490818500519,0.013993015512824059,0.500041663646698,0.49960923194885254,0.5000325441360474,0.4997733533382416
18446744073709551615,504,10.08,1.0745091438293457,0.06771306693553925,0.28777065873146057,0.013991236686706543,0.5001250505447388,0.4995473325252533,0.50011146068573,0.499653160572052
18446744073709551615,505,10.1,1.0731548070907593,0.06775082647800446,0.28779301047325134,0.013990986160933971,0.5002097487449646,0.49950456619262695,0.5001935958862305,0.4995345175266266
18446744073709551615,506,10.120000000000001,1.071799635887146,0.06779542565345764,0.28781527280807495,0.013992046006023884,0.5002800226211548,0.49949029088020325,0.5002635717391968,0.4994408190250397
18446744073709551615,507,10.14,1.070443868637085,0.06784339994192123,0.2878384590148926,0.01399398222565651,0.5003231167793274,0.49950850009918213,0.5003086924552917,0.4993903934955597
18446744073709551615,508,10.16,1.069085955619812,0.06789057701826096,0.2878613770008087,0.01399623416364193,0.5003315210342407,0.4995572566986084,0.5003208518028259,0.49939340353012085
18446744073709551615,509,10.18,1.0677270889282227,0.06793272495269775,0.2878851294517517,0.013998239301145077,0.5003040432929993,0.4996291697025299,0.5002982020378113,0.4994499981403351
18446744073709551615,510,10.200000000000001,1.0663678646087646,0.06796674430370331,0.2879088521003723,0.013999506831169128,0.5002460479736328,0.49971288442611694,0.500245213508606,0.49955078959465027
18446744073709551615,511,10.22,1.0650081634521484,0.06799086928367615,0.28793227672576904,0.013999738730490208,0.5001680850982666,0.49979522824287415,0.5001715421676636,0.49967870116233826
18446744073709551615,512,10.24,1.063647747039795,0.06800484657287598,0.2879553437232971,0.013998843729496002,0.5000841617584229,0.49986350536346436,0.500090479850769,0.4998120665550232
18446744073709551615,513,10.26,1.0622869729995728,0.06801031529903412,0.2879781424999237,0.013996942900121212,0.5000088810920715,0.4999079704284668,0.5000160932540894,0.49992892146110535
18446744073709551615,514,10.28,1.060927391052246,0.06801006942987442,0.2880019247531891,0.013994348235428333,0.4999549984931946,0.4999232590198517,0.4999609887599945,0.5000107288360596
18446744073709551615,515,10.3,1.0595673322677612,0.06800777465105057,0.28802549839019775,0.013991480693221092,0.49993106722831726,0.49990949034690857,0.49993401765823364,0.5000458359718323
18446744073709551615,516,10.32,1.0582071542739868,0.06800723820924759,0.288048654794693,0.013988782651722431,0.49994006752967834,0.4998719096183777,0.4999387264251709,0.5000312328338623
18446744073709551615,517,10.34,1.0568461418151855,0.06801189482212067,0.28807154297828674,0.013986660167574883,0.4999788999557495,0.49981987476348877,0.4999729096889496,0.4999728202819824
18446744073709551615,518,10.36,1.0554860830307007,0.06802365928888321,0.2880946397781372,0.013985379599034786,0.5000392198562622,0.4997650682926178,0.5000290274620056,0.49988412857055664
18446744073709551615,519,10.38,1.0541260242462158,0.06804314255714417,0.2881182134151459,0.013985008001327515,0.5001090168952942,0.49971938133239746,0.5000959038734436,0.49978378415107727
18446744073709551615,520,10.4,1.0527656078338623,0.06806956231594086,0.28814151883125305,0.01398543268442154,0.5001749396324158,0.4996926784515381,0.5001606941223145,0.49969205260276794
18446744073709551615,521,10.42,1.0514042377471924,0.06810057908296585,0.28816449642181396,0.013986347243189812,0.500224769115448,0.4996911585330963,0.500211238861084,0.4996270537376404
18446744073709551615,522,10.44,1.0500426292419434,0.06813301891088486,0.2881883978843689,0.013987329788506031,0.5002492666244507,0.4997163414955139,0.5002382397651672,0.4996016025543213
18446744073709551615,523,10.46,1.0486801862716675,0.06816349178552628,0.288212388753891,0.013987920247018337,0.5002442598342896,0.4997648000717163,0.5002370476722717,0.49962118268013
18446744073709551615,524,10.48,1.047317385673523,0.06818877905607224,0.2882360517978668,0.013987704180181026,0.5002107620239258,0.49982914328575134,0.5002079010009766,0.4996829032897949
18446744073709551615,525,10.5,1.0459538698196411,0.06820651143789291,0.2882595956325531,0.013986383564770222,0.5001549124717712,0.4998991787433624,0.5001562833786011,0.4997764229774475
18446744073709551615,526,10.52,1.0445901155471802,0.0682157352566719,0.28828293085098267,0.013983831740915775,0.5000867247581482,0.49996399879455566,0.5000914931297302,0.4998858869075775
18446744073709551615,527,10.540000000000001,1.043225646018982,0.06821684539318085,0.28830602765083313,0.013980097137391567,0.5000181794166565,0.5000138282775879,0.5000248551368713,0.4999929368495941
18446744073709551615,528,10.56,1.0418610572814941,0.06821160018444061,0.2883288264274597,0.013975386507809162,0.4999610185623169,0.5000419020652771,0.49996790289878845,0.5000801682472229
18446744073709551615,529,10.58,1.040497064590454,0.0682029128074646,0.28835147619247437,0.01397001277655363,0.49992460012435913,0.5000454187393188,0.4999300539493561,0.5001342296600342
18446744073709551615,530,10.6,1.0391333103179932,0.06819364428520203,0.2883739173412323,0.013964352197945118,0.49991434812545776,0.5000259876251221,0.4999169707298279,0.500147819519043
18446744073709551615,531,10.620000000000001,1.037769079208374,0.06818690150976181,0.28839612007141113,0.013958754949271679,0.49993085861206055,0.49998947978019714,0.49992990493774414,0.5001212954521179
18446744073709551615,532,10.64,1.0364054441452026,0.06818505376577377,0.2884179651737213,0.013953490182757378,0.49996984004974365,0.49994438886642456,0.4999653100967407,0.5000621676445007
18446744073709551615,533,10.66,1.0350422859191895,0.06818951666355133,0.28843966126441956,0.013948709703981876,0.5000231862068176,0.4999006986618042,0.5000156164169312,0.4999833106994629
18446744073709551615,534,10.68,1.0336781740188599,0.06820023059844971,0.28846123814582825,0.013944395817816257,0.5000802874565125,0.4998677968978882,0.5000709891319275,0.49990105628967285
18446744073709551615,535,10.700000000000001,1.0323140621185303,0.0682159960269928,0.28848251700401306,0.013940373435616493,0.5001303553581238,0.4998527467250824,0.5001207590103149,0.4998317360877991
18446744073709551615,536,10.72,1.0309488773345947,0.06823469698429108,0.28850361704826355,0.013936374336481094,0.5001639127731323,0.4998593032360077,0.5001556277275085,0.49978891015052795
18446744073709551615,537,10.74,1.0295836925506592,0.06825357675552368,0.28852468729019165,0.013932044617831707,0.5001748204231262,0.4998871684074402,0.5001692771911621,0.49978113174438477
18446744073709551615,538,10.76,1.0282175540924072,0.06826969236135483,0.2885454297065735,0.013927038758993149,0.5001612901687622,0.4999322295188904,0.5001592636108398,0.49981024861335754
18446744073709551615,539,10.78,1.0268527269363403,0.06828074902296066,0.2885661721229553,0.013921087607741356,0.5001257658004761,0.49998730421066284,0.5001274943351746,0.49987149238586426
18446744073709551615,540,10.8,1.0254871845245361,0.06828519701957703,0.2885867953300476,0.013914022594690323,0.5000746846199036,0.5000436305999756,0.5000797510147095,0.4999544620513916
18446744073709551615,541,10.82,1.0241217613220215,0.0682828426361084,0.28860723972320557,0.013905822299420834,0.5000171065330505,0.5000924468040466,0.5000244975090027,0.5000449419021606
18446744073709551615,542,10.84,1.0227556228637695,0.06827421486377716,0.2886263132095337,0.013896592892706394,0.4999629557132721,0.5001264810562134,0.4999714493751526,0.5001277923583984
18446744073709551615,543,10.86,1.021390676498413,0.06826115399599075,0.2886451482772827,0.013886544853448868,0.49992138147354126,0.5001412034034729,0.4999295473098755,0.5001897215843201
18446744073709551615,544,10.88,1.0200257301330566,0.06824599951505661,0.2886638343334198,0.013875965029001236,0.4998990595340729,0.5001356601715088,0.4999055564403534,0.5002212524414062
18446744073709551615,545,10.9,1.018660545349121,0.06823156774044037,0.2886824607849121,0.013865161687135696,0.4998989403247833,0.5001126527786255,0.4999028146266937,0.5002187490463257
18446744073709551615,546,10.92,1.0172964334487915,0.06821994483470917,0.28870081901550293,0.013854403980076313,0.4999200105667114,0.5000779032707214,0.49992087483406067,0.5001848340034485
18446744073709551615,547,10.94,1.0159319639205933,0.06821304559707642,0.2887190580368042,0.013843878172338009,0.49995750188827515,0.5000391006469727,0.4999554753303528,0.5001274347305298
18446744073709551615,548,10.96,1.014567255973816,0.06821150332689285,0.28873732686042786,0.0138336680829525,0.5000037550926208,0.5000044107437134,0.4999995231628418,0.5000587105751038
18446744073709551615,549,10.98,1.0132036209106445,0.06821487843990326,0.28875505924224854,0.013823725283145905,0.5000497698783875,0.4999810457229614,0.5000444650650024,0.499992311000824
18446744073709551615,550,11.0,1.0118393898010254,0.06822197884321213,0.2887716293334961,0.013813905417919159,0.5000868439674377,0.49997395277023315,0.5000817179679871,0.4999411404132843
18446744073709551615,551,11.02,1.010474681854248,0.06823080778121948,0.2887880504131317,0.013803982175886631,0.5001080632209778,0.4999849498271942,0.5001044869422913,0.4999150335788727
18446744073709551615,552,11.040000000000001,1.009109616279602,0.06823867559432983,0.28880444169044495,0.013793693855404854,0.5001096129417419,0.5000125169754028,0.5001084804534912,0.49991893768310547
18446744073709551615,553,11.06,1.007744550704956,0.0682438537478447,0.288820743560791,0.013782802037894726,0.5000913143157959,0.5000523328781128,0.5000932216644287,0.4999523162841797
18446744073709551615,554,11.08,1.0063804388046265,0.06824437528848648,0.28883692622184753,0.013771132566034794,0.5000565648078918,0.5000976920127869,0.5000614523887634,0.5000093579292297
18446744073709551615,555,11.1,1.0050153732299805,0.06823927909135818,0.28885287046432495,0.013758599758148193,0.5000115633010864,0.5001413226127625,0.5000189542770386,0.5000801682472229
18446744073709551615,556,11.120000000000001,1.003650188446045,0.06822860985994339,0.28886762261390686,0.013745217584073544,0.4999643862247467,0.5001761317253113,0.49997323751449585,0.5001525282859802
18446744073709551615,557,11.14,1.0022865533828735,0.06821337342262268,0.28888243436813354,0.013731102459132671,0.49992305040359497,0.5001971125602722,0.4999322295188904,0.500214159488678
18446744073709551615,558,11.16,1.0009219646453857,0.06819530576467514,0.28889697790145874,0.013716447167098522,0.4998944401741028,0.500201404094696,0.4999028444290161,0.5002551078796387
18446744073709551615,559,11.18,0.9995583891868591,0.06817661970853806,0.28891104459762573,0.013701487332582474,0.4998830258846283,0.5001896023750305,0.49988967180252075,0.50026935338974
18446744073709551615,560,11.200000000000001,0.9981953501701355,0.06815929710865021,0.28892403841018677,0.01368646789342165,0.4998900294303894,0.5001649260520935,0.49989426136016846,0.5002557635307312
18446744073709551615,561,11.22,0.9968317151069641,0.0681450366973877,0.28893715143203735,0.013671589083969593,0.49991339445114136,0.5001327991485596,0.4999150037765503,0.5002181529998779
18446744073709551615,562,11.24,0.995469331741333,0.06813511252403259,0.2889500856399536,0.013656994327902794,0.49994808435440063,0.5000998377799988,0.4999474287033081,0.5001646280288696
18446744073709551615,563,11.26,0.9941068291664124,0.06812950223684311,0.2889629602432251,0.01364273764193058,0.49998727440834045,0.5000725984573364,0.4999850392341614,0.5001057982444763
18446744073709551615,564,11.28,0.9927434921264648,0.06812775135040283,0.28897586464881897,0.013628779910504818,0.5000234842300415,0.5000565052032471,0.5000206828117371,0.5000531077384949
18446744073709551615,565,11.3,0.9913816452026367,0.06812861561775208,0.2889874577522278,0.013615003786981106,0.5000500082969666,0.500054657459259,0.5000477433204651,0.5000162720680237
18446744073709551615,566,11.32,0.9900191426277161,0.06813010573387146,0.28899887204170227,0.013601226732134819,0.5000619888305664,0.5000675916671753,0.5000612735748291,0.5000022053718567
18446744073709551615,567,11.34,0.9886562824249268,0.06813058257102966,0.28901031613349915,0.013587274588644505,0.5000573396682739,0.5000931024551392,0.5000587701797485,0.5000132918357849
18446744073709551615,568,11.36,0.9872936010360718,0.06812809407711029,0.28902167081832886,0.013572968542575836,0.5000370740890503,0.5001267790794373,0.5000410079956055,0.5000473856925964
18446744073709551615,569,11.38,0.9859313368797302,0.0681215152144432,0.28903254866600037,0.013558192178606987,0.5000048875808716,0.5001628398895264,0.500011146068573,0.5000982284545898
18446744073709551615,570,11.4,0.9845690131187439,0.06811024993658066,0.2890424430370331,0.013542892411351204,0.49996674060821533,0.5001951456069946,0.49997472763061523,0.5001567602157593
18446744073709551615,571,11.42,0.9832068681716919,0.0680946484208107,0.2890526056289673,0.013527104631066322,0.4999292492866516,0.500218391418457,0.49993810057640076,0.5002126693725586
18446744073709551615,572,11.44,0.9818452596664429,0.06807604432106018,0.2890622615814209,0.013510932214558125,0.4998989403247833,0.5002291202545166,0.4999076724052429,0.5002562999725342
18446744073709551615,573,11.46,0.9804835915565491,0.0680558979511261,0.2890710234642029,0.01349453255534172,0.499880850315094,0.5002260208129883,0.49988844990730286,0.5002806186676025
18446744073709551615,574,11.48,0.9791234135627747,0.06803577393293381,0.2890794277191162,0.013478103093802929,0.49987760186195374,0.5002103447914124,0.49988338351249695,0.5002820491790771
18446744073709551615,575,11.5,0.9777622818946838,0.06801754981279373,0.28908810019493103,0.0134618254378438,0.49988922476768494,0.5001855492591858,0.49989280104637146,0.5002611875534058
18446744073709551615,576,11.52,0.9764022827148438,0.06800250709056854,0.28909632563591003,0.01344586443156004,0.4999130368232727,0.5001566410064697,0.49991437792778015,0.5002228021621704
18446744073709551615,577,11.540000000000001,0.9750426411628723,0.06799118965864182,0.28910353779792786,0.013430326245725155,0.4999442398548126,0.5001291036605835,0.4999437630176544,0.5001744031906128
18446744073709551615,578,11.56,0.9736821055412292,0.06798354536294937,0.28911054134368896,0.013415251858532429,0.4999767541885376,0.5001081824302673,0.4999752342700958,0.5001251697540283
18446744073709551615,579,11.58,0.9723230600357056,0.0679788887500763,0.289117693901062,0.01340060867369175,0.5000046491622925,0.5000976324081421,0.500002920627594,0.5000841617584229
18446744073709551615,580,11.6,0.970963716506958,0.06797589361667633,0.2891247570514679,0.013386300764977932,0.5000227689743042,0.5000991821289062,0.500021755695343,0.5000588297843933
18446744073709551615,581,11.620000000000001,0.9696035981178284,0.06797309219837189,0.28913161158561707,0.013372206129133701,0.5000280141830444,0.5001125335693359,0.5000284314155579,0.5000534057617188
18446744073709551615,582,11.64,0.9682446122169495,0.06796864420175552,0.289137601852417,0.013358170166611671,0.5000196099281311,0.5001351237297058,0.5000218749046326,0.5000685453414917
18446744073709551615,583,11.66,0.9668854475021362,0.06796158850193024,0.2891432046890259,0.013344071805477142,0.4999992251396179,0.5001627206802368,0.500003457069397,0.5001011490821838
18446744073709551615,584,11.68,0.9655258655548096,0.0679510086774826,0.28914910554885864,0.013329818844795227,0.4999707341194153,0.5001903772354126,0.49997663497924805,0.500144898891449
18446744073709551615,585,11.700000000000001,0.9641674160957336,0.06793675571680069,0.2891542315483093,0.013315371237695217,0.49993932247161865,0.5002132654190063,0.49994632601737976,0.500191867351532
18446744073709551615,586,11.72,0.9628087878227234,0.06791939586400986,0.2891586422920227,0.013300764374434948,0.4999105632305145,0.5002273917198181,0.4999178946018219,0.5002334713935852
18446744073709551615,587,11.74,0.9614503383636475,0.0678999125957489,0.28916335105895996,0.013286079280078411,0.49988943338394165,0.5002305507659912,0.49989625811576843,0.5002624988555908
18446744073709551615,588,11.76,0.9600928425788879,0.06787987053394318,0.2891676127910614,0.013271442614495754,0.4998794496059418,0.5002224445343018,0.49988505244255066,0.500274121761322
18446744073709551615,589,11.78,0.9587351679801941,0.06786059588193893,0.2891708314418793,0.01325700618326664,0.4998819828033447,0.500204861164093,0.4998858571052551,0.5002667307853699
18446744073709551615,590,11.8,0.9573782682418823,0.06784337759017944,0.28917399048805237,0.013242910616099834,0.4998961389064789,0.500181257724762,0.49989813566207886,0.5002419948577881
18446744073709551615,591,11.82,0.9560214281082153,0.06782910972833633,0.2891771197319031,0.013229288160800934,0.499919056892395,0.5001559257507324,0.49991923570632935,0.5002049207687378
18446744073709551615,592,11.84,0.9546652436256409,0.06781794130802155,0.2891804873943329,0.013216221705079079,0.4999462366104126,0.5001335144042969,0.4999450743198395,0.5001624226570129
18446744073709551615,593,11.86,0.9533089995384216,0.0678098276257515,0.28918302059173584,0.013203735463321209,0.49997270107269287,0.5001177787780762,0.49997082352638245,0.5001221299171448
18446744073709551615,594,11.88,0.9519524574279785,0.06780391186475754,0.28918495774269104,0.013191801495850086,0.49999359250068665,0.50011146068573,0.499991774559021,0.5000912547111511
18446744073709551615,595,11.9,0.9505966305732727,0.06779900938272476,0.289186954498291,0.013180343434214592,0.5000052452087402,0.5001152753829956,0.500004231929779,0.5000749230384827
18446744073709551615,596,11.92,0.9492408633232117,0.06779397279024124,0.28918877243995667,0.013169248588383198,0.500005841255188,0.5001281499862671,0.5000060796737671,0.50007563829422
18446744073709551615,597,11.94,0.9478849768638611,0.0677872821688652,0.2891908586025238,0.01315840519964695,0.4999953806400299,0.5001474618911743,0.49999716877937317,0.500092625617981
18446744073709551615,598,11.96,0.9465292096138,0.06777815520763397,0.28919199109077454,0.013147703371942043,0.49997609853744507,0.5001695156097412,0.4999794363975525,0.5001223683357239
18446744073709551615,599,11.98,0.9451739192008972,0.06776616722345352,0.2891925573348999,0.01313706673681736,0.4999516010284424,0.500190019607544,0.4999561607837677,0.500158965587616
18446744073709551615,600,12.0,0.9438185691833496,0.0677512139081955,0.28919342160224915,0.013126465491950512,0.49992644786834717,0.5002052783966064,0.499931663274765,0.5001955032348633
18446744073709551615,601,12.02,0.9424639940261841,0.06773417443037033,0.28919437527656555,0.013115914538502693,0.4999051094055176,0.5002124309539795,0.4999103546142578,0.500225305557251
18446744073709551615,602,12.040000000000001,0.9411092400550842,0.06771597266197205,0.28919389843940735,0.013105476275086403,0.49989134073257446,0.5002103447914124,0.4998959004878998,0.5002429485321045
18446744073709551615,603,12.06,0.9397550821304321,0.06769771873950958,0.2891934812068939,0.013095250353217125,0.4998873770236969,0.5001993179321289,0.4998907148838043,0.5002454519271851
18446744073709551615,604,12.08,0.9384017586708069,0.06768055260181427,0.28919318318367004,0.013085347600281239,0.4998936355113983,0.5001814365386963,0.49989548325538635,0.500232458114624
18446744073709551615,605,12.1,0.93704754114151,0.06766551733016968,0.28919264674186707,0.01307588815689087,0.49990880489349365,0.5001599192619324,0.49990904331207275,0.5002065300941467
18446744073709551615,606,12.120000000000001,0.9356948733329773,0.06765307486057281,0.28919216990470886,0.013066970743238926,0.49992993474006653,0.5001384019851685,0.4999287724494934,0.5001724362373352
18446744073709551615,607,12.14,0.9343419671058655,0.06764333695173264,0.2891906499862671,0.013058650307357311,0.4999530613422394,0.5001205801963806,0.49995091557502747,0.5001361966133118
18446744073709551615,608,12.16,0.9329886436462402,0.06763600558042526,0.28918886184692383,0.013050946407020092,0.49997398257255554,0.5001093149185181,0.499971479177475,0.5001041889190674
18446744073709551615,609,12.18,0.9316364526748657,0.06763019412755966,0.2891872823238373,0.013043827377259731,0.4999890625476837,0.500106155872345,0.49998682737350464,0.5000817179679871
18446744073709551615,610,12.200000000000001,0.9302840828895569,0.06762488931417465,0.2891859710216522,0.013037222437560558,0.49999570846557617,0.5001112222671509,0.49999430775642395,0.5000723600387573
18446744073709551615,611,12.22,0.9289308786392212,0.06761914491653442,0.28918445110321045,0.013031034730374813,0.49999308586120605,0.5001230835914612,0.49999284744262695,0.5000770688056946
18446744073709551615,612,12.24,0.9275791049003601,0.06761195510625839,0.28918227553367615,0.01302515808492899,0.49998190999031067,0.5001392364501953,0.4999829828739166,0.5000943541526794
18446744073709551615,613,12.26,0.9262270331382751,0.06760251522064209,0.2891796827316284,0.013019504025578499,0.49996447563171387,0.5001563429832458,0.49996668100357056,0.5001205801963806
18446744073709551615,614,12.280000000000001,0.9248746633529663,0.06759075820446014,0.2891773283481598,0.013013998977839947,0.4999440610408783,0.5001710057258606,0.49994710087776184,0.5001504421234131
18446744073709551615,615,12.3,0.9235233664512634,0.06757699698209763,0.2891746163368225,0.013008611276745796,0.4999244809150696,0.5001803040504456,0.4999278783798218,0.5001780986785889
18446744073709551615,616,12.32,0.9221718311309814,0.06756175309419632,0.28917211294174194,0.013003350235521793,0.49990931153297424,0.5001824498176575,0.4999125003814697,0.5001984238624573
18446744073709551615,617,12.34,0.9208208322525024,0.06754595041275024,0.2891687750816345,0.012998269870877266,0.4999012053012848,0.5001769661903381,0.49990367889404297,0.5002075433731079
18446744073709551615,618,12.36,0.919469952583313,0.06753053516149521,0.2891651690006256,0.012993432581424713,0.49990153312683105,0.5001646876335144,0.4999028444290161,0.5002037882804871
18446744073709551615,619,12.38,0.9181195497512817,0.06751644611358643,0.2891613245010376,0.012988942675292492,0.49991002678871155,0.5001476407051086,0.49991002678871155,0.500187873840332
18446744073709551615,620,12.4,0.9167695641517639,0.06750437617301941,0.28915777802467346,0.012984879314899445,0.49992501735687256,0.5001286864280701,0.4999237656593323,0.5001626014709473
18446744073709551615,621,12.42,0.9154191613197327,0.06749460101127625,0.28915444016456604,0.01298131700605154,0.49994370341300964,0.500110924243927,0.49994149804115295,0.5001323819160461
18446744073709551615,622,12.44,0.914069652557373,0.0674871951341629,0.2891509234905243,0.012978298589587212,0.49996277689933777,0.5000972151756287,0.4999600052833557,0.5001024603843689
18446744073709551615,623,12.46,0.9127200245857239,0.06748146563768387,0.2891472578048706,0.012975831516087055,0.4999788999557495,0.5000895261764526,0.4999759793281555,0.5000777840614319
18446744073709551615,624,12.48,0.9113701581954956,0.06747663021087646,0.28914257884025574,0.012973879463970661,0.49998927116394043,0.5000888109207153,0.4999867379665375,0.5000624060630798
18446744073709551615,625,12.5,0.9100207686424255,0.06747213006019592,0.28913813829421997,0.01297236792743206,0.4999922513961792,0.5000945329666138,0.4999905526638031,0.5000582933425903
18446744073709551615,626,12.52,0.908671498298645,0.06746695190668106,0.2891336977481842,0.012971213087439537,0.49998757243156433,0.5001052021980286,0.4999869465827942,0.5000656843185425
18446744073709551615,627,12.540000000000001,0.9073219895362854,0.06746033579111099,0.2891291081905365,0.012970312498509884,0.49997642636299133,0.5001183748245239,0.49997687339782715,0.5000823736190796
18446744073709551615,628,12.56,0.9059730768203735,0.0674518495798111,0.2891247272491455,0.012969591654837132,0.4999610185623169,0.5001312494277954,0.4999624192714691,0.5001049041748047
18446744073709551615,629,12.58,0.9046242237091064,0.06744146347045898,0.28912055492401123,0.012968984432518482,0.49994438886642456,0.5001412034034729,0.49994632601737976,0.5001286268234253
18446744073709551615,630,12.6,0.9032750725746155,0.06742970645427704,0.2891159653663635,0.012968465685844421,0.49992963671684265,0.5001460909843445,0.499931663274765,0.5001488924026489
18446744073709551615,631,12.620000000000001,0.9019271731376648,0.06741687655448914,0.2891102731227875,0.012968038208782673,0.49991944432258606,0.5001448392868042,0.49992114305496216,0.5001617670059204
18446744073709551615,632,12.64,0.9005787968635559,0.06740406155586243,0.28910478949546814,0.012967744842171669,0.49991559982299805,0.5001373887062073,0.49991661310195923,0.5001647472381592
18446744073709551615,633,12.66,0.8992303609848022,0.06739190965890884,0.2890995144844055,0.012967638671398163,0.49991878867149353,0.5001248717308044,0.49991878867149353,0.5001571178436279
18446744073709551615,634,12.68,0.897883415222168,0.06738117337226868,0.2890944480895996,0.012967797927558422,0.4999282956123352,0.5001092553138733,0.49992725253105164,0.5001401305198669
18446744073709551615,635,12.700000000000001,0.8965355157852173,0.06737237423658371,0.2890892028808594,0.012968294322490692,0.4999423921108246,0.5000930428504944,0.4999403953552246,0.5001167058944702
18446744073709551615,636,12.72,0.8951877355575562,0.06736557185649872,0.28908398747444153,0.0129691855981946,0.4999585747718811,0.5000787973403931,0.4999558627605438,0.5000907778739929
18446744073709551615,637,12.74,0.8938412666320801,0.06736060976982117,0.2890789806842804,0.012970487587153912,0.49997395277023315,0.5000686645507812,0.499970942735672,0.5000667572021484
18446744073709551615,638,12.76,0.8924936652183533,0.06735695898532867,0.28907421231269836,0.012972192838788033,0.499985933303833,0.5000638961791992,0.4999829828739166,0.5000485181808472
18446744073709551615,639,12.780000000000001,0.8911461234092712,0.06735379993915558,0.28906893730163574,0.012974266894161701,0.4999925196170807,0.5000649094581604,0.4999900758266449,0.5000388026237488
18446744073709551615,640,12.8,0.8897997140884399,0.06735042482614517,0.28906258940696716,0.012976638041436672,0.49999281764030457,0.5000709295272827,0.49999111890792847,0.5000386238098145
18446744073709551615,641,12.82,0.8884525895118713,0.06734634935855865,0.2890564501285553,0.012979231774806976,0.4999869465827942,0.5000802874565125,0.4999862313270569,0.500047504901886
18446744073709551615,642,12.84,0.8871053457260132,0.06734086573123932,0.28905051946640015,0.012981955893337727,0.49997633695602417,0.5000909566879272,0.4999764859676361,0.5000630617141724
18446744073709551615,643,12.86,0.8857590556144714,0.06733393669128418,0.2890448272228241,0.012984746135771275,0.49996310472488403,0.5001004338264465,0.4999639391899109,0.5000819563865662
18446744073709551615,644,12.88,0.8844122886657715,0.06732554733753204,0.28903913497924805,0.012987549416720867,0.49994978308677673,0.5001068115234375,0.49995097517967224,0.5001003742218018
18446744073709551615,645,12.9,0.8830655217170715,0.06731611490249634,0.28903326392173767,0.012990348041057587,0.49993896484375,0.5001084804534912,0.49994009733200073,0.5001146197319031
18446744073709551615,646,12.92,0.8817199468612671,0.06730617582798004,0.2890275716781616,0.012993144802749157,0.4999326169490814,0.5001048445701599,0.4999333620071411,0.5001218914985657
18446744073709551615,647,12.94,0.8803735375404358,0.06729654967784882,0.28902214765548706,0.012995977886021137,0.4999319016933441,0.5000964403152466,0.4999319314956665,0.5001206398010254
18446744073709551615,648,12.96,0.8790275454521179,0.06728775799274445,0.2890169024467468,0.012998897582292557,0.49993693828582764,0.5000844597816467,0.4999361038208008,0.5001108646392822
18446744073709551615,649,12.98,0.8776824474334717,0.06728031486272812,0.2890113592147827,0.01300196722149849,0.4999467432498932,0.5000706911087036,0.4999450743198395,0.5000942945480347
18446744073709551615,650,13.0,0.8763364553451538,0.06727446615695953,0.28900495171546936,0.01300524827092886,0.4999595880508423,0.5000573992729187,0.49995720386505127,0.5000735521316528
18446744073709551615,651,13.02,0.8749908804893494,0.06727025657892227,0.28899839520454407,0.013008770532906055,0.4999731779098511,0.50004643201828,0.49997034668922424,0.5000520944595337
18446744073709551615,652,13.040000000000001,0.8736459016799927,0.067267507314682,0.2889920175075531,0.013012555427849293,0.4999851584434509,0.5000393986701965,0.4999822676181793,0.5000333786010742
18446744073709551615,653,13.06,0.8723004460334778,0.0672655925154686,0.28898555040359497,0.01301658432930708,0.4999935030937195,0.5000370144844055,0.49999091029167175,0.5000203251838684
18446744073709551615,654,13.08,0.8709548115730286,0.06726402044296265,0.2889789640903473,0.013020812533795834,0.49999698996543884,0.5000392198562622,0.49999499320983887,0.5000147223472595
18446744073709551615,655,13.1,0.8696098923683167,0.06726207584142685,0.2889726459980011,0.01302518229931593,0.49999526143074036,0.5000450015068054,0.4999939799308777,0.5000170469284058
18446744073709551615,656,13.120000000000001,0.8682647943496704,0.06725935637950897,0.2889665365219116,0.013029614463448524,0.499988853931427,0.5000529289245605,0.4999883770942688,0.500026285648346
18446744073709551615,657,13.14,0.8669194579124451,0.06725552678108215,0.28896060585975647,0.013034040108323097,0.4999791979789734,0.5000610947608948,0.4999793767929077,0.5000402927398682
18446744073709551615,658,13.16,0.8655742406845093,0.06725061684846878,0.28895437717437744,0.013038410805165768,0.4999682605266571,0.5000676512718201,0.49996885657310486,0.5000560283660889
18446744073709551615,659,13.18,0.8642296195030212,0.06724455952644348,0.28894826769828796,0.013042677193880081,0.4999581277370453,0.5000710487365723,0.49995890259742737,0.5000701546669006
18446744073709551615,660,13.200000000000001,0.8628846406936646,0.06723789125680923,0.2889423966407776,0.01304683554917574,0.49995073676109314,0.500070333480835,0.4999513626098633,0.5000798106193542
18446744073709551615,661,13.22,0.8615399599075317,0.06723100692033768,0.2889367640018463,0.01305090170353651,0.4999474883079529,0.5000655055046082,0.4999476373195648,0.5000830888748169
18446744073709551615,662,13.24,0.8601955771446228,0.06722459942102432,0.28893086314201355,0.013054910115897655,0.4999489188194275,0.50005704164505,0.49994850158691406,0.5000790357589722
18446744073709551615,663,13.26,0.85885089635849,0.06721894443035126,0.28892502188682556,0.013058921322226524,0.49995481967926025,0.5000462532043457,0.4999536871910095,0.5000683069229126
18446744073709551615,664,13.280000000000001,0.857506513595581,0.06721464544534683,0.2889193892478943,0.013062980026006699,0.4999641180038452,0.5000346899032593,0.49996238946914673,0.5000525712966919
18446744073709551615,665,13.3,0.8561626076698303,0.0672115683555603,0.2889140248298645,0.01306713093072176,0.49997517466545105,0.5000241994857788,0.49997299909591675,0.5000345706939697
18446744073709551615,666,13.32,0.8548181056976318,0.0672098770737648,0.28890836238861084,0.013071401976048946,0.49998608231544495,0.5000162124633789,0.49998369812965393,0.5000172257423401
18446744073709551615,667,13.34,0.8534735441207886,0.06720930337905884,0.28890275955200195,0.013075800612568855,0.49999502301216125,0.5000118017196655,0.499992698431015,0.5000032782554626
18446744073709551615,668,13.36,0.8521300554275513,0.06720909476280212,0.2888973653316498,0.013080298900604248,0.5000004768371582,0.5000113248825073,0.4999985098838806,0.4999949038028717
18446744073709551615,669,13.38,0.8507857322692871,0.06720912456512451,0.2888922393321991,0.013084867037832737,0.5000017285346985,0.5000144243240356,0.5000002980232239,0.49999308586120605
18446744073709551615,670,13.4,0.8494409322738647,0.06720864027738571,0.28888681530952454,0.013089440762996674,0.4999987483024597,0.5000201463699341,0.49999791383743286,0.49999767541885376
18446744073709551615,671,13.42,0.8480975031852722,0.06720738112926483,0.28888148069381714,0.013093965128064156,0.4999922513961792,0.500027060508728,0.49999210238456726,0.5000073909759521
18446744073709551615,672,13.44,0.8467532396316528,0.06720514595508575,0.28887638449668884,0.013098378665745258,0.49998363852500916,0.5000335574150085,0.4999840259552002,0.5000200271606445
18446744073709551615,673,13.46,0.8454089164733887,0.06720192730426788,0.2888714671134949,0.013102647848427296,0.49997463822364807,0.500038206577301,0.499975323677063,0.500032901763916
18446744073709551615,674,13.48,0.8440651297569275,0.06719797849655151,0.28886622190475464,0.013106751255691051,0.49996691942214966,0.5000399351119995,0.49996769428253174,0.5000433921813965
18446744073709551615,675,13.5,0.8427212834358215,0.06719359755516052,0.28886115550994873,0.013110700063407421,0.4999620020389557,0.5000381469726562,0.49996262788772583,0.5000494122505188
18446744073709551615,676,13.52,0.8413772583007812,0.0671892762184143,0.28885629773139954,0.013114500790834427,0.499960720539093,0.5000330209732056,0.4999609887599945,0.5000497102737427
18446744073709551615,677,13.540000000000001,0.8400335907936096,0.06718549877405167,0.28885146975517273,0.0131182000041008,0.4999634027481079,0.5000252723693848,0.4999631643295288,0.5000441074371338
18446744073709551615,678,13.56,0.8386900424957275,0.06718253344297409,0.2888464331626892,0.01312184613198042,0.499969482421875,0.5000160336494446,0.4999687075614929,0.500033438205719
18446744073709551615,679,13.58,0.8373463749885559,0.0671805664896965,0.2888416349887848,0.013125484809279442,0.4999779164791107,0.5000067949295044,0.4999766945838928,0.5000196099281311
18446744073709551615,680,13.6,0.8360022902488708,0.06717987358570099,0.2888370454311371,0.013129150494933128,0.4999872148036957,0.49999889731407166,0.4999856650829315,0.5000048279762268
18446744073709551615,681,13.620000000000001,0.8346591591835022,0.06718013435602188,0.2888320982456207,0.013132859021425247,0.49999579787254333,0.4999934732913971,0.49999409914016724,0.4999915659427643
18446744073709551615,682,13.64,0.8333157896995544,0.0671810731291771,0.2888273298740387,0.013136610388755798,0.5000022053718567,0.49999117851257324,0.5000006556510925,0.49998193979263306
18446744073709551615,683,13.66,0.8319715261459351,0.06718236207962036,0.2888227701187134,0.013140383176505566,0.5000054836273193,0.49999210238456726,0.5000041723251343,0.4999772906303406
18446744073709551615,684,13.68,0.8306280374526978,0.06718344986438751,0.2888181805610657,0.01314413733780384,0.5000051259994507,0.49999573826789856,0.5000042915344238,0.49997809529304504
18446744073709551615,685,13.700000000000001,0.8292847871780396,0.06718401610851288,0.2888134717941284,0.013147823512554169,0.5000014901161194,0.500001072883606,0.5000011324882507,0.4999838173389435
18446744073709551615,686,13.72,0.8279407620429993,0.06718374788761139,0.2888089418411255,0.013151397928595543,0.4999953508377075,0.500006914138794,0.49999547004699707,0.49999308586120605
18446744073709551615,687,13.74,0.8265967965126038,0.06718271225690842,0.2888045907020569,0.013154824264347553,0.49998795986175537,0.5000119209289551,0.4999884366989136,0.5000038743019104
18446744073709551615,688,13.76,0.8252536654472351,0.0671810507774353,0.288799911737442,0.013158074580132961,0.49998077750205994,0.5000150203704834,0.49998149275779724,0.5000140070915222
18446744073709551615,689,13.780000000000001,0.8239099383354187,0.06717874109745026,0.28879544138908386,0.013161145150661469,0.49997520446777344,0.5000154376029968,0.49997591972351074,0.5000214576721191
18446744073709551615,690,13.8,0.8225660920143127,0.06717623770236969,0.2887912094593048,0.013164048083126545,0.49997225403785706,0.5000129342079163,0.49997273087501526,0.5000247359275818
18446744073709551615,691,13.82,0.8212227821350098,0.06717395782470703,0.2887866199016571,0.013166802935302258,0.49997252225875854,0.5000078678131104,0.4999725818634033,0.5000231862068176
18446744073709551615,692,13.84,0.819879412651062,0.06717236340045929,0.2887822091579437,0.013169455341994762,0.49997591972351074,0.5000009536743164,0.4999755322933197,0.500016987323761
18446744073709551615,693,13.86,0.8185357451438904,0.06717133522033691,0.28877803683280945,0.013172043487429619,0.4999818205833435,0.4999932646751404,0.49998098611831665,0.500007152557373
18446744073709551615,694,13.88,0.8171921968460083,0.06717130541801453,0.2887735068798065,0.013174604624509811,0.49998918175697327,0.49998602271080017,0.49998801946640015,0.4999953508377075
18446744073709551615,695,13.9,0.815849244594574,0.06717219948768616,0.2887691259384155,0.013177161104977131,0.49999678134918213,0.49998030066490173,0.4999954104423523,0.4999835789203644
18446744073709551615,696,13.92,0.8145055770874023,0.06717383861541748,0.2887650430202484,0.013179723173379898,0.5000032186508179,0.49997687339782715,0.5000019073486328,0.49997374415397644
18446744073709551615,697,13.94,0.8131614327430725,0.06717582046985626,0.2887605130672455,0.013182288035750389,0.5000075697898865,0.49997612833976746,0.500006377696991,0.4999673366546631
18446744073709551615,698,13.96,0.8118187189102173,0.06717795133590698,0.28875622153282166,0.013184833340346813,0.5000091195106506,0.49997785687446594,0.5000082850456238,0.49996528029441833
18446744073709551615,699,13.98,0.8104750514030457,0.06717988848686218,0.28875216841697693,0.013187320902943611,0.5000077486038208,0.4999815821647644,0.5000073313713074,0.49996763467788696
18446744073709551615,700,14.0,0.8091312050819397,0.0671813040971756,0.2887476682662964,0.013189716264605522,0.5000038146972656,0.49998632073402405,0.5000038146972656,0.4999736547470093
18446744073709551615,701,14.02,0.8077874183654785,0.0671820417046547,0.28874343633651733,0.013191989623010159,0.49999818205833435,0.4999910593032837,0.49999862909317017,0.49998199939727783
18446744073709551615,702,14.040000000000001,0.8064440488815308,0.06718206405639648,0.2887393832206726,0.01319410465657711,0.4999920129776001,0.4999947249889374,0.4999927282333374,0.49999096989631653
18446744073709551615,703,14.06,0.8051005005836487,0.06718140095472336,0.28873497247695923,0.013196058571338654,0.499986469745636,0.499996542930603,0.49998727440834045,0.4999987483024597
18446744073709551615,704,14.08,0.803756058216095,0.0671803429722786,0.28873077034950256,0.013197854161262512,0.4999825954437256,0.4999960660934448,0.4999833405017853,0.5000037550926208
18446744073709551615,705,14.1,0.8024131059646606,0.06717954576015472,0.28872665762901306,0.013199505396187305,0.499981164932251,0.499993234872818,0.4999816417694092,0.5000050663948059
18446744073709551615,706,14.120000000000001,0.8010697364807129,0.06717892736196518,0.28872230648994446,0.01320104580372572,0.4999823570251465,0.49998846650123596,0.4999825060367584,0.5000023245811462
18446744073709551615,707,14.14,0.7997255325317383,0.067178875207901,0.28871938586235046,0.013202511705458164,0.49998605251312256,0.4999825060367584,0.4999857544898987,0.49999600648880005
18446744073709551615,708,14.16,0.7983821630477905,0.06717951595783234,0.288716584444046,0.013203933835029602,0.4999915063381195,0.4999763071537018,0.499990850687027,0.4999872148036957
18446744073709551615,709,14.18,0.7970390319824219,0.06718093901872635,0.2887136936187744,0.013205344788730145,0.4999978244304657,0.4999709129333496,0.4999969005584717,0.4999774992465973
18446744073709551615,710,14.200000000000001,0.7956950068473816,0.06718292832374573,0.2887110114097595,0.013206763193011284,0.5000038743019104,0.499967098236084,0.5000028610229492,0.4999684989452362
18446744073709551615,711,14.22,0.7943509221076965,0.06718555837869644,0.28870803117752075,0.01320818904787302,0.5000086426734924,0.49996545910835266,0.5000076293945312,0.4999617040157318
18446744073709551615,712,14.24,0.7930076122283936,0.06718849390745163,0.2887051999568939,0.013209616765379906,0.5000113844871521,0.4999661445617676,0.5000104904174805,0.4999581575393677
18446744073709551615,713,14.26,0.7916639447212219,0.0671912133693695,0.2887025475502014,0.013211026787757874,0.5000115633010864,0.49996882677078247,0.5000110268592834,0.499958336353302
18446744073709551615,714,14.280000000000001,0.7903198599815369,0.06719359010457993,0.28869953751564026,0.013212389312684536,0.500009298324585,0.499972939491272,0.5000092387199402,0.4999619722366333
18446744073709551615,715,14.3,0.7889757752418518,0.06719551980495453,0.2886967658996582,0.01321367546916008,0.5000051856040955,0.49997761845588684,0.5000054836273193,0.4999682903289795
18446744073709551615,716,14.32,0.7876323461532593,0.06719688326120377,0.28869396448135376,0.013214861042797565,0.49999991059303284,0.49998190999031067,0.5000005960464478,0.4999760091304779
18446744073709551615,717,14.34,0.786288321018219,0.06719760596752167,0.2886910140514374,0.013215928338468075,0.49999457597732544,0.499985009431839,0.49999549984931946,0.49998369812965393
18446744073709551615,718,14.36,0.7849435806274414,0.06719774752855301,0.2886883020401001,0.013216879218816757,0.49999016523361206,0.49998632073402405,0.49999114871025085,0.4999898672103882
18446744073709551615,719,14.38,0.783600389957428,0.06719771772623062,0.2886853516101837,0.013217722997069359,0.4999874532222748,0.49998560547828674,0.4999883472919464,0.49999338388442993
18446744073709551615,720,14.4,0.7822564244270325,0.06719779223203659,0.2886824607849121,0.013218468986451626,0.4999869465827942,0.49998295307159424,0.49998757243156433,0.4999936819076538
18446744073709551615,721,14.42,0.7809120416641235,0.06719811260700226,0.28867974877357483,0.013219158165156841,0.4999886751174927,0.4999788999557495,0.49998897314071655,0.49999064207077026
18446744073709551615,722,14.44,0.7795684337615967,0.06719902157783508,0.2886766791343689,0.01321981567889452,0.49999234080314636,0.4999740719795227,0.499992311000824,0.4999849200248718
18446744073709551615,723,14.46,0.7782244682312012,0.06720045208930969,0.28867387771606445,0.013220473192632198,0.4999972879886627,0.49996939301490784,0.4999969005584717,0.4999774396419525
18446744073709551615,724,14.48,0.7768803834915161,0.06720242649316788,0.28867095708847046,0.013221154920756817,0.5000025629997253,0.4999655783176422,0.5000019669532776,0.49996957182884216
18446744073709551615,725,14.5,0.7755357027053833,0.06720487028360367,0.2886679768562317,0.013221869245171547,0.5000072717666626,0.49996328353881836,0.5000066161155701,0.4999626874923706
18446744073709551615,726,14.52,0.7741920351982117,0.06720774620771408,0.2886665463447571,0.013222604990005493,0.50001060962677,0.49996280670166016,0.5000100135803223,0.4999579191207886
18446744073709551615,727,14.540000000000001,0.7728482484817505,0.06721073389053345,0.2886648178100586,0.013223359361290932,0.5000121593475342,0.49996417760849,0.5000117421150208,0.4999561607837677
18446744073709551615,728,14.56,0.7715035080909729,0.06721357256174088,0.2886632978916168,0.013224108144640923,0.5000116229057312,0.499967098236084,0.5000114440917969,0.4999575614929199
18446744073709551615,729,14.58,0.7701590657234192,0.06721609830856323,0.28866180777549744,0.01322482991963625,0.5000091791152954,0.4999710023403168,0.500009298324585,0.49996182322502136
18446744073709551615,730,14.6,0.7688152194023132,0.06721822917461395,0.28866010904312134,0.013225496746599674,0.5000053644180298,0.49997517466545105,0.5000057816505432,0.49996811151504517
18446744073709551615,731,14.620000000000001,0.7674705982208252,0.06721970438957214,0.28865864872932434,0.013226095587015152,0.5000008940696716,0.4999788701534271,0.5000014901161194,0.4999752342700958
18446744073709551615,732,14.64,0.7661256790161133,0.06722069531679153,0.28865694999694824,0.013226615265011787,0.4999966025352478,0.49998143315315247,0.4999973177909851,0.4999818801879883
18446744073709551615,733,14.66,0.7647817730903625,0.06722128391265869,0.2886553406715393,0.01322705578058958,0.499993234872818,0.4999825060367584,0.4999939501285553,0.499986857175827
18446744073709551615,734,14.68,0.7634374499320984,0.06722172349691391,0.28865382075309753,0.013227430172264576,0.49999138712882996,0.49998190999031067,0.4999919831752777,0.4999893605709076
18446744073709551615,735,14.700000000000001,0.7620928287506104,0.06722225993871689,0.2886520326137543,0.013227762654423714,0.4999913275241852,0.49997982382774353,0.499991774559021,0.49998903274536133
18446744073709551615,736,14.72,0.7607482075691223,0.06722304970026016,0.2886504828929901,0.013228069059550762,0.49999308586120605,0.4999767243862152,0.49999329447746277,0.49998602271080017
18446744073709551615,737,14.74,0.7594040632247925,0.0672241747379303,0.288648784160614,0.01322837546467781,0.49999627470970154,0.4999731779098511,0.49999624490737915,0.49998101592063904
18446744073709551615,738,14.76,0.758059561252594,0.06722582131624222,0.2886470556259155,0.013228708878159523,0.5000002980232239,0.4999698996543884,0.5000000596046448,0.49997496604919434
18446744073709551615,739,14.780000000000001,0.7567142248153687,0.0672280490398407,0.28864553570747375,0.013229073025286198,0.5000044703483582,0.4999675154685974,0.5000039935112,0.4999690055847168
18446744073709551615,740,14.8,0.7553703784942627,0.06723059713840485,0.28864362835884094,0.013229478150606155,0.5000079274177551,0.49996641278266907,0.5000075101852417,0.49996426701545715
18446744073709551615,741,14.82,0.7540258169174194,0.06723327934741974,0.2886419892311096,0.013229920528829098,0.5000101923942566,0.4999668002128601,0.5000097751617432,0.4999615550041199
18446744073709551615,742,14.84,0.7526806592941284,0.06723584979772568,0.28864026069641113,0.013230382464826107,0.5000108480453491,0.49996864795684814,0.5000105500221252,0.49996131658554077
18446744073709551615,743,14.86,0.7513361573219299,0.06723839789628983,0.2886384427547455,0.013230844400823116,0.5000098347663879,0.49997156858444214,0.5000096559524536,0.49996355175971985
18446744073709551615,744,14.88,0.7499914765357971,0.06724053621292114,0.28863686323165894,0.013231289573013783,0.5000073313713074,0.4999750852584839,0.5000074505805969,0.4999678134918213
18446744073709551615,745,14.9,0.74864661693573,0.06724215298891068,0.2886350154876709,0.013231690041720867,0.5000039339065552,0.49997851252555847,0.5000041723251343,0.499973326921463
18446744073709551615,746,14.92,0.7473011612892151,0.0672433152794838,0.28863468766212463,0.013232038356363773,0.5000002384185791,0.4999813139438629,0.5000006556510925,0.49997907876968384
18446744073709551615,747,14.94,0.7459567189216614,0.06724417209625244,0.288634330034256,0.013232333585619926,0.49999696016311646,0.4999830424785614,0.4999973773956299,0.49998414516448975
18446744073709551615,748,14.96,0.7446121573448181,0.06724473834037781,0.288633793592453,0.013232576660811901,0.499994695186615,0.4999834895133972,0.49999502301216125,0.4999876916408539
18446744073709551615,749,14.98,0.7432666420936584,0.06724533438682556,0.2886335253715515,0.013232781551778316,0.49999380111694336,0.49998265504837036,0.4999939799308777,0.49998921155929565
18446744073709551615,750,15.0,0.7419219017028809,0.06724605709314346,0.28863289952278137,0.013232952915132046,0.4999944269657135,0.4999808073043823,0.4999943971633911,0.49998849630355835
18446744073709551615,751,15.02,0.7405774593353271,0.06724698841571808,0.28863245248794556,0.013233119621872902,0.4999963343143463,0.49997836351394653,0.499996155500412,0.49998587369918823
18446744073709551615,752,15.040000000000001,0.7392319440841675,0.06724818795919418,0.28863203525543213,0.013233296573162079,0.49999919533729553,0.49997591972351074,0.4999988377094269,0.4999817907810211
18446744073709551615,753,15.06,0.7378868460655212,0.06724964827299118,0.2886314392089844,0.013233503326773643,0.5000024437904358,0.49997392296791077,0.5000019669532776,0.4999772012233734
18446744073709551615,754,15.08,0.7365424036979675,0.06725165247917175,0.28863105177879333,0.013233738020062447,0.5000054240226746,0.4999728500843048,0.5000048875808716,0.49997299909591675
18446744073709551615,755,15.1,0.735197126865387,0.06725385785102844,0.2886303961277008,0.013234004378318787,0.500007688999176,0.499972939491272,0.500007152557373,0.4999699890613556
18446744073709551615,756,15.120000000000001,0.7338514924049377,0.06725598126649857,0.2886298596858978,0.013234295882284641,0.5000087022781372,0.4999742805957794,0.5000083446502686,0.4999687969684601
18446744073709551615,757,15.14,0.7325068116188049,0.06725804507732391,0.288629412651062,0.013234595768153667,0.5000084042549133,0.49997660517692566,0.500008225440979,0.4999697208404541
18446744073709551615,758,15.16,0.7311617732048035,0.06725983321666718,0.2886286973953247,0.013234885409474373,0.5000067949295044,0.4999796152114868,0.5000067949295044,0.4999725818634033
18446744073709551615,759,15.18,0.7298163771629333,0.06726128607988358,0.2886282205581665,0.013235150836408138,0.500004231929779,0.4999828040599823,0.5000044107437134,0.4999769628047943
18446744073709551615,760,15.200000000000001,0.7284708619117737,0.06726239621639252,0.288627564907074,0.013235371559858322,0.5000011920928955,0.4999856650829315,0.5000014901161194,0.4999820590019226
18446744073709551615,761,15.22,0.7271260023117065,0.06726318597793579,0.28862693905830383,0.0132355447858572,0.49999821186065674,0.49998781085014343,0.4999985694885254,0.49998703598976135
18446744073709551615,762,15.24,0.725780725479126,0.06726369261741638,0.28862643241882324,0.013235668651759624,0.49999579787254333,0.49998897314071655,0.4999960958957672,0.4999910295009613
18446744073709551615,763,15.26,0.7244348526000977,0.06726408004760742,0.2886256277561188,0.013235745951533318,0.4999943673610687,0.49998897314071655,0.49999454617500305,0.4999934434890747
18446744073709551615,764,15.280000000000001,0.7230901718139648,0.06726425141096115,0.2886250913143158,0.013235791586339474,0.4999941289424896,0.49998798966407776,0.499994158744812,0.4999939203262329
18446744073709551615,765,15.3,0.7217450141906738,0.06726469844579697,0.2886243462562561,0.013235818594694138,0.49999508261680603,0.4999862313270569,0.4999949634075165,0.4999925196170807
18446744073709551615,766,15.32,0.7203989028930664,0.06726545840501785,0.2886236310005188,0.013235841877758503,0.4999970495700836,0.49998414516448975,0.49999675154685974,0.4999895989894867
18446744073709551615,767,15.34,0.7190542221069336,0.06726650148630142,0.28862306475639343,0.013235877268016338,0.49999961256980896,0.49998217821121216,0.49999919533729553,0.49998584389686584
18446744073709551615,768,15.36,0.7177090048789978,0.06726790964603424,0.2886221706867218,0.01323593407869339,0.5000022649765015,0.49998071789741516,0.5000017881393433,0.49998196959495544
18446744073709551615,769,15.38,0.7163630723953247,0.06726951152086258,0.2886215150356293,0.013236002996563911,0.5000045895576477,0.4999801218509674,0.5000041127204895,0.49997884035110474
18446744073709551615,770,15.4,0.7150179147720337,0.06727112829685211,0.2886207103729248,0.013236087746918201,0.5000060796737671,0.49998053908348083,0.5000056624412537,0.4999770224094391
18446744073709551615,771,15.42,0.7136725783348083,0.06727273762226105,0.28861987590789795,0.01323617622256279,0.5000064969062805,0.4999818801879883,0.5000061988830566,0.49997690320014954
18446744073709551615,772,15.44,0.7123270034790039,0.06727416068315506,0.2886192798614502,0.013236255384981632,0.500005841255188,0.4999839961528778,0.5000056624412537,0.4999784529209137
18446744073709551615,773,15.46,0.7109812498092651,0.06727534532546997,0.2886185348033905,0.013236314989626408,0.5000041723251343,0.49998652935028076,0.5000041723251343,0.49998146295547485
18446744073709551615,774,15.48,0.7096360921859741,0.06727632880210876,0.28861919045448303,0.0132363336160779,0.500001847743988,0.4999890625476837,0.5000019669532776,0.49998539686203003
18446744073709551615,775,15.5,0.7082905769348145,0.06727699935436249,0.2886197566986084,0.013236308470368385,0.4999993145465851,0.499991238117218,0.499999463558197,0.49998965859413147
18446744073709551615,776,15.52,0.7069445252418518,0.06727733463048935,0.288620263338089,0.013236235827207565,0.4999970495700836,0.4999927878379822,0.4999971389770508,0.49999353289604187
18446744073709551615,777,15.540000000000001,0.7055992484092712,0.06727755069732666,0.2886209785938263,0.01323611568659544,0.4999953508377075,0.4999935030937195,0.4999954402446747,0.4999964237213135
18446744073709551615,778,15.56,0.7042540907859802,0.06727756559848785,0.28862127661705017,0.013235955499112606,0.49999454617500305,0.49999338388442993,0.49999451637268066,0.49999797344207764
18446744073709551615,779,15.58,0.7029078602790833,0.06727765500545502,0.28862184286117554,0.013235763646662235,0.4999946653842926,0.49999260902404785,0.49999457597732544,0.49999794363975525
18446744073709551615,780,15.6,0.7015624642372131,0.06727785617113113,0.28862234950065613,0.01323555875569582,0.4999956786632538,0.49999144673347473,0.49999547004699707,0.49999651312828064
18446744073709551615,781,15.620000000000001,0.7002173662185669,0.06727816164493561,0.28862273693084717,0.013235347345471382,0.49999725818634033,0.4999901354312897,0.4999970495700836,0.4999941289424896
18446744073709551615,782,15.64,0.6988713145256042,0.06727875769138336,0.2886233627796173,0.013235143385827541,0.49999916553497314,0.4999891221523285,0.49999892711639404,0.4999912977218628
18446744073709551615,783,15.66,0.6975256204605103,0.06727960705757141,0.2886236310005188,0.013234946876764297,0.5000010132789612,0.4999886453151703,0.5000007748603821,0.49998873472213745
18446744073709551615,784,15.68,0.696180522441864,0.06728054583072662,0.288624107837677,0.013234756886959076,0.500002384185791,0.4999889135360718,0.5000022053718567,0.4999869465827942
18446744073709551615,785,15.700000000000001,0.6948345899581909,0.06728149205446243,0.2886245548725128,0.013234574347734451,0.5000030398368835,0.49998992681503296,0.500002920627594,0.4999863803386688
18446744073709551615,786,15.72,0.693488597869873,0.0672823116183281,0.2886248826980591,0.013234381563961506,0.5000028014183044,0.49999165534973145,0.5000028014183044,0.4999871850013733
18446744073709551615,787,15.74,0.6921434998512268,0.0672830119729042,0.2886253893375397,0.013234172947704792,0.5000017881393433,0.49999380111694336,0.5000019073486328,0.4999893307685852
18446744073709551615,788,15.76,0.6907975673675537,0.06728348135948181,0.28862565755844116,0.013233941048383713,0.5000001192092896,0.499996155500412,0.5000002980232239,0.4999924302101135
18446744073709551615,789,15.780000000000001,0.6894517540931702,0.06728357076644897,0.2886260449886322,0.013233663514256477,0.4999980628490448,0.4999983310699463,0.4999983310699463,0.49999597668647766
18446744073709551615,790,15.8,0.6881062984466553,0.06728348881006241,0.28862646222114563,0.01323335338383913,0.49999603629112244,0.5000000596046448,0.49999627470970154,0.499999463558197
18446744073709551615,791,15.82,0.6867605447769165,0.06728324294090271,0.28862670063972473,0.013232994824647903,0.49999427795410156,0.5000011920928955,0.49999454617500305,0.5000023245811462
18446744073709551615,792,15.84,0.6854148507118225,0.06728287041187286,0.28862714767456055,0.01323260273784399,0.4999931752681732,0.5000015497207642,0.49999335408210754,0.5000041723251343
18446744073709551615,793,15.860000000000001,0.6840691566467285,0.06728242337703705,0.28862738609313965,0.01323217898607254,0.49999281764030457,0.5000012516975403,0.49999287724494934,0.500004768371582
18446744073709551615,794,15.88,0.6827235817909241,0.0672820657491684,0.28862765431404114,0.013231730088591576,0.4999932646751404,0.5000004172325134,0.4999931752681732,0.5000041723251343
18446744073709551615,795,15.9,0.6813780665397644,0.06728188693523407,0.28862810134887695,0.013231266289949417,0.49999433755874634,0.49999934434890747,0.499994158744812,0.5000026822090149
18446744073709551615,796,15.92,0.6800323128700256,0.0672817975282669,0.2886281907558441,0.013230795040726662,0.4999958574771881,0.4999983012676239,0.4999955892562866,0.5000005960464478
18446744073709551615,797,15.94,0.6786868572235107,0.06728184223175049,0.28862854838371277,0.013230325654149055,0.49999746680259705,0.4999975562095642,0.49999716877937317,0.49999845027923584
18446744073709551615,798,15.96,0.6773413419723511,0.06728216260671616,0.28862878680229187,0.013229851610958576,0.49999889731407166,0.4999973773956299,0.499998539686203,0.4999966621398926
18446744073709551615,799,15.98,0.6759953498840332,0.06728231906890869,0.2886289656162262,0.013229378499090672,0.4999998211860657,0.4999977946281433,0.4999994933605194,0.49999570846557617
18446744073709551615,800,16.0,0.6746500134468079,0.06728251278400421,0.288629412651062,0.013228892348706722,0.5000000596046448,0.4999988079071045,0.49999985098838806,0.49999576807022095
18446744073709551615,801,16.02,0.6733043193817139,0.06728267669677734,0.288629412651062,0.013228388503193855,0.49999961256980896,0.5000003576278687,0.4999994933605194,0.4999968707561493
18446744073709551615,802,16.04,0.6719582676887512,0.06728266924619675,0.2886296808719635,0.013227860443294048,0.4999985098838806,0.5000021457672119,0.4999985098838806,0.49999892711639404
18446744073709551615,803,16.06,0.6706131100654602,0.06728234887123108,0.2886298894882202,0.01322729792445898,0.49999696016311646,0.5000039935112,0.4999970495700836,0.5000015497207642
18446744073709551615,804,16.080000000000002,0.6692672967910767,0.06728199124336243,0.2886299788951874,0.013226686976850033,0.49999523162841797,0.5000056028366089,0.4999953508377075,0.5000044107437134
18446744073709551615,805,16.1,0.6679211854934692,0.06728138029575348,0.28863030672073364,0.0132260387763381,0.49999359250068665,0.5000067949295044,0.4999937415122986,0.5000069737434387
18446744073709551615,806,16.12,0.6665762066841125,0.06728055328130722,0.28863030672073364,0.013225346803665161,0.499992311000824,0.5000074505805969,0.4999924898147583,0.5000089406967163
18446744073709551615,807,16.14,0.665230393409729,0.06727972626686096,0.28863048553466797,0.013224621303379536,0.49999159574508667,0.5000073909759521,0.4999917447566986,0.5000100135803223
18446744073709551615,808,16.16,0.6638842821121216,0.0672788918018341,0.2886306941509247,0.013223862275481224,0.4999915361404419,0.500006914138794,0.49999162554740906,0.500010073184967
18446744073709551615,809,16.18,0.6625394225120544,0.067278191447258,0.2886306941509247,0.013223078101873398,0.4999920725822449,0.5000060796737671,0.49999210238456726,0.500009298324585
18446744073709551615,810,16.2,0.6611937284469604,0.06727760285139084,0.2886309325695038,0.013222277164459229,0.49999311566352844,0.5000050663948059,0.49999305605888367,0.5000078082084656
18446744073709551615,811,16.22,0.6598476767539978,0.0672772005200386,0.28863096237182617,0.013221467845141888,0.4999944269657135,0.500004231929779,0.49999430775642395,0.5000060200691223
18446744073709551615,812,16.240000000000002,0.6585029363632202,0.06727689504623413,0.28863102197647095,0.01322065107524395,0.49999570846557617,0.5000037550926208,0.49999555945396423,0.5000042915344238
18446744073709551615,813,16.26,0.6571571826934814,0.06727665662765503,0.28863126039505005,0.013219835236668587,0.49999675154685974,0.5000036954879761,0.4999965727329254,0.5000029802322388
18446744073709551615,814,16.28,0.655811071395874,0.0672764703631401,0.2886311411857605,0.013219012878835201,0.4999972879886627,0.500004231929779,0.49999716877937317,0.500002384185791
18446744073709551615,815,16.3,0.6544663906097412,0.0672762542963028,0.28863126039505005,0.013218175619840622,0.49999722838401794,0.5000051856040955,0.49999722838401794,0.5000026822090149
18446744073709551615,816,16.32,0.6531205773353577,0.06727585196495056,0.2886313199996948,0.013217320665717125,0.4999966025352478,0.5000065565109253,0.49999669194221497,0.5000038146972656
18446744073709551615,817,16.34,0.6517746448516846,0.06727535277605057,0.28863129019737244,0.013216441497206688,0.49999549984931946,0.5000080466270447,0.49999570846557617,0.5000056624412537
18446744073709551615,818,16.36,0.650429904460907,0.0672745630145073,0.28863149881362915,0.013215532526373863,0.4999941289424896,0.5000094175338745,0.4999944269657135,0.5000078678131104
18446744073709551615,819,16.38,0.6490840911865234,0.06727368384599686,0.2886313796043396,0.013214590959250927,0.499992698431015,0.50001060962677,0.49999305605888367,0.5000101923942566
18446744073709551615,820,16.4,0.6477383971214294,0.06727268546819687,0.288631409406662,0.01321361493319273,0.49999144673347473,0.5000113248825073,0.4999918043613434,0.5000121593475342
18446744073709551615,821,16.42,0.6463935375213623,0.06727170199155807,0.28863152861595154,0.013212604448199272,0.4999905824661255,0.5000116229057312,0.49999091029167175,0.5000134706497192
18446744073709551615,822,16.44,0.6450477838516235,0.06727062165737152,0.2886313796043396,0.013211574405431747,0.49999019503593445,0.5000114440917969,0.49999046325683594,0.5000140070915222
18446744073709551615,823,16.46,0.6437022089958191,0.06726959347724915,0.28863146901130676,0.01321052759885788,0.4999903440475464,0.5000109076499939,0.4999905526638031,0.5000137090682983
18446744073709551615,824,16.48,0.6423572301864624,0.06726855784654617,0.288631409406662,0.01320947241038084,0.49999094009399414,0.5000101327896118,0.49999111890792847,0.5000127553939819
18446744073709551615,825,16.5,0.6410115957260132,0.0672675371170044,0.2886313498020172,0.013208409771323204,0.49999189376831055,0.500009298324585,0.4999920129776001,0.5000113248825073
18446744073709551615,826,16.52,0.6396661400794983,0.06726681441068649,0.28863152861595154,0.01320735178887844,0.4999929964542389,0.5000086426734924,0.49999305605888367,0.5000097751617432
18446744073709551615,827,16.54,0.6383211612701416,0.0672660693526268,0.28863126039505005,0.013206296600401402,0.4999939799308777,0.5000083446502686,0.4999940097332001,0.5000084042549133
18446744073709551615,828,16.56,0.6369756460189819,0.06726547330617905,0.28863126039505005,0.01320524699985981,0.4999947249889374,0.5000085234642029,0.4999947249889374,0.5000074505805969
18446744073709551615,829,16.580000000000002,0.635630190372467,0.0672648623585701,0.28863126039505005,0.013204200193285942,0.49999502301216125,0.5000090599060059,0.49999502301216125,0.5000072717666626
18446744073709551615,830,16.6,0.6342850923538208,0.06726428866386414,0.2886310815811157,0.013203156180679798,0.49999481439590454,0.5000100135803223,0.4999948740005493,0.5000077486038208
18446744073709551615,831,16.62,0.6329397559165955,0.06726351380348206,0.2886311411857605,0.013202104717493057,0.4999941289424896,0.500011146068573,0.49999427795410156,0.5000089406967163
18446744073709551615,832,16.64,0.6315943598747253,0.0672626867890358,0.28863102197647095,0.013201043009757996,0.49999314546585083,0.5000123977661133,0.49999332427978516,0.50001060962677
18446744073709551615,833,16.66,0.6302493810653687,0.06726164370775223,0.2886309027671814,0.01319996640086174,0.49999192357063293,0.5000134706497192,0.4999921917915344,0.5000125169754028
18446744073709551615,834,16.68,0.6289040446281433,0.06726039201021194,0.28863099217414856,0.013198873028159142,0.4999907910823822,0.5000143051147461,0.4999910593032837,0.5000143051147461
18446744073709551615,835,16.7,0.6275587677955627,0.06725912541151047,0.2886306941509247,0.013197763822972775,0.4999898374080658,0.5000147819519043,0.4999901354312897,0.5000156760215759
18446744073709551615,836,16.72,0.6262139081954956,0.06725780665874481,0.2886306643486023,0.013196643441915512,0.49998924136161804,0.5000148415565491,0.4999895393848419,0.5000165104866028
18446744073709551615,837,16.740000000000002,0.624868631362915,0.06725642830133438,0.2886306047439575,0.013195518404245377,0.4999890923500061,0.5000145435333252,0.4999893605709076,0.5000166893005371
18446744073709551615,838,16.76,0.623523473739624,0.06725519895553589,0.2886303961277008,0.013194392435252666,0.49998939037323,0.5000139474868774,0.4999896287918091,0.5000162124633789
18446744073709551615,839,16.78,0.6221784949302673,0.06725402921438217,0.2886303961277008,0.01319327112287283,0.4999900162220001,0.5000132918357849,0.49999019503593445,0.5000151991844177
18446744073709551615,840,16.8,0.6208333373069763,0.06725294142961502,0.2886302173137665,0.013192160055041313,0.499990850687027,0.5000126361846924,0.4999909996986389,0.5000139474868774
18446744073709551615,841,16.82,0.6194881796836853,0.06725187599658966,0.28863006830215454,0.013191062025725842,0.4999917447566986,0.500012218952179,0.49999186396598816,0.5000126957893372
18446744073709551615,842,16.84,0.6181433796882629,0.06725092232227325,0.2886301577091217,0.013189984485507011,0.4999924898147583,0.5000120997428894,0.49999260902404785,0.500011682510376
18446744073709551615,843,16.86,0.6167982816696167,0.06724994629621506,0.28862982988357544,0.013188911601901054,0.4999929368495941,0.5000122785568237,0.49999308586120605,0.500011146068573
18446744073709551615,844,16.88,0.6154531836509705,0.06724904477596283,0.2886297404766083,0.01318785548210144,0.4999930262565613,0.5000128746032715,0.4999932050704956,0.5000112056732178
18446744073709551615,845,16.9,0.6141083836555481,0.06724810600280762,0.2886297106742859,0.013186809606850147,0.4999927282333374,0.5000137090682983,0.4999929368495941,0.5000118613243103
18446744073709551615,846,16.92,0.6127632856369019,0.06724701821804047,0.2886294424533844,0.013185765594244003,0.4999920725822449,0.5000147223472595,0.49999234080314636,0.500012993812561
18446744073709551615,847,16.94,0.6114183664321899,0.06724588572978973,0.288629412651062,0.013184727169573307,0.49999114871025085,0.5000157356262207,0.4999914765357971,0.5000143647193909
18446744073709551615,848,16.96,0.6100736260414124,0.06724461168050766,0.2886292636394501,0.013183683156967163,0.49999016523361206,0.5000165700912476,0.4999905228614807,0.5000158548355103
18446744073709551615,849,16.98,0.6087286472320557,0.06724318861961365,0.28862905502319336,0.013182641007006168,0.49998927116394043,0.5000171065330505,0.4999896287918091,0.5000172257423401
18446744073709551615,850,17.0,0.607383668422699,0.06724177300930023,0.28862908482551575,0.01318159606307745,0.4999886155128479,0.5000174045562744,0.49998894333839417,0.5000182390213013
18446744073709551615,851,17.02,0.6060390472412109,0.0672401487827301,0.28862881660461426,0.01318055484443903,0.49998828768730164,0.5000173449516296,0.4999885559082031,0.5000187158584595
18446744073709551615,852,17.04,0.604694128036499,0.06723856180906296,0.2886286973953247,0.013179522939026356,0.499988317489624,0.500016987323761,0.49998852610588074,0.5000186562538147
18446744073709551615,853,17.06,0.6033492684364319,0.06723718345165253,0.2886286973953247,0.013178505003452301,0.49998870491981506,0.500016450881958,0.4999888241291046,0.5000180602073669
18446744073709551615,854,17.080000000000002,0.6020047664642334,0.06723571568727493,0.28862836956977844,0.013177498243749142,0.4999893307685852,0.500015914440155,0.49998939037323,0.5000171661376953
18446744073709551615,855,17.1,0.600659966468811,0.0672343447804451,0.2886282801628113,0.013176511973142624,0.4999900758266449,0.5000154376029968,0.4999900758266449,0.5000160932540894
18446744073709551615,856,17.12,0.5993151068687439,0.0672331303358078,0.2886282205581665,0.013175549916923046,0.4999907612800598,0.500015139579773,0.4999907612800598,0.5000150799751282
18446744073709551615,857,17.14,0.5979709029197693,0.06723197549581528,0.288627952337265,0.013174619525671005,0.4999913275241852,0.5000150799751282,0.4999913275241852,0.5000143647193909
18446744073709551615,858,17.16,0.5966259837150574,0.06723080575466156,0.2886269688606262,0.013173708692193031,0.49999162554740906,0.500015377998352,0.49999165534973145,0.500014066696167
18446744073709551615,859,17.18,0.595281183719635,0.06722969561815262,0.2886253893375397,0.013172810897231102,0.4999915361404419,0.5000158548355103,0.49999165534973145,0.5000141859054565
18446744073709551615,860,17.2,0.5939370393753052,0.06722843647003174,0.28862378001213074,0.013171928003430367,0.49999111890792847,0.5000165104866028,0.4999912977218628,0.5000147819519043
18446744073709551615,861,17.22,0.592592179775238,0.06722709536552429,0.2886224091053009,0.013171054422855377,0.49999046325683594,0.5000172257423401,0.49999067187309265,0.5000155568122864
18446744073709551615,862,17.240000000000002,0.5912474393844604,0.06722570210695267,0.2886207401752472,0.013170191086828709,0.49998965859413147,0.5000177621841431,0.49998989701271057,0.5000165104866028
18446744073709551615,863,17.26,0.5899034142494202,0.06722422689199448,0.2886192202568054,0.013169335201382637,0.499988853931427,0.5000180006027222,0.4999891221523285,0.5000174045562744
18446744073709551615,864,17.28,0.5885587930679321,0.0672227069735527,0.2886178493499756,0.013168481178581715,0.49998828768730164,0.5000179409980774,0.49998849630355835,0.5000181198120117
18446744073709551615,865,17.3,0.5872140526771545,0.06722115725278854,0.2886161208152771,0.013167631812393665,0.49998798966407776,0.500017523765564,0.4999881386756897,0.5000184178352356
18446744073709551615,866,17.32,0.5858702659606934,0.06721962988376617,0.2886146605014801,0.013166788965463638,0.4999880790710449,0.5000168085098267,0.4999881386756897,0.500018298625946
18446744073709551615,867,17.34,0.584525465965271,0.06721808016300201,0.2886131703853607,0.013165957294404507,0.49998849630355835,0.5000158548355103,0.49998846650123596,0.5000177621841431
18446744073709551615,868,17.36,0.5831810235977173,0.06721682846546173,0.288611501455307,0.013165141455829144,0.49998921155929565,0.5000149011611938,0.4999890625476837,0.5000167489051819
18446744073709551615,869,17.38,0.5818372368812561,0.06721562147140503,0.2886100709438324,0.013164347037672997,0.4999900460243225,0.5000140070915222,0.4999898374080658,0.5000154376029968
18446744073709551615,870,17.400000000000002,0.5804925560951233,0.06721432507038116,0.28860849142074585,0.013163573108613491,0.49999091029167175,0.5000132322311401,0.4999906122684479,0.5000141263008118
18446744073709551615,871,17.42,0.5791481733322144,0.06721329689025879,0.2886069118976593,0.013162818737328053,0.49999159574508667,0.5000127553939819,0.4999913275241852,0.5000129342079163
18446744073709551615,872,17.44,0.577804446220398,0.06721238791942596,0.28860557079315186,0.013162083923816681,0.4999920427799225,0.5000125765800476,0.49999183416366577,0.5000119805335999
18446744073709551615,873,17.46,0.5764597654342651,0.06721141189336777,0.28860390186309814,0.013161370530724525,0.4999921917915344,0.5000126957893372,0.4999920129776001,0.5000115036964417
18446744073709551615,874,17.48,0.5751155018806458,0.06721050292253494,0.288602352142334,0.013160674832761288,0.4999919831752777,0.500012993812561,0.49999189376831055,0.5000115633010864
18446744073709551615,875,17.5,0.5737718939781189,0.06720946729183197,0.28860101103782654,0.01316000148653984,0.4999915063381195,0.5000134110450745,0.4999914765357971,0.5000120401382446
18446744073709551615,876,17.52,0.5724272131919861,0.06720836460590363,0.28859928250312805,0.013159333728253841,0.499990850687027,0.5000138282775879,0.499990850687027,0.5000128149986267
18446744073709551615,877,17.54,0.571083128452301,0.0672072097659111,0.28859782218933105,0.013158673420548439,0.4999901056289673,0.500014066696167,0.49999019503593445,0.5000137090682983
18446744073709551615,878,17.56,0.5697393417358398,0.06720593571662903,0.28859642148017883,0.013158019632101059,0.49998944997787476,0.5000141859054565,0.4999895691871643,0.5000145435333252
18446744073709551615,879,17.580000000000002,0.5683947205543518,0.06720468401908875,0.2885947525501251,0.013157372362911701,0.49998897314071655,0.5000140070915222,0.4999891221523285,0.5000150799751282
18446744073709551615,880,17.6,0.5670506954193115,0.06720339506864548,0.2885933220386505,0.01315673254430294,0.4999887943267822,0.5000135898590088,0.49998894333839417,0.5000151991844177
18446744073709551615,881,17.62,0.5657072067260742,0.06720216572284698,0.28859183192253113,0.013156113214790821,0.4999888837337494,0.5000129342079163,0.49998903274536133,0.5000148415565491
18446744073709551615,882,17.64,0.5643625259399414,0.06720100343227386,0.2885902523994446,0.013155513443052769,0.49998927116394043,0.5000121593475342,0.49998939037323,0.500014066696167
18446744073709551615,883,17.66,0.5630186796188354,0.0671999603509903,0.28858888149261475,0.013154931366443634,0.4999898672103882,0.5000113844871521,0.49998995661735535,0.5000128746032715
18446744073709551615,884,17.68,0.5616752505302429,0.06719890981912613,0.2885872721672058,0.013154382817447186,0.4999905824661255,0.5000106692314148,0.49999064207077026,0.5000116229057312
18446744073709551615,885,17.7,0.5603306293487549,0.06719791889190674,0.28858572244644165,0.013153866864740849,0.499991238117218,0.5000101923942566,0.4999912977218628,0.5000103712081909
18446744073709551615,886,17.72,0.5589867830276489,0.06719714403152466,0.288584440946579,0.013153381645679474,0.499991774559021,0.5000098943710327,0.49999186396598816,0.5000093579292297
18446744073709551615,887,17.740000000000002,0.5576435327529907,0.06719634681940079,0.28858280181884766,0.013152928091585636,0.4999920725822449,0.5000098347663879,0.4999921917915344,0.5000087022781372
18446744073709551615,888,17.76,0.5562987923622131,0.06719549000263214,0.28858131170272827,0.013152504339814186,0.49999213218688965,0.5000100135803223,0.4999922215938568,0.5000085830688477
18446744073709551615,889,17.78,0.5549550652503967,0.06719460338354111,0.288580060005188,0.013152101077139378,0.49999186396598816,0.5000104308128357,0.4999920129776001,0.5000088214874268
18446744073709551615,890,17.8,0.5536117553710938,0.06719369441270828,0.2885783910751343,0.013151719234883785,0.49999141693115234,0.5000108480453491,0.49999159574508667,0.5000094771385193
18446744073709551615,891,17.82,0.5522670745849609,0.0671926960349083,0.2885769307613373,0.013151356019079685,0.499990850687027,0.5000112056732178,0.4999910593032837,0.5000103712081909
18446744073709551615,892,17.84,0.5509235858917236,0.06719157099723816,0.2885756194591522,0.013151012361049652,0.4999902844429016,0.5000114440917969,0.4999904930591583,0.5000112056732178
18446744073709551615,893,17.86,0.5495802164077759,0.06719056516885757,0.2885740101337433,0.01315068919211626,0.499989777803421,0.5000115036964417,0.4999900162220001,0.5000118613243103
18446744073709551615,894,17.88,0.5482355952262878,0.06718950718641281,0.28857260942459106,0.013150387443602085,0.49998950958251953,0.5000113248825073,0.49998971819877625,0.500012218952179
18446744073709551615,895,17.900000000000002,0.5468921661376953,0.06718836724758148,0.2885712683200836,0.013150105252861977,0.49998944997787476,0.5000109672546387,0.49998965859413147,0.5000120997428894
18446744073709551615,896,17.92,0.5455487966537476,0.06718739122152328,0.28856968879699707,0.013149842619895935,0.49998965859413147,0.5000104308128357,0.4999898374080658,0.5000116229057312
18446744073709551615,897,17.94,0.5442043542861938,0.06718651950359344,0.288568377494812,0.013149606995284557,0.4999900758266449,0.5000098347663879,0.49999022483825684,0.5000108480453491
18446744073709551615,898,17.96,0.5428609251976013,0.06718551367521286,0.2885669767856598,0.013149401172995567,0.49999064207077026,0.5000092387199402,0.4999907612800598,0.5000098347663879
18446744073709551615,899,17.98,0.5415175557136536,0.06718461215496063,0.2885654866695404,0.013149227946996689,0.499991238117218,0.500008761882782,0.4999913275241852,0.500008761882782
18446744073709551615,900,18.0,0.540173351764679,0.0671837329864502,0.28856420516967773,0.013149088248610497,0.499991774559021,0.5000084638595581,0.49999183416366577,0.5000078678131104
18446744073709551615,901,18.02,0.5388299226760864,0.06718297302722931,0.28856274485588074,0.013148977421224117,0.49999216198921204,0.5000083446502686,0.4999922513961792,0.5000072717666626
18446744073709551615,902,18.04,0.5374864935874939,0.06718231737613678,0.28856131434440613,0.013148896396160126,0.499992311000824,0.5000084042549133,0.4999924302101135,0.5000069737434387
18446744073709551615,903,18.06,0.5361424684524536,0.06718172132968903,0.28856006264686584,0.013148839585483074,0.4999922513961792,0.5000087022781372,0.49999237060546875,0.500007152557373
18446744073709551615,904,18.080000000000002,0.5347989797592163,0.0671808123588562,0.28855860233306885,0.013148803263902664,0.4999919831752777,0.5000090599060059,0.49999213218688965,0.5000075697898865
18446744073709551615,905,18.1,0.5334555506706238,0.06717996299266815,0.288557231426239,0.013148787431418896,0.49999159574508667,0.5000094175338745,0.4999917149543762,0.5000081658363342
18446744073709551615,906,18.12,0.5321117043495178,0.06717919558286667,0.2885560691356659,0.013148793950676918,0.49999114871025085,0.5000097751617432,0.49999120831489563,0.5000088810920715
18446744073709551615,907,18.14,0.5307681560516357,0.06717821955680847,0.2885545492172241,0.013148807920515537,0.49999070167541504,0.5000098943710327,0.4999907612800598,0.5000094771385193
18446744073709551615,908,18.16,0.5294246673583984,0.06717734038829803,0.2885532081127167,0.013148842379450798,0.4999903738498688,0.5000098943710327,0.49999043345451355,0.5000098943710327
18446744073709551615,909,18.18,0.5280811190605164,0.06717638671398163,0.28855210542678833,0.013148888014256954,0.49999022483825684,0.5000096559524536,0.4999902844429016,0.500010073184967
18446744073709551615,910,18.2,0.526737630367279,0.06717541813850403,0.28855055570602417,0.013148952275514603,0.4999902844429016,0.500009298324585,0.499990314245224,0.5000098943710327
18446744073709551615,911,18.22,0.5253939628601074,0.06717444956302643,0.2885492742061615,0.013149028643965721,0.4999905526638031,0.5000088214874268,0.4999905824661255,0.5000094175338745
18446744073709551615,912,18.240000000000002,0.5240507125854492,0.06717361509799957,0.28854814171791077,0.01314912736415863,0.49999096989631653,0.5000083446502686,0.49999094009399414,0.500008761882782
18446744073709551615,913,18.26,0.5227071046829224,0.06717275083065033,0.28854668140411377,0.013149247504770756,0.4999914765357971,0.5000078678131104,0.49999141693115234,0.5000079274177551
18446744073709551615,914,18.28,0.5213634967803955,0.06717213243246078,0.2885454297065735,0.013149389065802097,0.4999919831752777,0.5000075101852417,0.49999189376831055,0.500007152557373
18446744073709551615,915,18.3,0.5200204253196716,0.06717134267091751,0.28854426741600037,0.013149549253284931,0.49999237060546875,0.5000073313713074,0.499992311000824,0.5000065565109253
18446744073709551615,916,18.32,0.5186768174171448,0.06717061996459961,0.28854286670684814,0.01314972061663866,0.49999263882637024,0.5000073313713074,0.49999257922172546,0.5000061988830566
18446744073709551615,917,18.34,0.5173331499099731,0.06716997921466827,0.28854167461395264,0.013149911537766457,0.499992698431015,0.5000074505805969,0.4999926686286926,0.5000061392784119
18446744073709551615,918,18.36,0.5159903168678284,0.0671692043542862,0.2885405123233795,0.01315010990947485,0.49999257922172546,0.500007688999176,0.49999257922172546,0.5000063180923462
18446744073709551615,919,18.38,0.514646589756012,0.06716842949390411,0.2885391414165497,0.013150314800441265,0.499992311000824,0.5000079870223999,0.49999234080314636,0.5000067353248596
18446744073709551615,920,18.400000000000002,0.5133028626441956,0.06716779619455338,0.28853800892829895,0.013150526210665703,0.4999919831752777,0.500008225440979,0.4999920129776001,0.5000072717666626
18446744073709551615,921,18.42,0.5119603276252747,0.06716695427894592,0.28853681683540344,0.01315073762089014,0.49999159574508667,0.5000084638595581,0.49999165534973145,0.5000078678131104
18446744073709551615,922,18.44,0.5106165409088135,0.06716609746217728,0.288535475730896,0.013150949031114578,0.4999912977218628,0.5000085234642029,0.4999913275241852,0.5000083446502686
18446744073709551615,923,18.46,0.5092728137969971,0.06716527789831161,0.2885344326496124,0.013151162303984165,0.49999114871025085,0.5000084638595581,0.49999111890792847,0.5000086426734924
18446744073709551615,924,18.48,0.5079302787780762,0.06716445088386536,0.28853315114974976,0.013151374645531178,0.4999910891056061,0.500008225440979,0.4999910295009613,0.5000086426734924
18446744073709551615,925,18.5,0.5065866112709045,0.0671636164188385,0.2885318994522095,0.013151588849723339,0.499991238117218,0.5000078678131104,0.49999111890792847,0.5000084042549133
18446744073709551615,926,18.52,0.5052430033683777,0.06716293096542358,0.2885308563709259,0.013151805847883224,0.4999915063381195,0.5000074505805969,0.49999135732650757,0.5000079870223999
18446744073709551615,927,18.54,0.5039004683494568,0.06716227531433105,0.28852957487106323,0.013152026571333408,0.49999189376831055,0.5000070929527283,0.49999168515205383,0.5000073909759521
18446744073709551615,928,18.56,0.5025568604469299,0.06716150790452957,0.2885283827781677,0.013152248226106167,0.4999922811985016,0.5000067353248596,0.4999920725822449,0.5000067949295044
18446744073709551615,929,18.580000000000002,0.5012133717536926,0.06716086715459824,0.28852739930152893,0.013152474537491798,0.49999263882637024,0.5000064373016357,0.4999924302101135,0.5000061988830566
18446744073709551615,930,18.6,0.4998706877231598,0.06716029345989227,0.2885260283946991,0.013152698054909706,0.49999290704727173,0.5000063180923462,0.4999927282333374,0.5000057816505432
18446744073709551615,931,18.62,0.49852728843688965,0.06715981662273407,0.288524866104126,0.013152923434972763,0.49999305605888367,0.5000063180923462,0.49999290704727173,0.5000056028366089
18446744073709551615,932,18.64,0.4971838593482971,0.06715930253267288,0.2885238826274872,0.013153146021068096,0.49999305605888367,0.5000064373016357,0.49999290704727173,0.5000056028366089
18446744073709551615,933,18.66,0.49584102630615234,0.06715865433216095,0.28852254152297974,0.013153365813195705,0.49999290704727173,0.5000066757202148,0.49999281764030457,0.500005841255188
18446744073709551615,934,18.68,0.49449777603149414,0.0671580508351326,0.2885214686393738,0.013153575360774994,0.4999926686286926,0.5000068545341492,0.49999257922172546,0.5000061988830566
18446744073709551615,935,18.7,0.49315449595451355,0.06715723872184753,0.2885203957557678,0.013153774663805962,0.49999240040779114,0.5000070333480835,0.4999922811985016,0.5000066161155701
18446744073709551615,936,18.72,0.4918115735054016,0.0671566054224968,0.28851914405822754,0.013153960928320885,0.49999210238456726,0.500007152557373,0.4999920129776001,0.5000070333480835
18446744073709551615,937,18.740000000000002,0.4904683232307434,0.06715591251850128,0.2885180711746216,0.013154137879610062,0.49999186396598816,0.500007152557373,0.4999918043613434,0.5000072717666626
18446744073709551615,938,18.76,0.48912513256073,0.06715521961450577,0.28851696848869324,0.013154302723705769,0.4999917447566986,0.5000069737434387,0.49999168515205383,0.5000073909759521
18446744073709551615,939,18.78,0.48778218030929565,0.06715451925992966,0.28851574659347534,0.013154453597962856,0.499991774559021,0.5000067353248596,0.49999165534973145,0.5000072717666626
18446744073709551615,940,18.8,0.486439049243927,0.06715384125709534,0.28851473331451416,0.013154598884284496,0.4999919533729553,0.500006377696991,0.4999918043613434,0.5000070333480835
18446744073709551615,941,18.82,0.4850959777832031,0.06715305149555206,0.28851354122161865,0.013154732994735241,0.4999922215938568,0.5000060200691223,0.4999920725822449,0.5000066161155701
18446744073709551615,942,18.84,0.48375287652015686,0.06715238094329834,0.28851237893104553,0.013154860585927963,0.4999925494194031,0.5000057220458984,0.49999237060546875,0.5000060796737671
18446744073709551615,943,18.86,0.48240989446640015,0.06715182960033417,0.2885114252567291,0.013154979795217514,0.49999290704727173,0.5000054240226746,0.4999926686286926,0.5000056028366089
18446744073709551615,944,18.88,0.4810669422149658,0.0671512559056282,0.28851014375686646,0.013155092485249043,0.4999931752681732,0.500005304813385,0.4999929368495941,0.5000052452087402
18446744073709551615,945,18.900000000000002,0.4797237515449524,0.06715083122253418,0.2885090410709381,0.013155195862054825,0.49999335408210754,0.5000052452087402,0.49999314546585083,0.5000049471855164
18446744073709551615,946,18.92,0.47838085889816284,0.06715042144060135,0.2885080575942993,0.013155288994312286,0.4999934136867523,0.500005304813385,0.499993234872818,0.5000048279762268
18446744073709551615,947,18.94,0.4770379960536957,0.06714986264705658,0.28850674629211426,0.01315536629408598,0.49999332427978516,0.5000054240226746,0.4999932050704956,0.5000048875808716
18446744073709551615,948,18.96,0.4756946861743927,0.0671493262052536,0.2885056734085083,0.013155433349311352,0.4999931752681732,0.5000055432319641,0.49999308586120605,0.5000051259994507
18446744073709551615,949,18.98,0.4743518829345703,0.06714878976345062,0.28850463032722473,0.013155481778085232,0.4999929368495941,0.5000057220458984,0.49999287724494934,0.5000054836273193
18446744073709551615,950,19.0,0.4730091094970703,0.06714829802513123,0.28850337862968445,0.013155516237020493,0.4999926686286926,0.500005841255188,0.49999260902404785,0.500005841255188
18446744073709551615,951,19.02,0.471665620803833,0.06714774668216705,0.2885023355484009,0.013155533000826836,0.4999924302101135,0.5000059008598328,0.49999240040779114,0.5000061392784119
18446744073709551615,952,19.04,0.47032296657562256,0.06714718043804169,0.28850123286247253,0.013155532069504261,0.4999922811985016,0.500005841255188,0.4999922513961792,0.5000063180923462
18446744073709551615,953,19.06,0.4689802825450897,0.06714652478694916,0.28850001096725464,0.013155512511730194,0.4999922215938568,0.5000056624412537,0.4999921917915344,0.500006377696991
18446744073709551615,954,19.080000000000002,0.46763670444488525,0.06714601069688797,0.28849902749061584,0.013155478984117508,0.4999922811985016,0.5000054240226746,0.4999922215938568,0.5000062584877014
18446744073709551615,955,19.1,0.46629413962364197,0.06714537739753723,0.28849777579307556,0.013155433349311352,0.4999924600124359,0.5000051856040955,0.49999237060546875,0.5000059604644775
18446744073709551615,956,19.12,0.46495163440704346,0.06714484840631485,0.28849661350250244,0.013155375607311726,0.4999927282333374,0.5000048875808716,0.49999257922172546,0.5000056028366089
18446744073709551615,957,19.14,0.46360790729522705,0.06714419275522232,0.2884956896305084,0.013155307620763779,0.4999929964542389,0.5000046491622925,0.49999281764030457,0.5000051856040955
18446744073709551615,958,19.16,0.4622655212879181,0.06714371591806412,0.28849437832832336,0.013155232183635235,0.499993234872818,0.5000044703483582,0.49999308586120605,0.500004768371582
18446744073709551615,959,19.18,0.46092307567596436,0.06714332848787308,0.28849324584007263,0.013155144639313221,0.4999934136867523,0.5000043511390686,0.4999932646751404,0.5000044107437134
18446744073709551615,960,19.2,0.4595794975757599,0.06714283674955368,0.28849226236343384,0.013155044056475163,0.49999356269836426,0.5000043511390686,0.49999338388442993,0.5000041723251343
18446744073709551615,961,19.22,0.4582369327545166,0.06714235991239548,0.28849098086357117,0.013154937885701656,0.49999353289604187,0.5000044107437134,0.4999934434890747,0.5000041723251343
18446744073709551615,962,19.240000000000002,0.45689430832862854,0.06714186817407608,0.2884898781776428,0.013154814019799232,0.4999934136867523,0.5000045299530029,0.49999338388442993,0.5000042915344238
18446744073709551615,963,19.26,0.4555511772632599,0.06714130192995071,0.28848880529403687,0.013154679909348488,0.499993234872818,0.5000046491622925,0.4999932646751404,0.5000045299530029
18446744073709551615,964,19.28,0.45420852303504944,0.06714082509279251,0.2884875237941742,0.0131545290350914,0.4999930262565613,0.500004768371582,0.49999308586120605,0.500004768371582
18446744073709551615,965,19.3,0.45286574959754944,0.06714025139808655,0.2884864807128906,0.013154363259673119,0.4999927878379822,0.5000048279762268,0.49999287724494934,0.5000050663948059
18446744073709551615,966,19.32,0.4515230059623718,0.0671396479010582,0.2884853184223175,0.013154185377061367,0.49999260902404785,0.5000048875808716,0.499992698431015,0.5000052452087402
18446744073709551615,967,19.34,0.4501800835132599,0.06713900715112686,0.2884840667247772,0.01315399631857872,0.4999925196170807,0.5000048279762268,0.49999260902404785,0.5000053644180298
18446744073709551615,968,19.36,0.4488372206687927,0.0671384185552597,0.2884830832481384,0.013153794221580029,0.4999925196170807,0.5000046491622925,0.49999257922172546,0.500005304813385
18446744073709551615,969,19.38,0.4474948048591614,0.06713782250881195,0.28848183155059814,0.01315358467400074,0.49999260902404785,0.5000044703483582,0.4999926686286926,0.5000051259994507
18446744073709551615,970,19.400000000000002,0.4461517632007599,0.06713726371526718,0.28848063945770264,0.013153365813195705,0.4999927580356598,0.500004231929779,0.49999281764030457,0.5000048279762268
18446744073709551615,971,19.42,0.444808691740036,0.06713679432868958,0.28847968578338623,0.013153140433132648,0.4999929666519165,0.5000040531158447,0.4999929964542389,0.5000044703483582
18446744073709551615,972,19.44,0.44346678256988525,0.0671362355351448,0.288478285074234,0.013152905739843845,0.4999931752681732,0.5000038743019104,0.4999932050704956,0.5000041723251343
18446744073709551615,973,19.46,0.44212356209754944,0.06713572889566422,0.2884771525859833,0.013152669183909893,0.49999335408210754,0.5000037550926208,0.49999338388442993,0.5000038146972656
18446744073709551615,974,19.48,0.44078055024147034,0.06713523715734482,0.2884761095046997,0.013152431696653366,0.49999353289604187,0.5000037550926208,0.4999935030937195,0.5000036358833313
18446744073709551615,975,19.5,0.43943870067596436,0.06713475286960602,0.28847476840019226,0.013152184896171093,0.49999356269836426,0.5000038146972656,0.49999356269836426,0.5000035166740417
18446744073709551615,976,19.52,0.4380955100059509,0.06713423132896423,0.2884736657142639,0.013151935301721096,0.49999353289604187,0.5000039339065552,0.49999356269836426,0.5000035762786865
18446744073709551615,977,19.54,0.436752587556839,0.06713372468948364,0.2884725332260132,0.013151677325367928,0.4999934434890747,0.5000040531158447,0.4999934732913971,0.5000037550926208
18446744073709551615,978,19.56,0.4354104697704315,0.06713318079710007,0.2884712219238281,0.01315141562372446,0.49999329447746277,0.5000041723251343,0.49999332427978516,0.5000039339065552
18446744073709551615,979,19.580000000000002,0.43406763672828674,0.06713263690471649,0.28847014904022217,0.013151148334145546,0.49999311566352844,0.5000042915344238,0.4999931752681732,0.500004231929779
18446744073709551615,980,19.6,0.4327247142791748,0.06713221967220306,0.28846898674964905,0.013150873593986034,0.4999929964542389,0.5000043511390686,0.4999930262565613,0.5000045299530029
18446744073709551615,981,19.62,0.43138235807418823,0.0671316534280777,0.28846773505210876,0.013150590471923351,0.49999287724494934,0.5000043511390686,0.49999290704727173,0.5000046491622925
18446744073709551615,982,19.64,0.43003979325294495,0.06713124364614487,0.2884666919708252,0.013150302693247795,0.49999281764030457,0.5000042915344238,0.49999284744262695,0.5000047087669373
18446744073709551615,983,19.66,0.4286969006061554,0.06713072210550308,0.2884654104709625,0.01315001305192709,0.49999281764030457,0.5000041723251343,0.49999284744262695,0.5000045895576477
18446744073709551615,984,19.68,0.4273544251918793,0.0671302005648613,0.28846418857574463,0.013149718753993511,0.49999290704727173,0.5000040531158447,0.4999929368495941,0.5000044107437134
18446744073709551615,985,19.7,0.4260121285915375,0.06712967157363892,0.28846317529678345,0.013149425387382507,0.4999929964542389,0.5000038743019104,0.49999308586120605,0.5000041127204895
18446744073709551615,986,19.72,0.42466920614242554,0.0671292245388031,0.288461834192276,0.01314912922680378,0.4999931752681732,0.5000036954879761,0.499993234872818,0.5000038743019104
18446744073709551615,987,19.740000000000002,0.4233265817165375,0.06712882220745087,0.2884606420993805,0.013148835860192776,0.49999332427978516,0.5000036358833313,0.4999934136867523,0.5000035762786865
18446744073709551615,988,19.76,0.42198431491851807,0.06712834537029266,0.2884596586227417,0.013148540630936623,0.4999934434890747,0.5000035762786865,0.49999353289604187,0.5000033974647522
18446744073709551615,989,19.78,0.4206417202949524,0.06712796539068222,0.28845828771591187,0.013148248195648193,0.4999935030937195,0.5000035762786865,0.49999362230300903,0.5000033378601074
18446744073709551615,990,19.8,0.4192988872528076,0.06712745130062103,0.28845709562301636,0.013147957623004913,0.49999353289604187,0.5000036954879761,0.49999362230300903,0.5000033378601074
18446744073709551615,991,19.82,0.4179566204547882,0.06712694466114044,0.2884560525417328,0.01314766425639391,0.4999934732913971,0.5000037550926208,0.49999359250068665,0.500003457069397
18446744073709551615,992,19.84,0.416614294052124,0.06712646037340164,0.28845468163490295,0.013147369027137756,0.49999338388442993,0.5000038743019104,0.4999935030937195,0.5000036358833313
18446744073709551615,993,19.86,0.4152712821960449,0.06712599843740463,0.2884535491466522,0.013147075660526752,0.499993234872818,0.5000039935112,0.49999335408210754,0.5000038146972656
18446744073709551615,994,19.88,0.41392895579338074,0.06712555140256882,0.2884524464607239,0.013146781362593174,0.49999311566352844,0.5000040531158447,0.499993234872818,0.5000040531158447
18446744073709551615,995,19.900000000000002,0.4125869870185852,0.06712505966424942,0.2884511947631836,0.013146485202014446,0.4999929964542389,0.5000041127204895,0.49999311566352844,0.5000041723251343
18446744073709551615,996,19.92,0.4112437069416046,0.06712451577186584,0.28845149278640747,0.013146191835403442,0.49999290704727173,0.5000041127204895,0.49999305605888367,0.500004231929779
18446744073709551615,997,19.94,0.40990149974823,0.06712405383586884,0.2884517014026642,0.01314589660614729,0.4999929368495941,0.5000041127204895,0.49999305605888367,0.5000042915344238
18446744073709551615,998,19.96,0.4085596203804016,0.06712358444929123,0.28845182061195374,0.01314560230821371,0.4999930262565613,0.5000041127204895,0.49999314546585083,0.5000043511390686
18446744073709551615,999,19.98,0.4072163701057434,0.06712300330400467,0.2884521186351776,0.013145310804247856,0.4999932050704956,0.5000041723251343,0.4999932646751404,0.5000044107437134
18446744073709551615,1000,20.0,0.4058740437030792,0.06712251901626587,0.28845226764678955,0.013145023956894875,0.49999338388442993,0.5000042915344238,0.4999934136867523,0.5000045895576477
